expected_return,volatility,sharpe,skew,kurtosis,jijin_name
-0.21131786878643793,0.4618596188376152,-0.4683628097447786,0.20848690152430338,-0.5847589475028867,富国中证煤炭指数分级
-0.21131786878643793,0.4618596188376152,-0.4683628097447786,0.2843701776796838,-1.1194566370651042,富国中证煤炭指数分级
-0.21131786878643793,0.4618596188376152,-0.4683628097447786,0.24968010554325132,-0.500210930626829,富国中证煤炭指数分级
-0.21131786878643793,0.4618596188376152,-0.4683628097447786,0.29317612935699655,-0.9120990610240707,富国中证煤炭指数分级
-0.21131786878643793,0.4618596188376152,-0.4683628097447786,0.1317347390568402,-0.7734782411159182,富国中证煤炭指数分级
-0.21131786878643793,0.4618596188376152,-0.4683628097447786,0.586409015909524,0.15959119195040206,富国中证煤炭指数分级
-0.21131786878643793,0.4618596188376152,-0.4683628097447786,0.44806046409245476,-0.5751916261533494,富国中证煤炭指数分级
-0.21131786878643793,0.4618596188376152,-0.4683628097447786,-0.057444860181053985,-0.7149669080761001,富国中证煤炭指数分级
-0.21131786878643793,0.4618596188376152,-0.4683628097447786,-0.4774523006774012,-0.587131668003213,富国中证煤炭指数分级
-0.21131786878643793,0.4618596188376152,-0.4683628097447786,-0.4019212546686665,-0.42684582667668414,富国中证煤炭指数分级
0.31976812370502183,0.2422635663159676,1.2992796584794413,1.9225340394873358,3.404980463382576,东方红中证竞争力指数A
0.31976812370502183,0.2422635663159676,1.2992796584794413,0.9192555351701053,0.05154328110348061,东方红中证竞争力指数A
0.31976812370502183,0.2422635663159676,1.2992796584794413,0.5387961290812512,-0.6287712849059264,东方红中证竞争力指数A
0.31976812370502183,0.2422635663159676,1.2992796584794413,0.1808446165528341,-1.0359194213677392,东方红中证竞争力指数A
0.31976812370502183,0.2422635663159676,1.2992796584794413,1.3204111187082643,0.8697400289684292,东方红中证竞争力指数A
0.31976812370502183,0.2422635663159676,1.2992796584794413,2.3848512684301215,6.3138867713469,东方红中证竞争力指数A
0.31976812370502183,0.2422635663159676,1.2992796584794413,-0.0865428371928518,-0.9538942186279171,东方红中证竞争力指数A
0.31976812370502183,0.2422635663159676,1.2992796584794413,0.07437414126439003,-1.3976757222268874,东方红中证竞争力指数A
0.31976812370502183,0.2422635663159676,1.2992796584794413,-0.01522748351979471,-1.1858047154852736,东方红中证竞争力指数A
0.31976812370502183,0.2422635663159676,1.2992796584794413,1.858936164695727,3.695837054599374,东方红中证竞争力指数A
0.38111413285089335,0.23051140182277388,1.6316508852783973,0.46350739529362645,-0.9964401528626752,鹏华沪深300指数增强
0.38111413285089335,0.23051140182277388,1.6316508852783973,1.7672117104268308,3.003263679163381,鹏华沪深300指数增强
0.38111413285089335,0.23051140182277388,1.6316508852783973,1.1218691206813178,-0.1576676081707471,鹏华沪深300指数增强
0.38111413285089335,0.23051140182277388,1.6316508852783973,0.3508615818859611,-1.2737113076573023,鹏华沪深300指数增强
0.38111413285089335,0.23051140182277388,1.6316508852783973,0.7742794100720053,-0.9716653168123699,鹏华沪深300指数增强
0.38111413285089335,0.23051140182277388,1.6316508852783973,0.8721589632335793,-0.7032303626911198,鹏华沪深300指数增强
0.38111413285089335,0.23051140182277388,1.6316508852783973,0.4488259860235793,-1.107252589913077,鹏华沪深300指数增强
0.38111413285089335,0.23051140182277388,1.6316508852783973,-0.18842960092791886,-1.1494995419989882,鹏华沪深300指数增强
0.38111413285089335,0.23051140182277388,1.6316508852783973,0.44639100902640383,-1.046726354004342,鹏华沪深300指数增强
0.38111413285089335,0.23051140182277388,1.6316508852783973,0.27783915650304036,-0.8994329936486154,鹏华沪深300指数增强
0.38111413285089335,0.23051140182277388,1.6316508852783973,0.9387373900410814,-0.09513439111251998,鹏华沪深300指数增强
0.38111413285089335,0.23051140182277388,1.6316508852783973,-0.34786514207240155,-1.1264844296085295,鹏华沪深300指数增强
0.38111413285089335,0.23051140182277388,1.6316508852783973,0.5376064212054558,-0.08763157160332868,鹏华沪深300指数增强
0.38111413285089335,0.23051140182277388,1.6316508852783973,0.7818135909808968,-0.11812740797761023,鹏华沪深300指数增强
0.38111413285089335,0.23051140182277388,1.6316508852783973,0.3608465778731734,-0.5362693620393184,鹏华沪深300指数增强
0.21146282160768454,0.21785672851501223,0.9476999999724931,0.6769536598806574,-0.5182395635589905,中金中证优选300指数(LOF)A
0.21146282160768454,0.21785672851501223,0.9476999999724931,0.31278281936008606,-1.470979824103268,中金中证优选300指数(LOF)A
0.21146282160768454,0.21785672851501223,0.9476999999724931,2.2339305876307995,4.890476806302295,中金中证优选300指数(LOF)A
0.21146282160768454,0.21785672851501223,0.9476999999724931,0.6226025681586271,-1.0098276171494216,中金中证优选300指数(LOF)A
0.21146282160768454,0.21785672851501223,0.9476999999724931,0.9314786911523701,-0.03717468715216343,中金中证优选300指数(LOF)A
0.21146282160768454,0.21785672851501223,0.9476999999724931,0.8069799813513215,-0.6755255668085862,中金中证优选300指数(LOF)A
0.21146282160768454,0.21785672851501223,0.9476999999724931,1.5695621777570512,1.6464195056684003,中金中证优选300指数(LOF)A
0.21146282160768454,0.21785672851501223,0.9476999999724931,0.31334020077734687,-1.3051317995990483,中金中证优选300指数(LOF)A
0.21146282160768454,0.21785672851501223,0.9476999999724931,0.02965320251438946,-1.3881362491552267,中金中证优选300指数(LOF)A
0.21146282160768454,0.21785672851501223,0.9476999999724931,0.3912236233680526,-1.3456023638810768,中金中证优选300指数(LOF)A
0.3385323312866696,0.2481154083551159,1.3442628714509357,0.565686306237681,-0.33358652621485696,博时沪深300指数C
0.3385323312866696,0.2481154083551159,1.3442628714509357,1.6703921543628444,2.381830942776371,博时沪深300指数C
0.3385323312866696,0.2481154083551159,1.3442628714509357,0.6380433198964353,-0.3972680221856808,博时沪深300指数C
0.3385323312866696,0.2481154083551159,1.3442628714509357,0.3051518555917733,-1.0870185390905815,博时沪深300指数C
0.3385323312866696,0.2481154083551159,1.3442628714509357,0.8942227566804439,-0.3371291549101487,博时沪深300指数C
0.3385323312866696,0.2481154083551159,1.3442628714509357,1.0902683047063735,0.3035056299723524,博时沪深300指数C
0.3385323312866696,0.2481154083551159,1.3442628714509357,0.4867830288040603,-0.8317146494766448,博时沪深300指数C
0.3385323312866696,0.2481154083551159,1.3442628714509357,-0.5625706877656537,-0.20103683949761564,博时沪深300指数C
0.3385323312866696,0.2481154083551159,1.3442628714509357,0.2695603540868039,-1.3510109168208109,博时沪深300指数C
0.3385323312866696,0.2481154083551159,1.3442628714509357,2.1153114508798945,4.223152162326635,博时沪深300指数C
0.35546886248684006,0.24879876742951748,1.4086438856097823,0.565686306237681,-0.33358652621485696,前海联合沪深300指数C
0.35546886248684006,0.24879876742951748,1.4086438856097823,0.33534286509250005,-1.3148294147016668,前海联合沪深300指数C
0.35546886248684006,0.24879876742951748,1.4086438856097823,1.6703921543628444,2.381830942776371,前海联合沪深300指数C
0.35546886248684006,0.24879876742951748,1.4086438856097823,2.0477048292328544,3.1951334124670114,前海联合沪深300指数C
0.35546886248684006,0.24879876742951748,1.4086438856097823,0.6380433198964353,-0.3972680221856808,前海联合沪深300指数C
0.35546886248684006,0.24879876742951748,1.4086438856097823,0.3051518555917733,-1.0870185390905815,前海联合沪深300指数C
0.35546886248684006,0.24879876742951748,1.4086438856097823,0.8942227566804439,-0.3371291549101487,前海联合沪深300指数C
0.35546886248684006,0.24879876742951748,1.4086438856097823,1.0902683047063735,0.3035056299723524,前海联合沪深300指数C
0.35546886248684006,0.24879876742951748,1.4086438856097823,-0.5625706877656537,-0.20103683949761564,前海联合沪深300指数C
0.35546886248684006,0.24879876742951748,1.4086438856097823,0.2695603540868039,-1.3510109168208109,前海联合沪深300指数C
0.39042996626691956,0.2851961541433362,1.3514556934495232,0.7459138355630467,-0.04560671939168248,汇添富中证互联网医疗指数(LOF)C
0.39042996626691956,0.2851961541433362,1.3514556934495232,1.0930951506229434,-0.06734644357288389,汇添富中证互联网医疗指数(LOF)C
0.39042996626691956,0.2851961541433362,1.3514556934495232,0.9050048353802163,0.1269914755457493,汇添富中证互联网医疗指数(LOF)C
0.39042996626691956,0.2851961541433362,1.3514556934495232,1.2843365057119582,1.0796786655925397,汇添富中证互联网医疗指数(LOF)C
0.39042996626691956,0.2851961541433362,1.3514556934495232,0.7497955836203666,-0.2844405599698647,汇添富中证互联网医疗指数(LOF)C
0.39042996626691956,0.2851961541433362,1.3514556934495232,0.993426913363244,0.21744670690537093,汇添富中证互联网医疗指数(LOF)C
0.39042996626691956,0.2851961541433362,1.3514556934495232,0.673667905549334,-0.5685236345183777,汇添富中证互联网医疗指数(LOF)C
0.39042996626691956,0.2851961541433362,1.3514556934495232,0.8748353547927338,0.06196276393956035,汇添富中证互联网医疗指数(LOF)C
0.39042996626691956,0.2851961541433362,1.3514556934495232,0.9827597283796778,0.4368791171308253,汇添富中证互联网医疗指数(LOF)C
0.39042996626691956,0.2851961541433362,1.3514556934495232,0.9566189519396017,-0.12592811824445915,汇添富中证互联网医疗指数(LOF)C
0.8401783375326329,0.31283107393623444,2.669742257455123,0.6964020050159944,-0.6703154746291005,华安创业板50指数分级
0.8401783375326329,0.31283107393623444,2.669742257455123,1.000216009442862,0.1957151045477965,华安创业板50指数分级
0.8401783375326329,0.31283107393623444,2.669742257455123,0.9843492835211758,-0.47404387685528304,华安创业板50指数分级
0.8401783375326329,0.31283107393623444,2.669742257455123,1.158284194212421,-0.08532414823464185,华安创业板50指数分级
0.8401783375326329,0.31283107393623444,2.669742257455123,1.7243088366577926,1.9440552317233033,华安创业板50指数分级
0.8401783375326329,0.31283107393623444,2.669742257455123,1.24618445694229,1.1823801356098604,华安创业板50指数分级
0.8401783375326329,0.31283107393623444,2.669742257455123,0.6197578354543506,-0.3318680672258032,华安创业板50指数分级
0.8401783375326329,0.31283107393623444,2.669742257455123,0.609929590231782,-0.7985796029765848,华安创业板50指数分级
0.8401783375326329,0.31283107393623444,2.669742257455123,1.0627824449832977,0.012187524351194856,华安创业板50指数分级
0.8401783375326329,0.31283107393623444,2.669742257455123,0.4738367032652515,-1.069757277292487,华安创业板50指数分级
0.34494455277242286,0.3070561723549513,1.1071086771037228,0.9613437688685846,0.0053450419468741295,富国中证移动互联网指数分级B
0.34494455277242286,0.3070561723549513,1.1071086771037228,0.8744847548303051,-0.15209664692278313,富国中证移动互联网指数分级B
0.34494455277242286,0.3070561723549513,1.1071086771037228,1.985849129600311,5.23629717064269,富国中证移动互联网指数分级B
0.34494455277242286,0.3070561723549513,1.1071086771037228,1.9600378920153603,3.8582448619594034,富国中证移动互联网指数分级B
0.34494455277242286,0.3070561723549513,1.1071086771037228,0.5878782473236613,-1.0492440557232352,富国中证移动互联网指数分级B
0.34494455277242286,0.3070561723549513,1.1071086771037228,2.441339355863123,5.3980751403262435,富国中证移动互联网指数分级B
0.34494455277242286,0.3070561723549513,1.1071086771037228,2.148786825022628,4.811321802987276,富国中证移动互联网指数分级B
0.34494455277242286,0.3070561723549513,1.1071086771037228,1.0242275045792035,0.8742644230531496,富国中证移动互联网指数分级B
0.34494455277242286,0.3070561723549513,1.1071086771037228,1.2957728843611371,1.185331453038195,富国中证移动互联网指数分级B
0.34494455277242286,0.3070561723549513,1.1071086771037228,2.5215489239437074,6.5534335046609105,富国中证移动互联网指数分级B
-0.21131786878643793,0.4618596188376152,-0.4683628097447786,0.20848690152430338,-0.5847589475028867,富国中证煤炭指数分级A
-0.21131786878643793,0.4618596188376152,-0.4683628097447786,0.2843701776796838,-1.1194566370651042,富国中证煤炭指数分级A
-0.21131786878643793,0.4618596188376152,-0.4683628097447786,0.24968010554325132,-0.500210930626829,富国中证煤炭指数分级A
-0.21131786878643793,0.4618596188376152,-0.4683628097447786,0.29317612935699655,-0.9120990610240707,富国中证煤炭指数分级A
-0.21131786878643793,0.4618596188376152,-0.4683628097447786,0.1317347390568402,-0.7734782411159182,富国中证煤炭指数分级A
-0.21131786878643793,0.4618596188376152,-0.4683628097447786,0.586409015909524,0.15959119195040206,富国中证煤炭指数分级A
-0.21131786878643793,0.4618596188376152,-0.4683628097447786,0.44806046409245476,-0.5751916261533494,富国中证煤炭指数分级A
-0.21131786878643793,0.4618596188376152,-0.4683628097447786,-0.057444860181053985,-0.7149669080761001,富国中证煤炭指数分级A
-0.21131786878643793,0.4618596188376152,-0.4683628097447786,-0.4774523006774012,-0.587131668003213,富国中证煤炭指数分级A
-0.21131786878643793,0.4618596188376152,-0.4683628097447786,-0.4019212546686665,-0.42684582667668414,富国中证煤炭指数分级A
0.3044808336991699,0.25251448050223485,1.185994692674741,0.6745478754825696,-0.39827700977484115,海富通中证500指数增强A
0.3044808336991699,0.25251448050223485,1.185994692674741,0.843203691798274,0.4688841444039267,海富通中证500指数增强A
0.3044808336991699,0.25251448050223485,1.185994692674741,1.1512181611411914,0.8643597180721052,海富通中证500指数增强A
0.3044808336991699,0.25251448050223485,1.185994692674741,0.24118563655205438,-1.4268380840780115,海富通中证500指数增强A
0.3044808336991699,0.25251448050223485,1.185994692674741,1.1775982291133154,0.40553548261275596,海富通中证500指数增强A
0.3044808336991699,0.25251448050223485,1.185994692674741,1.354606347164929,1.5030256200746765,海富通中证500指数增强A
0.3044808336991699,0.25251448050223485,1.185994692674741,1.1995485967442245,0.640998483848283,海富通中证500指数增强A
0.3044808336991699,0.25251448050223485,1.185994692674741,1.5388732288997249,1.585784317765659,海富通中证500指数增强A
0.3044808336991699,0.25251448050223485,1.185994692674741,1.1522859782027646,1.3149158933140046,海富通中证500指数增强A
0.3044808336991699,0.25251448050223485,1.185994692674741,1.14719908408897,0.599546754157827,海富通中证500指数增强A
0.26308325431860097,0.21762121157964864,1.1859287633096527,0.20496859849723703,-0.8087650744471526,天弘沪深300指数增强C
0.26308325431860097,0.21762121157964864,1.1859287633096527,0.3052654605530481,-0.48833219044245446,天弘沪深300指数增强C
0.26308325431860097,0.21762121157964864,1.1859287633096527,0.714445571379493,-0.5661415541012822,天弘沪深300指数增强C
0.26308325431860097,0.21762121157964864,1.1859287633096527,0.6233907139149211,-0.3632908568583244,天弘沪深300指数增强C
0.26308325431860097,0.21762121157964864,1.1859287633096527,1.3337315659447098,1.090328833595184,天弘沪深300指数增强C
0.26308325431860097,0.21762121157964864,1.1859287633096527,0.53142157889954,-1.1112560288851292,天弘沪深300指数增强C
0.26308325431860097,0.21762121157964864,1.1859287633096527,0.6961212324147875,-0.6192537374761695,天弘沪深300指数增强C
0.26308325431860097,0.21762121157964864,1.1859287633096527,0.8082384788899057,-0.5098371240471771,天弘沪深300指数增强C
0.26308325431860097,0.21762121157964864,1.1859287633096527,0.451411566421476,-0.7094812705677596,天弘沪深300指数增强C
0.26308325431860097,0.21762121157964864,1.1859287633096527,0.42357259198964287,-1.161249968360835,天弘沪深300指数增强C
0.26308325431860097,0.21762121157964864,1.1859287633096527,0.8359128411702598,0.46267791717621387,天弘沪深300指数增强C
0.26308325431860097,0.21762121157964864,1.1859287633096527,0.5260650027398297,-0.17156574491297683,天弘沪深300指数增强C
0.26308325431860097,0.21762121157964864,1.1859287633096527,-0.04668476886164073,-1.2428540942829656,天弘沪深300指数增强C
0.26308325431860097,0.21762121157964864,1.1859287633096527,-0.08025937408363773,-0.3957899714680062,天弘沪深300指数增强C
0.26308325431860097,0.21762121157964864,1.1859287633096527,1.021954385165313,-0.07666326595215045,天弘沪深300指数增强C
0.03695385160081818,0.3605402001868124,0.08862770804548684,1.970089769187363,5.815019268970398,富国中证全指证券公司指数分级B
0.03695385160081818,0.3605402001868124,0.08862770804548684,0.09882942702650334,-0.8032291044492665,富国中证全指证券公司指数分级B
0.03695385160081818,0.3605402001868124,0.08862770804548684,1.7780212204500738,2.589869354482391,富国中证全指证券公司指数分级B
0.03695385160081818,0.3605402001868124,0.08862770804548684,1.080683489657073,0.3718483016648566,富国中证全指证券公司指数分级B
0.03695385160081818,0.3605402001868124,0.08862770804548684,-0.6269479767733205,0.40369444882091754,富国中证全指证券公司指数分级B
0.03695385160081818,0.3605402001868124,0.08862770804548684,0.9553804241000178,0.793289825832141,富国中证全指证券公司指数分级B
0.03695385160081818,0.3605402001868124,0.08862770804548684,1.451048490725191,2.0567083881499437,富国中证全指证券公司指数分级B
0.03695385160081818,0.3605402001868124,0.08862770804548684,1.518602073656966,5.096085510671206,富国中证全指证券公司指数分级B
0.03695385160081818,0.3605402001868124,0.08862770804548684,0.3578419930868855,0.9374214615310623,富国中证全指证券公司指数分级B
0.03695385160081818,0.3605402001868124,0.08862770804548684,0.00034501223523894254,-0.2387315240143204,富国中证全指证券公司指数分级B
-0.9789226285514356,0.13839697047437924,-7.10942317002224,-0.622528462355799,-0.24181250862059533,信诚中证基建工程指数(LOF)
-0.9789226285514356,0.13839697047437924,-7.10942317002224,0.10200727841029188,-1.3274201364224756,信诚中证基建工程指数(LOF)
-0.9789226285514356,0.13839697047437924,-7.10942317002224,0.27194085097612486,-1.388311717603329,信诚中证基建工程指数(LOF)
-0.9789226285514356,0.13839697047437924,-7.10942317002224,0.6390405448294008,-0.979634595946155,信诚中证基建工程指数(LOF)
-0.9789226285514356,0.13839697047437924,-7.10942317002224,0.5270471159807438,-0.6084756103123974,信诚中证基建工程指数(LOF)
-0.9789226285514356,0.13839697047437924,-7.10942317002224,0.7821305126461767,-0.15286752202062148,信诚中证基建工程指数(LOF)
-0.9789226285514356,0.13839697047437924,-7.10942317002224,0.23498726577154594,-1.051520909624113,信诚中证基建工程指数(LOF)
-0.9789226285514356,0.13839697047437924,-7.10942317002224,1.205316030025739,0.7693717892710299,信诚中证基建工程指数(LOF)
-0.9789226285514356,0.13839697047437924,-7.10942317002224,0.8307130353134415,-0.25462925606785936,信诚中证基建工程指数(LOF)
-0.9789226285514356,0.13839697047437924,-7.10942317002224,0.47681258220832884,-0.5754781182983102,信诚中证基建工程指数(LOF)
0.2472697508615232,0.27333940957907216,0.8863330437224748,0.7043723774317666,-0.3679507486515159,富荣中证500指数增强C
0.2472697508615232,0.27333940957907216,0.8863330437224748,0.72199358618356,0.16947965825522848,富荣中证500指数增强C
0.2472697508615232,0.27333940957907216,0.8863330437224748,2.1623317276302036,3.6471116638249597,富荣中证500指数增强C
0.2472697508615232,0.27333940957907216,0.8863330437224748,1.693917310696242,2.2178967210870604,富荣中证500指数增强C
0.2472697508615232,0.27333940957907216,0.8863330437224748,-0.03500244954605234,-0.6263545587510788,富荣中证500指数增强C
0.2472697508615232,0.27333940957907216,0.8863330437224748,2.0010846120229915,3.6383617533421124,富荣中证500指数增强C
0.2472697508615232,0.27333940957907216,0.8863330437224748,2.631328646051353,8.522549078096551,富荣中证500指数增强C
0.2472697508615232,0.27333940957907216,0.8863330437224748,0.14886391101396368,-0.9715958831917177,富荣中证500指数增强C
0.2472697508615232,0.27333940957907216,0.8863330437224748,0.5614556513765215,-0.7496480576902411,富荣中证500指数增强C
0.2472697508615232,0.27333940957907216,0.8863330437224748,1.4757533019363966,1.0650427161178517,富荣中证500指数增强C
0.2472697508615232,0.27333940957907216,0.8863330437224748,1.587749958992967,2.2931775941732435,富荣中证500指数增强C
0.2472697508615232,0.27333940957907216,0.8863330437224748,2.1363285465092883,4.9180122673241105,富荣中证500指数增强C
0.2472697508615232,0.27333940957907216,0.8863330437224748,0.695265193336872,0.06231792174201711,富荣中证500指数增强C
0.22060719646508464,0.19114939994469773,1.127951207419238,2.441339355863123,5.3980751403262435,中金MSCI低波动指数C
0.22060719646508464,0.19114939994469773,1.127951207419238,-0.5930046678925845,-0.876601669481639,中金MSCI低波动指数C
0.22060719646508464,0.19114939994469773,1.127951207419238,1.2678290797698535,0.5168252909928737,中金MSCI低波动指数C
0.22060719646508464,0.19114939994469773,1.127951207419238,1.534223387106282,1.5238142983356822,中金MSCI低波动指数C
0.22060719646508464,0.19114939994469773,1.127951207419238,0.3027787133609332,-0.6943642273765502,中金MSCI低波动指数C
0.22060719646508464,0.19114939994469773,1.127951207419238,0.7630731194066189,0.09981292645462281,中金MSCI低波动指数C
0.22060719646508464,0.19114939994469773,1.127951207419238,0.6341261480331907,-0.683437708475064,中金MSCI低波动指数C
0.22060719646508464,0.19114939994469773,1.127951207419238,0.26181455159985806,-1.3209646721545,中金MSCI低波动指数C
0.22060719646508464,0.19114939994469773,1.127951207419238,-0.008545827958676682,-1.4005846328831022,中金MSCI低波动指数C
0.22060719646508464,0.19114939994469773,1.127951207419238,0.30077625369752886,-1.404257594423286,中金MSCI低波动指数C
0.2711749715268171,0.2137508358067304,1.2452581554697995,-0.22891411756306956,-1.0155430459508852,华安中国A股增强指数
0.2711749715268171,0.2137508358067304,1.2452581554697995,0.3271272181946227,-0.7089118117578947,华安中国A股增强指数
0.2711749715268171,0.2137508358067304,1.2452581554697995,1.446442307482771,1.0513468746976216,华安中国A股增强指数
0.2711749715268171,0.2137508358067304,1.2452581554697995,1.82341479396725,2.4579399214983635,华安中国A股增强指数
0.2711749715268171,0.2137508358067304,1.2452581554697995,-0.07414608736148719,-0.9076097083714623,华安中国A股增强指数
0.2711749715268171,0.2137508358067304,1.2452581554697995,0.006035178311343523,-0.9208369111751491,华安中国A股增强指数
0.2711749715268171,0.2137508358067304,1.2452581554697995,0.5380448301884144,-0.8258648675394067,华安中国A股增强指数
0.2711749715268171,0.2137508358067304,1.2452581554697995,0.35567049401097783,-0.4848459179752309,华安中国A股增强指数
0.2711749715268171,0.2137508358067304,1.2452581554697995,0.8154462522052717,-0.23112288978727724,华安中国A股增强指数
0.2711749715268171,0.2137508358067304,1.2452581554697995,0.14812783185945474,-0.6093155547773663,华安中国A股增强指数
0.2711749715268171,0.2137508358067304,1.2452581554697995,-0.2570915587471228,-1.252538999462344,华安中国A股增强指数
0.2711749715268171,0.2137508358067304,1.2452581554697995,0.2188301625246093,-0.2919323689111364,华安中国A股增强指数
0.2711749715268171,0.2137508358067304,1.2452581554697995,-0.04439752719017557,-1.0562461231036913,华安中国A股增强指数
0.2711749715268171,0.2137508358067304,1.2452581554697995,1.734388420263868,1.8589226340368024,华安中国A股增强指数
0.2711749715268171,0.2137508358067304,1.2452581554697995,-0.09988848430308898,-1.0209302771740483,华安中国A股增强指数
0.4412641341403563,0.28004981492422854,1.5578090428604416,1.7994999136286036,3.900180808544642,前海开源MSCI中国A股消费指数C
0.4412641341403563,0.28004981492422854,1.5578090428604416,0.26620373161007793,-1.335101192035463,前海开源MSCI中国A股消费指数C
0.4412641341403563,0.28004981492422854,1.5578090428604416,1.6228845933646088,2.193187190220835,前海开源MSCI中国A股消费指数C
0.4412641341403563,0.28004981492422854,1.5578090428604416,0.6951177827927463,0.7322103455898699,前海开源MSCI中国A股消费指数C
0.4412641341403563,0.28004981492422854,1.5578090428604416,3.9115315088780447,16.878441009082255,前海开源MSCI中国A股消费指数C
0.4412641341403563,0.28004981492422854,1.5578090428604416,1.4475677557268425,0.8025571250847099,前海开源MSCI中国A股消费指数C
0.4412641341403563,0.28004981492422854,1.5578090428604416,1.0459347561843897,0.20380557229100704,前海开源MSCI中国A股消费指数C
0.4412641341403563,0.28004981492422854,1.5578090428604416,0.41951971600827376,-0.8517806788394506,前海开源MSCI中国A股消费指数C
0.4412641341403563,0.28004981492422854,1.5578090428604416,2.056291221682679,3.921499276517054,前海开源MSCI中国A股消费指数C
0.4412641341403563,0.28004981492422854,1.5578090428604416,1.5463070746064789,1.90841710663442,前海开源MSCI中国A股消费指数C
0.2984340237792791,0.24723859296339684,1.1868455497266213,1.0261006858932447,-0.21781449511438344,嘉实中证500指数增强A
0.2984340237792791,0.24723859296339684,1.1868455497266213,0.974704567870104,-0.41590829574765475,嘉实中证500指数增强A
0.2984340237792791,0.24723859296339684,1.1868455497266213,1.365164607134246,1.081132962061068,嘉实中证500指数增强A
0.2984340237792791,0.24723859296339684,1.1868455497266213,1.3237177048477293,0.2385468123896337,嘉实中证500指数增强A
0.2984340237792791,0.24723859296339684,1.1868455497266213,1.6534527118571452,1.9970930542896066,嘉实中证500指数增强A
0.2984340237792791,0.24723859296339684,1.1868455497266213,1.323539219868965,1.0988420956635117,嘉实中证500指数增强A
0.2984340237792791,0.24723859296339684,1.1868455497266213,1.3054518235809307,1.2673818826856267,嘉实中证500指数增强A
0.2984340237792791,0.24723859296339684,1.1868455497266213,0.451411566421476,-0.7094812705677596,嘉实中证500指数增强A
0.2984340237792791,0.24723859296339684,1.1868455497266213,0.6827531747587198,-0.37472141949200344,嘉实中证500指数增强A
0.2984340237792791,0.24723859296339684,1.1868455497266213,0.9043944822324306,-0.49927193603975484,嘉实中证500指数增强A
0.2984340237792791,0.24723859296339684,1.1868455497266213,0.29624921021481826,-0.3060382274543403,嘉实中证500指数增强A
0.2984340237792791,0.24723859296339684,1.1868455497266213,0.8369932383276432,1.290653297923757,嘉实中证500指数增强A
0.2984340237792791,0.24723859296339684,1.1868455497266213,-0.08025937408363773,-0.3957899714680062,嘉实中证500指数增强A
0.2984340237792791,0.24723859296339684,1.1868455497266213,0.6736177055600016,-1.2005824058308134,嘉实中证500指数增强A
0.2984340237792791,0.24723859296339684,1.1868455497266213,1.021954385165313,-0.07666326595215045,嘉实中证500指数增强A
0.65005159050962,0.17398499749035357,3.707512715545398,-0.39738518189105154,-0.8918649655994662,广发中证1000指数C
0.65005159050962,0.17398499749035357,3.707512715545398,-0.2959952920249803,-1.1132602865806533,广发中证1000指数C
0.65005159050962,0.17398499749035357,3.707512715545398,1.6001942516713537,3.4403672771331553,广发中证1000指数C
0.65005159050962,0.17398499749035357,3.707512715545398,-0.5137722139065901,-0.8107236145287575,广发中证1000指数C
0.65005159050962,0.17398499749035357,3.707512715545398,0.6193751360604327,-0.07018590132204938,广发中证1000指数C
0.65005159050962,0.17398499749035357,3.707512715545398,0.7243101454057744,2.687144618995544,广发中证1000指数C
0.65005159050962,0.17398499749035357,3.707512715545398,1.2321580453278707,2.6442857263380586,广发中证1000指数C
0.65005159050962,0.17398499749035357,3.707512715545398,-0.5839382919398819,-0.8709436295587283,广发中证1000指数C
0.65005159050962,0.17398499749035357,3.707512715545398,0.6500141915118985,1.2592269579552782,广发中证1000指数C
0.65005159050962,0.17398499749035357,3.707512715545398,-0.7047644313218765,-0.5046672930561611,广发中证1000指数C
0.44778850333424647,0.37152869608977307,1.1918016239242386,3.753495905822659,15.365298392644165,交银国证新能源指数分级
0.44778850333424647,0.37152869608977307,1.1918016239242386,2.1282686125048453,7.245338629379434,交银国证新能源指数分级
0.44778850333424647,0.37152869608977307,1.1918016239242386,0.613231200374082,1.3719323122297014,交银国证新能源指数分级
0.44778850333424647,0.37152869608977307,1.1918016239242386,2.817779410626076,9.088648754179792,交银国证新能源指数分级
0.44778850333424647,0.37152869608977307,1.1918016239242386,1.6350676700344027,2.657286850258187,交银国证新能源指数分级
0.44778850333424647,0.37152869608977307,1.1918016239242386,3.8324332399347045,18.77480450140304,交银国证新能源指数分级
0.44778850333424647,0.37152869608977307,1.1918016239242386,1.1346198006494224,1.3536752964407337,交银国证新能源指数分级
0.44778850333424647,0.37152869608977307,1.1918016239242386,1.9613484250871678,4.040035988254147,交银国证新能源指数分级
0.44778850333424647,0.37152869608977307,1.1918016239242386,2.1970632541137203,4.887351021127362,交银国证新能源指数分级
0.44778850333424647,0.37152869608977307,1.1918016239242386,2.501844449861031,5.8341436357016185,交银国证新能源指数分级
0.26098430958059116,0.21303421097673217,1.2016112736397537,0.5254299016842501,-1.0021290401838558,富国上证指数ETF联接
0.26098430958059116,0.21303421097673217,1.2016112736397537,1.0732674094038517,0.03633548625857008,富国上证指数ETF联接
0.26098430958059116,0.21303421097673217,1.2016112736397537,1.3204111187082643,0.8697400289684292,富国上证指数ETF联接
0.26098430958059116,0.21303421097673217,1.2016112736397537,2.3848512684301215,6.3138867713469,富国上证指数ETF联接
0.26098430958059116,0.21303421097673217,1.2016112736397537,-0.23921319851811693,-1.402639120866345,富国上证指数ETF联接
0.26098430958059116,0.21303421097673217,1.2016112736397537,0.5063886329146189,-1.2146813412052464,富国上证指数ETF联接
0.26098430958059116,0.21303421097673217,1.2016112736397537,0.6250933497573312,0.22369168450801302,富国上证指数ETF联接
0.26098430958059116,0.21303421097673217,1.2016112736397537,0.7634699073870731,2.482930418334985,富国上证指数ETF联接
0.26098430958059116,0.21303421097673217,1.2016112736397537,2.3145954133944167,5.328630307672268,富国上证指数ETF联接
0.26098430958059116,0.21303421097673217,1.2016112736397537,-0.41857923061423175,-1.297410157853308,富国上证指数ETF联接
0.35819966627895156,0.24962972747258486,1.4148942509971738,-0.3567366450957679,-1.118071313422052,海富通沪深300指数增强C
0.35819966627895156,0.24962972747258486,1.4148942509971738,0.565686306237681,-0.33358652621485696,海富通沪深300指数增强C
0.35819966627895156,0.24962972747258486,1.4148942509971738,1.6703921543628444,2.381830942776371,海富通沪深300指数增强C
0.35819966627895156,0.24962972747258486,1.4148942509971738,2.0477048292328544,3.1951334124670114,海富通沪深300指数增强C
0.35819966627895156,0.24962972747258486,1.4148942509971738,0.6380433198964353,-0.3972680221856808,海富通沪深300指数增强C
0.35819966627895156,0.24962972747258486,1.4148942509971738,0.3051518555917733,-1.0870185390905815,海富通沪深300指数增强C
0.35819966627895156,0.24962972747258486,1.4148942509971738,0.8942227566804439,-0.3371291549101487,海富通沪深300指数增强C
0.35819966627895156,0.24962972747258486,1.4148942509971738,1.0902683047063735,0.3035056299723524,海富通沪深300指数增强C
0.35819966627895156,0.24962972747258486,1.4148942509971738,0.4867830288040603,-0.8317146494766448,海富通沪深300指数增强C
0.35819966627895156,0.24962972747258486,1.4148942509971738,0.2695603540868039,-1.3510109168208109,海富通沪深300指数增强C
0.2927658781218759,0.25102292921633873,1.1463728792435173,-0.6439348638976673,-0.6100444987155389,招商中证大宗商品股票指数(LOF)
0.2927658781218759,0.25102292921633873,1.1463728792435173,-0.6152352133692378,-0.3491995693794818,招商中证大宗商品股票指数(LOF)
0.2927658781218759,0.25102292921633873,1.1463728792435173,-1.234940258217346,1.6507686859375164,招商中证大宗商品股票指数(LOF)
0.2927658781218759,0.25102292921633873,1.1463728792435173,0.1417668692346697,-0.9619813181978802,招商中证大宗商品股票指数(LOF)
0.2927658781218759,0.25102292921633873,1.1463728792435173,0.5944750254351796,-0.0895765338890766,招商中证大宗商品股票指数(LOF)
0.2927658781218759,0.25102292921633873,1.1463728792435173,0.5487718111265768,-0.8150849574782515,招商中证大宗商品股票指数(LOF)
0.2927658781218759,0.25102292921633873,1.1463728792435173,1.1000251766995486,0.38571592749905204,招商中证大宗商品股票指数(LOF)
0.2927658781218759,0.25102292921633873,1.1463728792435173,-0.15617746299840324,-0.9888571124716026,招商中证大宗商品股票指数(LOF)
0.2927658781218759,0.25102292921633873,1.1463728792435173,0.037568511226090354,-0.2859050101103233,招商中证大宗商品股票指数(LOF)
0.2927658781218759,0.25102292921633873,1.1463728792435173,0.11934854930644875,-1.044357780718212,招商中证大宗商品股票指数(LOF)
0.6592446498458264,0.2750448774646765,2.3786832748043087,0.5485592946185113,-0.8034175453898502,富国中证医药主题指数增强(LOF)
0.6592446498458264,0.2750448774646765,2.3786832748043087,0.157644086789433,-1.062161742418914,富国中证医药主题指数增强(LOF)
0.6592446498458264,0.2750448774646765,2.3786832748043087,0.4818792268597397,-1.1063758980794935,富国中证医药主题指数增强(LOF)
0.6592446498458264,0.2750448774646765,2.3786832748043087,1.24618445694229,1.1823801356098604,富国中证医药主题指数增强(LOF)
0.6592446498458264,0.2750448774646765,2.3786832748043087,0.517438992491723,-1.2907400895241141,富国中证医药主题指数增强(LOF)
0.6592446498458264,0.2750448774646765,2.3786832748043087,0.9240015710202943,-0.5991259708273837,富国中证医药主题指数增强(LOF)
0.6592446498458264,0.2750448774646765,2.3786832748043087,0.4738367032652515,-1.069757277292487,富国中证医药主题指数增强(LOF)
0.6592446498458264,0.2750448774646765,2.3786832748043087,-0.003752606018743101,-1.1248015913766254,富国中证医药主题指数增强(LOF)
0.6592446498458264,0.2750448774646765,2.3786832748043087,0.6307777026581128,-0.6058779076978027,富国中证医药主题指数增强(LOF)
0.6592446498458264,0.2750448774646765,2.3786832748043087,0.6330305752048463,-0.8302770543359403,富国中证医药主题指数增强(LOF)
0.6592446498458264,0.2750448774646765,2.3786832748043087,0.6038830329439303,-0.8897526916369851,富国中证医药主题指数增强(LOF)
0.279303106697358,0.35136733873140585,0.7806733195171628,0.7354131996483492,0.006107029861045277,信诚中证800有色指数分级B
0.279303106697358,0.35136733873140585,0.7806733195171628,0.8700226253631816,0.5632921467188048,信诚中证800有色指数分级B
0.279303106697358,0.35136733873140585,0.7806733195171628,0.5217665666165021,-0.17559522277425543,信诚中证800有色指数分级B
0.279303106697358,0.35136733873140585,0.7806733195171628,1.5918810700255044,3.6227933657766185,信诚中证800有色指数分级B
0.279303106697358,0.35136733873140585,0.7806733195171628,0.7451883499624492,0.30017571024437384,信诚中证800有色指数分级B
0.279303106697358,0.35136733873140585,0.7806733195171628,0.44871371006017396,-0.6947684756414088,信诚中证800有色指数分级B
0.279303106697358,0.35136733873140585,0.7806733195171628,1.4195487440680545,1.2563215792543634,信诚中证800有色指数分级B
0.279303106697358,0.35136733873140585,0.7806733195171628,2.6104678226317404,7.2319449021085935,信诚中证800有色指数分级B
0.279303106697358,0.35136733873140585,0.7806733195171628,0.5593343683212637,-0.4550961224810539,信诚中证800有色指数分级B
0.279303106697358,0.35136733873140585,0.7806733195171628,1.4351530353500996,1.2548653311496096,信诚中证800有色指数分级B
0.22596650042602578,0.2254227732983739,0.9802314876747181,1.3610089760060287,2.047305166010745,新华沪深300指数增强C
0.22596650042602578,0.2254227732983739,0.9802314876747181,1.817442617801975,3.145990448022307,新华沪深300指数增强C
0.22596650042602578,0.2254227732983739,0.9802314876747181,0.6845569878693243,-0.18676313258877064,新华沪深300指数增强C
0.22596650042602578,0.2254227732983739,0.9802314876747181,0.26782156384176603,-1.094274367112995,新华沪深300指数增强C
0.22596650042602578,0.2254227732983739,0.9802314876747181,1.9164930829965965,4.824523903529004,新华沪深300指数增强C
0.22596650042602578,0.2254227732983739,0.9802314876747181,1.188943092020805,1.0275620666457868,新华沪深300指数增强C
0.22596650042602578,0.2254227732983739,0.9802314876747181,1.952321097387486,2.5931569378610093,新华沪深300指数增强C
0.22596650042602578,0.2254227732983739,0.9802314876747181,-0.029762032613964613,-0.2066649049980147,新华沪深300指数增强C
0.22596650042602578,0.2254227732983739,0.9802314876747181,0.38758782079438325,-0.7214644568017494,新华沪深300指数增强C
0.22596650042602578,0.2254227732983739,0.9802314876747181,0.8122951897167194,-0.46290064741907555,新华沪深300指数增强C
0.22596650042602578,0.2254227732983739,0.9802314876747181,0.6022554748935163,0.33027158949282054,新华沪深300指数增强C
0.22596650042602578,0.2254227732983739,0.9802314876747181,-0.0805206267539387,-1.1785024655436105,新华沪深300指数增强C
0.22596650042602578,0.2254227732983739,0.9802314876747181,0.302482445685263,-0.35399292287963746,新华沪深300指数增强C
0.22596650042602578,0.2254227732983739,0.9802314876747181,-0.09390116684713809,-0.3576063538290355,新华沪深300指数增强C
0.22596650042602578,0.2254227732983739,0.9802314876747181,0.4990066938132937,-0.401327789754645,新华沪深300指数增强C
0.1474162366422659,0.27252312868481016,0.5225840365533858,0.7038783160792105,-0.4760790459240636,信诚中证800金融指数分级A
0.1474162366422659,0.27252312868481016,0.5225840365533858,1.0809408921344528,0.9661461235802071,信诚中证800金融指数分级A
0.1474162366422659,0.27252312868481016,0.5225840365533858,0.9520899104631347,0.020898509258619136,信诚中证800金融指数分级A
0.1474162366422659,0.27252312868481016,0.5225840365533858,0.8352965563905819,-0.6294248907713005,信诚中证800金融指数分级A
0.1474162366422659,0.27252312868481016,0.5225840365533858,1.1464687782520235,1.9052109142845577,信诚中证800金融指数分级A
0.1474162366422659,0.27252312868481016,0.5225840365533858,0.06341003246750973,-1.3919471756470976,信诚中证800金融指数分级A
0.1474162366422659,0.27252312868481016,0.5225840365533858,0.8189944234430712,-0.8167718726780984,信诚中证800金融指数分级A
0.1474162366422659,0.27252312868481016,0.5225840365533858,-0.058381092008390964,-1.3600987118672045,信诚中证800金融指数分级A
0.1474162366422659,0.27252312868481016,0.5225840365533858,0.42103986286273504,-1.325894121207234,信诚中证800金融指数分级A
0.1474162366422659,0.27252312868481016,0.5225840365533858,0.11781074774494935,-0.9147008817678826,信诚中证800金融指数分级A
-1.4177360049935734,0.13800083117088896,-10.309619101002177,1.112849673469069,0.1648891681386253,招商沪深300地产等权重指数分级A
-1.4177360049935734,0.13800083117088896,-10.309619101002177,0.9159181689710534,-0.16644375885211993,招商沪深300地产等权重指数分级A
-1.4177360049935734,0.13800083117088896,-10.309619101002177,0.27185181525057595,-0.4415366979393731,招商沪深300地产等权重指数分级A
-1.4177360049935734,0.13800083117088896,-10.309619101002177,0.3997168310674053,-0.19278123480261833,招商沪深300地产等权重指数分级A
-1.4177360049935734,0.13800083117088896,-10.309619101002177,0.25588973425035577,-0.8307290185376575,招商沪深300地产等权重指数分级A
-1.4177360049935734,0.13800083117088896,-10.309619101002177,0.8822428617624773,-0.24084783516872843,招商沪深300地产等权重指数分级A
-1.4177360049935734,0.13800083117088896,-10.309619101002177,0.5736850684850615,0.11392812289814147,招商沪深300地产等权重指数分级A
-1.4177360049935734,0.13800083117088896,-10.309619101002177,0.6894727019616739,-0.40625990446432336,招商沪深300地产等权重指数分级A
-1.4177360049935734,0.13800083117088896,-10.309619101002177,-0.1524038817010251,-0.7176056989158655,招商沪深300地产等权重指数分级A
-1.4177360049935734,0.13800083117088896,-10.309619101002177,-0.186078579958404,-0.6419837043126302,招商沪深300地产等权重指数分级A
0.38124866236805693,0.23210067320460614,1.6210580399151988,-0.11373217344721143,0.1484124126018984,建信MSCI中国A股指数增强A
0.38124866236805693,0.23210067320460614,1.6210580399151988,0.6610726585449505,-0.362569744337232,建信MSCI中国A股指数增强A
0.38124866236805693,0.23210067320460614,1.6210580399151988,0.6561028033008829,-0.37901920421292434,建信MSCI中国A股指数增强A
0.38124866236805693,0.23210067320460614,1.6210580399151988,0.4986240004107445,-1.14819839187534,建信MSCI中国A股指数增强A
0.38124866236805693,0.23210067320460614,1.6210580399151988,0.16746432024040134,-0.7685103444287056,建信MSCI中国A股指数增强A
0.38124866236805693,0.23210067320460614,1.6210580399151988,0.4404857133196342,-0.4314200057293385,建信MSCI中国A股指数增强A
0.38124866236805693,0.23210067320460614,1.6210580399151988,0.4738367032652515,-1.069757277292487,建信MSCI中国A股指数增强A
0.38124866236805693,0.23210067320460614,1.6210580399151988,0.12885761818165495,-1.0263509449074002,建信MSCI中国A股指数增强A
0.38124866236805693,0.23210067320460614,1.6210580399151988,0.28717470804955686,-0.5166710093116325,建信MSCI中国A股指数增强A
0.38124866236805693,0.23210067320460614,1.6210580399151988,0.18618370739838017,0.3166472443744599,建信MSCI中国A股指数增强A
0.38124866236805693,0.23210067320460614,1.6210580399151988,-0.013368778372999128,-0.32582019878767143,建信MSCI中国A股指数增强A
0.38124866236805693,0.23210067320460614,1.6210580399151988,0.283342853041261,-0.916356886304631,建信MSCI中国A股指数增强A
0.38124866236805693,0.23210067320460614,1.6210580399151988,0.30973923165919715,-0.30376201559219096,建信MSCI中国A股指数增强A
0.38124866236805693,0.23210067320460614,1.6210580399151988,-0.6652942737517665,-0.475259212356419,建信MSCI中国A股指数增强A
0.38124866236805693,0.23210067320460614,1.6210580399151988,0.1488713026699256,-0.24824285612662456,建信MSCI中国A股指数增强A
