sh_index_return,dt
0.0,1998-02-03
0.0,1998-02-04
0.0,1998-02-05
0.0,1998-02-06
0.035,1998-02-09
-0.009,1998-02-10
0.011,1998-02-11
-0.003,1998-02-12
-0.0,1998-02-13
-0.008,1998-02-16
0.002,1998-02-17
-0.007,1998-02-18
0.002,1998-02-19
-0.005,1998-02-20
-0.014,1998-02-23
-0.0,1998-02-24
-0.011,1998-02-25
0.01,1998-02-26
-0.0,1998-02-27
-0.015,1998-03-02
0.011,1998-03-03
0.009,1998-03-04
-0.005,1998-03-05
-0.001,1998-03-06
-0.005,1998-03-09
-0.001,1998-03-10
-0.008,1998-03-11
-0.009,1998-03-12
0.005,1998-03-13
0.003,1998-03-16
0.012,1998-03-17
-0.007,1998-03-18
-0.004,1998-03-19
-0.001,1998-03-20
-0.006,1998-03-23
0.012,1998-03-24
-0.002,1998-03-25
-0.002,1998-03-26
0.028,1998-03-27
0.021,1998-03-30
-0.005,1998-03-31
0.01,1998-04-01
0.011,1998-04-02
0.013,1998-04-03
0.016,1998-04-06
-0.002,1998-04-07
0.015,1998-04-08
-0.02,1998-04-09
0.011,1998-04-10
0.005,1998-04-13
-0.004,1998-04-14
0.008,1998-04-15
-0.006,1998-04-16
-0.014,1998-04-17
-0.002,1998-04-20
0.007,1998-04-21
0.013,1998-04-22
0.002,1998-04-23
-0.007,1998-04-24
-0.004,1998-04-27
0.017,1998-04-28
-0.0,1998-04-29
0.008,1998-04-30
0.0,1998-05-01
0.007,1998-05-04
-0.0,1998-05-05
-0.003,1998-05-06
-0.015,1998-05-07
0.022,1998-05-08
-0.002,1998-05-11
-0.004,1998-05-12
0.014,1998-05-13
-0.002,1998-05-14
0.001,1998-05-15
0.0,1998-05-18
-0.004,1998-05-19
-0.004,1998-05-20
0.007,1998-05-21
0.007,1998-05-22
0.01,1998-05-25
0.001,1998-05-26
0.007,1998-05-27
-0.001,1998-05-28
0.009,1998-05-29
0.003,1998-06-01
-0.002,1998-06-02
0.005,1998-06-03
-0.01,1998-06-04
0.002,1998-06-05
-0.003,1998-06-08
-0.025,1998-06-09
-0.001,1998-06-10
-0.015,1998-06-11
0.026,1998-06-12
-0.013,1998-06-15
-0.012,1998-06-16
0.0,1998-06-17
0.016,1998-06-18
0.016,1998-06-19
0.005,1998-06-22
-0.001,1998-06-23
0.003,1998-06-24
-0.014,1998-06-25
0.003,1998-06-26
-0.018,1998-06-29
-0.017,1998-06-30
-0.017,1998-07-01
0.011,1998-07-02
0.003,1998-07-03
-0.015,1998-07-06
0.007,1998-07-07
0.011,1998-07-08
0.003,1998-07-09
0.013,1998-07-10
-0.001,1998-07-13
-0.017,1998-07-14
-0.001,1998-07-15
-0.007,1998-07-16
-0.008,1998-07-17
-0.021,1998-07-20
0.02,1998-07-21
-0.011,1998-07-22
0.013,1998-07-23
0.008,1998-07-24
-0.004,1998-07-27
-0.003,1998-07-28
-0.005,1998-07-29
0.003,1998-07-30
0.001,1998-07-31
-0.011,1998-08-03
-0.007,1998-08-04
0.011,1998-08-05
-0.01,1998-08-06
-0.018,1998-08-07
-0.03,1998-08-10
-0.022,1998-08-11
-0.014,1998-08-12
0.011,1998-08-13
-0.031,1998-08-14
-0.091,1998-08-17
0.001,1998-08-18
0.049,1998-08-19
0.021,1998-08-20
0.024,1998-08-21
0.001,1998-08-24
0.0,1998-08-25
-0.016,1998-08-26
-0.013,1998-08-27
-0.014,1998-08-28
0.018,1998-08-31
-0.006,1998-09-01
-0.005,1998-09-02
0.009,1998-09-03
0.014,1998-09-04
0.013,1998-09-07
-0.009,1998-09-08
0.019,1998-09-09
0.019,1998-09-10
0.004,1998-09-11
0.017,1998-09-14
-0.008,1998-09-15
0.018,1998-09-16
-0.015,1998-09-17
-0.022,1998-09-18
0.013,1998-09-21
0.0,1998-09-22
0.006,1998-09-23
-0.026,1998-09-24
0.018,1998-09-25
0.007,1998-09-28
0.001,1998-09-29
0.009,1998-09-30
0.0,1998-10-01
0.0,1998-10-02
-0.007,1998-10-05
-0.014,1998-10-06
-0.003,1998-10-07
0.012,1998-10-08
0.007,1998-10-09
0.008,1998-10-12
-0.002,1998-10-13
-0.003,1998-10-14
0.001,1998-10-15
0.008,1998-10-16
-0.004,1998-10-19
-0.002,1998-10-20
-0.03,1998-10-21
0.007,1998-10-22
0.001,1998-10-23
-0.008,1998-10-26
0.007,1998-10-27
0.007,1998-10-28
-0.008,1998-10-29
0.0,1998-10-30
0.005,1998-11-02
0.011,1998-11-03
-0.001,1998-11-04
0.014,1998-11-05
0.005,1998-11-06
0.018,1998-11-09
0.003,1998-11-10
-0.0,1998-11-11
-0.003,1998-11-12
-0.0,1998-11-13
0.009,1998-11-16
-0.002,1998-11-17
-0.004,1998-11-18
-0.008,1998-11-19
-0.0,1998-11-20
-0.001,1998-11-23
0.004,1998-11-24
-0.012,1998-11-25
-0.009,1998-11-26
-0.006,1998-11-27
0.002,1998-11-30
-0.011,1998-12-01
0.002,1998-12-02
-0.004,1998-12-03
-0.011,1998-12-04
-0.008,1998-12-07
0.011,1998-12-08
0.001,1998-12-09
-0.016,1998-12-10
0.008,1998-12-11
-0.015,1998-12-14
-0.001,1998-12-15
-0.01,1998-12-16
-0.02,1998-12-17
-0.004,1998-12-18
-0.001,1998-12-21
0.027,1998-12-22
-0.011,1998-12-23
-0.003,1998-12-24
0.004,1998-12-25
-0.012,1998-12-28
-0.015,1998-12-29
0.0,1998-12-30
0.003,1998-12-31
0.0,1999-01-01
-0.019,1999-01-04
-0.005,1999-01-05
0.011,1999-01-06
0.005,1999-01-07
0.027,1999-01-08
0.003,1999-01-11
-0.012,1999-01-12
-0.009,1999-01-13
0.0,1999-01-14
-0.01,1999-01-15
0.014,1999-01-18
0.005,1999-01-19
-0.006,1999-01-20
0.006,1999-01-21
0.003,1999-01-22
-0.012,1999-01-25
-0.009,1999-01-26
0.007,1999-01-27
-0.005,1999-01-28
-0.006,1999-01-29
-0.013,1999-02-01
0.005,1999-02-02
-0.009,1999-02-03
-0.012,1999-02-04
-0.02,1999-02-05
-0.015,1999-02-08
0.022,1999-02-09
0.0,1999-02-10
0.0,1999-02-11
0.0,1999-02-12
0.0,1999-02-15
0.0,1999-02-16
0.0,1999-02-17
0.0,1999-02-18
0.0,1999-02-19
0.0,1999-02-22
0.0,1999-02-23
0.0,1999-02-24
0.0,1999-02-25
0.0,1999-02-26
0.007,1999-03-01
0.003,1999-03-02
0.025,1999-03-03
0.0,1999-03-04
0.003,1999-03-05
0.009,1999-03-08
-0.005,1999-03-09
-0.004,1999-03-10
0.015,1999-03-11
0.008,1999-03-12
0.005,1999-03-15
0.002,1999-03-16
-0.007,1999-03-17
-0.006,1999-03-18
0.018,1999-03-19
-0.0,1999-03-22
-0.002,1999-03-23
-0.002,1999-03-24
-0.011,1999-03-25
0.004,1999-03-26
0.007,1999-03-29
-0.01,1999-03-30
0.0,1999-03-31
0.009,1999-04-01
0.013,1999-04-02
0.008,1999-04-05
0.004,1999-04-06
0.002,1999-04-07
0.001,1999-04-08
0.002,1999-04-09
-0.008,1999-04-12
-0.015,1999-04-13
0.003,1999-04-14
-0.009,1999-04-15
-0.004,1999-04-16
-0.006,1999-04-19
0.01,1999-04-20
-0.024,1999-04-21
-0.006,1999-04-22
0.002,1999-04-23
-0.024,1999-04-26
-0.019,1999-04-27
-0.001,1999-04-28
0.023,1999-04-29
0.004,1999-04-30
0.032,1999-05-03
-0.041,1999-05-04
0.004,1999-05-05
0.01,1999-05-06
-0.007,1999-05-07
-0.046,1999-05-10
0.021,1999-05-11
0.004,1999-05-12
-0.01,1999-05-13
-0.024,1999-05-14
0.002,1999-05-17
-0.005,1999-05-18
0.044,1999-05-19
0.034,1999-05-20
0.018,1999-05-21
0.037,1999-05-24
-0.009,1999-05-25
0.027,1999-05-26
0.037,1999-05-27
-0.005,1999-05-28
0.002,1999-05-31
0.025,1999-06-01
-0.018,1999-06-02
-0.015,1999-06-03
0.013,1999-06-04
0.031,1999-06-07
0.005,1999-06-08
0.011,1999-06-09
0.012,1999-06-10
0.0,1999-06-11
0.044,1999-06-14
-0.029,1999-06-15
0.05,1999-06-16
0.027,1999-06-17
-0.001,1999-06-18
0.031,1999-06-21
0.012,1999-06-22
0.026,1999-06-23
0.029,1999-06-24
-0.038,1999-06-25
0.059,1999-06-28
0.026,1999-06-29
-0.029,1999-06-30
-0.082,1999-07-01
0.0,1999-07-02
0.013,1999-07-05
-0.043,1999-07-06
0.033,1999-07-07
0.006,1999-07-08
0.004,1999-07-09
-0.016,1999-07-12
-0.023,1999-07-13
0.022,1999-07-14
-0.007,1999-07-15
-0.019,1999-07-16
-0.027,1999-07-19
0.061,1999-07-20
0.022,1999-07-21
-0.038,1999-07-22
0.022,1999-07-23
0.01,1999-07-26
-0.007,1999-07-27
0.004,1999-07-28
-0.001,1999-07-29
0.003,1999-07-30
0.009,1999-08-02
0.006,1999-08-03
0.014,1999-08-04
0.003,1999-08-05
-0.004,1999-08-06
-0.011,1999-08-09
-0.017,1999-08-10
-0.012,1999-08-11
-0.005,1999-08-12
-0.002,1999-08-13
-0.008,1999-08-16
0.01,1999-08-17
0.003,1999-08-18
0.034,1999-08-19
-0.005,1999-08-20
0.01,1999-08-23
0.002,1999-08-24
-0.014,1999-08-25
0.008,1999-08-26
-0.003,1999-08-27
-0.009,1999-08-30
0.005,1999-08-31
-0.017,1999-09-01
0.008,1999-09-02
-0.015,1999-09-03
-0.017,1999-09-06
0.001,1999-09-07
0.006,1999-09-08
0.062,1999-09-09
-0.009,1999-09-10
0.006,1999-09-13
0.002,1999-09-14
-0.006,1999-09-15
-0.011,1999-09-16
0.002,1999-09-17
-0.009,1999-09-20
-0.005,1999-09-21
-0.005,1999-09-22
-0.008,1999-09-23
0.009,1999-09-24
-0.011,1999-09-27
-0.007,1999-09-28
-0.004,1999-09-29
-0.009,1999-09-30
-0.0,1999-10-01
0.0,1999-10-04
0.0,1999-10-05
0.0,1999-10-06
0.0,1999-10-07
-0.024,1999-10-08
-0.008,1999-10-11
0.01,1999-10-12
-0.02,1999-10-13
0.001,1999-10-14
0.023,1999-10-15
-0.028,1999-10-18
-0.021,1999-10-19
0.01,1999-10-20
-0.019,1999-10-21
0.026,1999-10-22
-0.02,1999-10-25
0.01,1999-10-26
0.035,1999-10-27
-0.015,1999-10-28
-0.007,1999-10-29
-0.008,1999-11-01
-0.004,1999-11-02
-0.008,1999-11-03
-0.007,1999-11-04
0.0,1999-11-05
0.004,1999-11-08
-0.005,1999-11-09
-0.01,1999-11-10
-0.004,1999-11-11
0.004,1999-11-12
0.001,1999-11-15
-0.014,1999-11-16
0.022,1999-11-17
0.013,1999-11-18
-0.01,1999-11-19
-0.003,1999-11-22
0.001,1999-11-23
-0.008,1999-11-24
-0.007,1999-11-25
0.0,1999-11-26
-0.006,1999-11-29
-0.0,1999-11-30
0.008,1999-12-01
-0.008,1999-12-02
0.001,1999-12-03
-0.007,1999-12-06
0.001,1999-12-07
-0.002,1999-12-08
-0.006,1999-12-09
0.009,1999-12-10
-0.008,1999-12-13
0.004,1999-12-14
0.02,1999-12-15
-0.011,1999-12-16
-0.011,1999-12-17
-0.0,1999-12-20
-0.017,1999-12-21
-0.006,1999-12-22
-0.013,1999-12-23
-0.01,1999-12-24
-0.007,1999-12-27
0.003,1999-12-28
0.006,1999-12-29
0.007,1999-12-30
0.0,1999-12-31
0.0,2000-01-03
0.028,2000-01-04
0.002,2000-01-05
0.037,2000-01-06
0.035,2000-01-07
0.018,2000-01-10
-0.044,2000-01-11
-0.029,2000-01-12
-0.01,2000-01-13
-0.011,2000-01-14
0.017,2000-01-17
-0.005,2000-01-18
0.01,2000-01-19
0.018,2000-01-20
-0.001,2000-01-21
0.008,2000-01-24
-0.001,2000-01-25
0.003,2000-01-26
0.017,2000-01-27
0.018,2000-01-28
0.0,2000-01-31
0.0,2000-02-01
0.0,2000-02-02
0.0,2000-02-03
0.0,2000-02-04
0.0,2000-02-07
0.0,2000-02-08
0.0,2000-02-09
0.0,2000-02-10
0.0,2000-02-11
0.083,2000-02-14
-0.002,2000-02-15
0.013,2000-02-16
-0.032,2000-02-17
0.016,2000-02-18
0.005,2000-02-21
-0.027,2000-02-22
-0.023,2000-02-23
0.024,2000-02-24
-0.002,2000-02-25
0.043,2000-02-28
0.006,2000-02-29
-0.006,2000-03-01
0.005,2000-03-02
0.014,2000-03-03
-0.034,2000-03-06
0.008,2000-03-07
0.018,2000-03-08
0.004,2000-03-09
-0.016,2000-03-10
0.014,2000-03-13
-0.026,2000-03-14
-0.002,2000-03-15
-0.046,2000-03-16
0.031,2000-03-17
0.024,2000-03-20
0.006,2000-03-21
0.006,2000-03-22
0.015,2000-03-23
-0.01,2000-03-24
0.026,2000-03-27
0.009,2000-03-28
-0.001,2000-03-29
0.012,2000-03-30
-0.006,2000-03-31
0.0,2000-04-03
-0.023,2000-04-04
0.006,2000-04-05
0.021,2000-04-06
0.006,2000-04-07
0.003,2000-04-10
-0.003,2000-04-11
-0.008,2000-04-12
0.013,2000-04-13
0.001,2000-04-14
-0.022,2000-04-17
0.01,2000-04-18
0.008,2000-04-19
0.01,2000-04-20
-0.003,2000-04-21
-0.002,2000-04-24
-0.002,2000-04-25
-0.0,2000-04-26
-0.014,2000-04-27
0.016,2000-04-28
-0.0,2000-05-01
0.0,2000-05-02
0.0,2000-05-03
0.0,2000-05-04
0.0,2000-05-05
0.0,2000-05-08
-0.017,2000-05-09
-0.031,2000-05-10
-0.017,2000-05-11
-0.002,2000-05-12
-0.009,2000-05-15
0.012,2000-05-16
0.0,2000-05-17
0.019,2000-05-18
0.011,2000-05-19
0.026,2000-05-22
0.004,2000-05-23
0.013,2000-05-24
0.013,2000-05-25
-0.001,2000-05-26
0.01,2000-05-29
-0.011,2000-05-30
0.009,2000-05-31
0.005,2000-06-01
0.007,2000-06-02
-0.009,2000-06-05
0.014,2000-06-06
0.005,2000-06-07
-0.005,2000-06-08
-0.013,2000-06-09
0.006,2000-06-12
0.013,2000-06-13
-0.003,2000-06-14
0.005,2000-06-15
-0.008,2000-06-16
-0.006,2000-06-19
-0.01,2000-06-20
0.009,2000-06-21
0.0,2000-06-22
0.013,2000-06-23
0.005,2000-06-26
-0.003,2000-06-27
0.003,2000-06-28
-0.005,2000-06-29
-0.005,2000-06-30
-0.017,2000-07-03
0.006,2000-07-04
0.001,2000-07-05
-0.003,2000-07-06
0.016,2000-07-07
0.008,2000-07-10
0.006,2000-07-11
0.007,2000-07-12
0.003,2000-07-13
0.004,2000-07-14
-0.002,2000-07-17
0.006,2000-07-18
0.002,2000-07-19
-0.003,2000-07-20
0.002,2000-07-21
-0.004,2000-07-24
0.004,2000-07-25
0.008,2000-07-26
0.0,2000-07-27
0.0,2000-07-28
0.005,2000-07-31
0.002,2000-08-01
0.001,2000-08-02
0.003,2000-08-03
-0.005,2000-08-04
0.006,2000-08-07
0.005,2000-08-08
0.005,2000-08-09
0.002,2000-08-10
-0.002,2000-08-11
0.007,2000-08-14
0.0,2000-08-15
0.003,2000-08-16
0.004,2000-08-17
-0.001,2000-08-18
0.009,2000-08-21
-0.016,2000-08-22
-0.008,2000-08-23
0.006,2000-08-24
0.007,2000-08-25
0.007,2000-08-28
0.002,2000-08-29
-0.014,2000-08-30
-0.027,2000-08-31
-0.011,2000-09-01
0.005,2000-09-04
-0.024,2000-09-05
-0.02,2000-09-06
0.013,2000-09-07
0.004,2000-09-08
0.006,2000-09-11
0.004,2000-09-12
0.005,2000-09-13
-0.005,2000-09-14
-0.001,2000-09-15
-0.016,2000-09-18
-0.023,2000-09-19
0.01,2000-09-20
-0.008,2000-09-21
-0.008,2000-09-22
-0.009,2000-09-25
0.006,2000-09-26
0.014,2000-09-27
-0.013,2000-09-28
0.011,2000-09-29
-0.0,2000-10-02
0.0,2000-10-03
0.0,2000-10-04
0.0,2000-10-05
0.0,2000-10-06
0.003,2000-10-09
0.014,2000-10-10
-0.004,2000-10-11
-0.004,2000-10-12
-0.004,2000-10-13
-0.008,2000-10-16
0.003,2000-10-17
0.007,2000-10-18
-0.005,2000-10-19
0.017,2000-10-20
0.006,2000-10-23
-0.001,2000-10-24
0.011,2000-10-25
-0.005,2000-10-26
-0.0,2000-10-27
0.003,2000-10-30
-0.006,2000-10-31
0.008,2000-11-01
0.003,2000-11-02
-0.001,2000-11-03
0.005,2000-11-06
0.003,2000-11-07
0.008,2000-11-08
0.01,2000-11-09
0.007,2000-11-10
0.011,2000-11-13
0.007,2000-11-14
-0.002,2000-11-15
0.007,2000-11-16
-0.001,2000-11-17
0.004,2000-11-20
-0.002,2000-11-21
0.007,2000-11-22
0.003,2000-11-23
-0.032,2000-11-24
-0.002,2000-11-27
0.014,2000-11-28
-0.007,2000-11-29
0.003,2000-11-30
0.005,2000-12-01
0.005,2000-12-04
-0.0,2000-12-05
-0.008,2000-12-06
-0.0,2000-12-07
-0.001,2000-12-08
-0.013,2000-12-11
0.006,2000-12-12
-0.001,2000-12-13
-0.002,2000-12-14
-0.006,2000-12-15
0.003,2000-12-18
0.002,2000-12-19
0.011,2000-12-20
0.003,2000-12-21
-0.003,2000-12-22
-0.001,2000-12-25
0.004,2000-12-26
-0.009,2000-12-27
-0.002,2000-12-28
0.01,2000-12-29
0.0,2001-01-01
0.014,2001-01-02
0.01,2001-01-03
-0.003,2001-01-04
0.004,2001-01-05
-0.011,2001-01-08
-0.0,2001-01-09
0.012,2001-01-10
-0.003,2001-01-11
-0.007,2001-01-12
-0.036,2001-01-15
0.007,2001-01-16
-0.006,2001-01-17
0.004,2001-01-18
0.011,2001-01-19
0.0,2001-01-22
0.0,2001-01-23
0.0,2001-01-24
0.0,2001-01-25
0.0,2001-01-26
0.0,2001-01-29
0.0,2001-01-30
0.0,2001-01-31
0.0,2001-02-01
0.0,2001-02-02
-0.029,2001-02-05
-0.006,2001-02-06
-0.008,2001-02-07
-0.026,2001-02-08
0.014,2001-02-09
0.002,2001-02-12
0.001,2001-02-13
-0.0,2001-02-14
-0.009,2001-02-15
-0.002,2001-02-16
0.013,2001-02-19
-0.007,2001-02-20
-0.023,2001-02-21
-0.001,2001-02-22
0.015,2001-02-23
0.009,2001-02-26
0.004,2001-02-27
-0.001,2001-02-28
0.003,2001-03-01
0.01,2001-03-02
-0.0,2001-03-05
0.003,2001-03-06
0.001,2001-03-07
0.005,2001-03-08
0.005,2001-03-09
0.0,2001-03-12
-0.007,2001-03-13
0.01,2001-03-14
0.002,2001-03-15
-0.001,2001-03-16
0.008,2001-03-19
0.004,2001-03-20
0.01,2001-03-21
0.01,2001-03-22
-0.017,2001-03-23
0.017,2001-03-26
0.008,2001-03-27
-0.0,2001-03-28
-0.002,2001-03-29
0.005,2001-03-30
0.006,2001-04-02
-0.001,2001-04-03
-0.015,2001-04-04
0.01,2001-04-05
-0.002,2001-04-06
0.004,2001-04-09
0.005,2001-04-10
0.001,2001-04-11
0.002,2001-04-12
0.005,2001-04-13
0.01,2001-04-16
0.004,2001-04-17
-0.002,2001-04-18
0.0,2001-04-19
-0.01,2001-04-20
-0.001,2001-04-23
0.007,2001-04-24
-0.022,2001-04-25
-0.007,2001-04-26
0.005,2001-04-27
0.002,2001-04-30
-0.0,2001-05-01
0.0,2001-05-02
0.0,2001-05-03
0.0,2001-05-04
0.0,2001-05-07
0.009,2001-05-08
-0.002,2001-05-09
0.007,2001-05-10
0.004,2001-05-11
0.011,2001-05-14
0.006,2001-05-15
0.004,2001-05-16
-0.002,2001-05-17
0.004,2001-05-18
0.005,2001-05-21
-0.001,2001-05-22
-0.006,2001-05-23
0.0,2001-05-24
-0.002,2001-05-25
-0.006,2001-05-28
0.0,2001-05-29
0.014,2001-05-30
0.001,2001-05-31
0.002,2001-06-01
0.003,2001-06-04
0.004,2001-06-05
0.002,2001-06-06
-0.004,2001-06-07
-0.003,2001-06-08
-0.004,2001-06-11
0.004,2001-06-12
0.009,2001-06-13
-0.018,2001-06-14
0.004,2001-06-15
-0.02,2001-06-18
0.001,2001-06-19
-0.003,2001-06-20
0.012,2001-06-21
0.008,2001-06-22
0.011,2001-06-25
0.002,2001-06-26
-0.002,2001-06-27
-0.005,2001-06-28
-0.001,2001-06-29
-0.005,2001-07-02
0.003,2001-07-03
-0.004,2001-07-04
-0.009,2001-07-05
-0.005,2001-07-06
-0.0,2001-07-09
0.009,2001-07-10
-0.01,2001-07-11
-0.002,2001-07-12
-0.002,2001-07-13
-0.007,2001-07-16
-0.002,2001-07-17
0.003,2001-07-18
0.002,2001-07-19
0.013,2001-07-20
-0.005,2001-07-23
-0.015,2001-07-24
-0.011,2001-07-25
-0.009,2001-07-26
-0.014,2001-07-27
-0.056,2001-07-30
-0.019,2001-07-31
0.034,2001-08-01
-0.015,2001-08-02
0.001,2001-08-03
-0.041,2001-08-06
0.011,2001-08-07
-0.005,2001-08-08
0.015,2001-08-09
0.016,2001-08-10
0.0,2001-08-13
-0.008,2001-08-14
0.004,2001-08-15
-0.014,2001-08-16
0.002,2001-08-17
0.005,2001-08-20
0.002,2001-08-21
-0.019,2001-08-22
-0.0,2001-08-23
-0.009,2001-08-24
-0.033,2001-08-27
0.009,2001-08-28
0.002,2001-08-29
-0.004,2001-08-30
-0.003,2001-08-31
-0.009,2001-09-03
0.024,2001-09-04
0.003,2001-09-05
-0.004,2001-09-06
-0.029,2001-09-07
0.026,2001-09-10
0.004,2001-09-11
-0.006,2001-09-12
-0.007,2001-09-13
-0.012,2001-09-14
-0.019,2001-09-17
0.008,2001-09-18
0.013,2001-09-19
-0.002,2001-09-20
-0.006,2001-09-21
-0.007,2001-09-24
-0.001,2001-09-25
-0.015,2001-09-26
-0.002,2001-09-27
-0.0,2001-09-28
0.0,2001-10-01
0.0,2001-10-02
0.0,2001-10-03
0.0,2001-10-04
0.0,2001-10-05
-0.022,2001-10-08
0.01,2001-10-09
-0.034,2001-10-10
-0.029,2001-10-11
0.031,2001-10-12
-0.002,2001-10-15
-0.019,2001-10-16
-0.008,2001-10-17
-0.017,2001-10-18
-0.027,2001-10-19
-0.034,2001-10-22
0.09,2001-10-23
0.028,2001-10-24
-0.025,2001-10-25
0.001,2001-10-26
0.013,2001-10-29
-0.011,2001-10-30
0.004,2001-10-31
0.011,2001-11-01
-0.01,2001-11-02
-0.007,2001-11-05
-0.005,2001-11-06
-0.048,2001-11-07
0.007,2001-11-08
0.015,2001-11-09
-0.006,2001-11-12
-0.003,2001-11-13
0.001,2001-11-14
0.003,2001-11-15
0.015,2001-11-16
0.014,2001-11-19
0.018,2001-11-20
0.003,2001-11-21
0.006,2001-11-22
-0.002,2001-11-23
-0.004,2001-11-26
0.01,2001-11-27
0.007,2001-11-28
-0.002,2001-11-29
0.009,2001-11-30
0.008,2001-12-03
0.004,2001-12-04
-0.014,2001-12-05
0.003,2001-12-06
-0.003,2001-12-07
0.002,2001-12-10
-0.011,2001-12-11
-0.008,2001-12-12
-0.016,2001-12-13
-0.007,2001-12-14
-0.006,2001-12-17
0.013,2001-12-18
-0.009,2001-12-19
-0.025,2001-12-20
0.005,2001-12-21
-0.021,2001-12-24
0.003,2001-12-25
0.014,2001-12-26
-0.004,2001-12-27
0.007,2001-12-28
0.004,2001-12-31
-0.0,2002-01-01
0.0,2002-01-02
0.0,2002-01-03
-0.021,2002-01-04
-0.009,2002-01-07
-0.008,2002-01-08
-0.014,2002-01-09
0.01,2002-01-10
-0.027,2002-01-11
-0.034,2002-01-14
-0.017,2002-01-15
0.013,2002-01-16
-0.042,2002-01-17
-0.003,2002-01-18
-0.035,2002-01-21
-0.006,2002-01-22
0.06,2002-01-23
0.008,2002-01-24
-0.003,2002-01-25
-0.068,2002-01-28
0.024,2002-01-29
0.003,2002-01-30
0.064,2002-01-31
-0.004,2002-02-01
0.017,2002-02-04
0.005,2002-02-05
-0.022,2002-02-06
0.02,2002-02-07
-0.006,2002-02-08
-0.0,2002-02-11
0.0,2002-02-12
0.0,2002-02-13
0.0,2002-02-14
0.0,2002-02-15
0.0,2002-02-18
0.0,2002-02-19
0.0,2002-02-20
0.0,2002-02-21
0.0,2002-02-22
0.015,2002-02-25
0.001,2002-02-26
0.004,2002-02-27
-0.009,2002-02-28
-0.015,2002-03-01
0.016,2002-03-04
0.021,2002-03-05
0.006,2002-03-06
0.027,2002-03-07
0.017,2002-03-08
0.014,2002-03-11
-0.012,2002-03-12
-0.012,2002-03-13
0.025,2002-03-14
-0.027,2002-03-15
0.002,2002-03-18
0.025,2002-03-19
0.01,2002-03-20
0.001,2002-03-21
-0.009,2002-03-22
0.003,2002-03-25
-0.016,2002-03-26
0.003,2002-03-27
-0.002,2002-03-28
-0.029,2002-03-29
0.003,2002-04-01
-0.016,2002-04-02
0.007,2002-04-03
0.029,2002-04-04
-0.004,2002-04-05
0.004,2002-04-08
0.016,2002-04-09
0.006,2002-04-10
-0.017,2002-04-11
0.006,2002-04-12
-0.006,2002-04-15
-0.006,2002-04-16
0.002,2002-04-17
-0.01,2002-04-18
0.004,2002-04-19
-0.005,2002-04-22
-0.002,2002-04-23
-0.008,2002-04-24
0.003,2002-04-25
0.015,2002-04-26
0.015,2002-04-29
0.001,2002-04-30
0.0,2002-05-01
0.0,2002-05-02
0.0,2002-05-03
0.0,2002-05-06
0.0,2002-05-07
-0.009,2002-05-08
-0.001,2002-05-09
-0.008,2002-05-10
-0.009,2002-05-13
-0.005,2002-05-14
-0.011,2002-05-15
-0.032,2002-05-16
0.011,2002-05-17
-0.017,2002-05-20
0.029,2002-05-21
-0.015,2002-05-22
0.005,2002-05-23
-0.014,2002-05-24
0.004,2002-05-27
0.002,2002-05-28
-0.022,2002-05-29
-0.001,2002-05-30
-0.005,2002-05-31
-0.022,2002-06-03
0.005,2002-06-04
-0.02,2002-06-05
0.039,2002-06-06
0.005,2002-06-07
-0.008,2002-06-10
0.009,2002-06-11
-0.004,2002-06-12
-0.009,2002-06-13
-0.012,2002-06-14
0.001,2002-06-17
0.018,2002-06-18
-0.011,2002-06-19
0.006,2002-06-20
0.03,2002-06-21
0.085,2002-06-24
-0.0,2002-06-25
0.004,2002-06-26
0.006,2002-06-27
0.005,2002-06-28
-0.011,2002-07-01
0.007,2002-07-02
0.003,2002-07-03
-0.01,2002-07-04
0.005,2002-07-05
0.006,2002-07-08
-0.002,2002-07-09
-0.017,2002-07-10
-0.003,2002-07-11
0.001,2002-07-12
-0.006,2002-07-15
0.002,2002-07-16
0.006,2002-07-17
0.002,2002-07-18
0.005,2002-07-19
-0.02,2002-07-22
-0.004,2002-07-23
-0.001,2002-07-24
-0.004,2002-07-25
-0.005,2002-07-26
0.005,2002-07-29
0.002,2002-07-30
-0.011,2002-07-31
0.001,2002-08-01
0.005,2002-08-02
-0.005,2002-08-05
0.01,2002-08-06
-0.002,2002-08-07
-0.005,2002-08-08
-0.008,2002-08-09
-0.008,2002-08-12
0.001,2002-08-13
0.006,2002-08-14
-0.008,2002-08-15
0.008,2002-08-16
-0.002,2002-08-19
0.016,2002-08-20
0.001,2002-08-21
0.007,2002-08-22
-0.002,2002-08-23
-0.007,2002-08-26
0.005,2002-08-27
-0.002,2002-08-28
-0.006,2002-08-29
-0.0,2002-08-30
0.001,2002-09-02
0.003,2002-09-03
-0.006,2002-09-04
-0.014,2002-09-05
-0.006,2002-09-06
-0.006,2002-09-09
0.002,2002-09-10
-0.003,2002-09-11
0.003,2002-09-12
0.001,2002-09-13
-0.014,2002-09-16
0.0,2002-09-17
-0.006,2002-09-18
0.015,2002-09-19
-0.009,2002-09-20
-0.001,2002-09-23
-0.004,2002-09-24
0.001,2002-09-25
-0.006,2002-09-26
-0.004,2002-09-27
0.0,2002-09-30
0.0,2002-10-01
0.0,2002-10-02
0.0,2002-10-03
0.0,2002-10-04
0.0,2002-10-07
-0.012,2002-10-08
-0.018,2002-10-09
-0.003,2002-10-10
-0.004,2002-10-11
0.005,2002-10-14
-0.005,2002-10-15
0.008,2002-10-16
-0.016,2002-10-17
0.004,2002-10-18
0.004,2002-10-21
0.015,2002-10-22
0.001,2002-10-23
-0.008,2002-10-24
-0.011,2002-10-25
-0.012,2002-10-28
0.005,2002-10-29
-0.001,2002-10-30
-0.001,2002-10-31
0.002,2002-11-01
0.014,2002-11-04
0.017,2002-11-05
-0.004,2002-11-06
0.001,2002-11-07
-0.021,2002-11-08
-0.012,2002-11-11
-0.012,2002-11-12
0.003,2002-11-13
-0.02,2002-11-14
0.002,2002-11-15
-0.009,2002-11-18
0.007,2002-11-19
-0.025,2002-11-20
-0.025,2002-11-21
0.003,2002-11-22
0.002,2002-11-25
-0.02,2002-11-26
0.006,2002-11-27
0.027,2002-11-28
0.012,2002-11-29
-0.028,2002-12-02
0.009,2002-12-03
0.004,2002-12-04
-0.007,2002-12-05
0.0,2002-12-06
-0.003,2002-12-09
-0.012,2002-12-10
-0.003,2002-12-11
0.003,2002-12-12
0.009,2002-12-13
0.008,2002-12-16
0.005,2002-12-17
-0.003,2002-12-18
0.001,2002-12-19
0.01,2002-12-20
0.002,2002-12-23
0.0,2002-12-24
-0.007,2002-12-25
-0.027,2002-12-26
-0.001,2002-12-27
-0.012,2002-12-30
-0.006,2002-12-31
-0.0,2003-01-01
-0.028,2003-01-02
-0.001,2003-01-03
0.011,2003-01-06
-0.002,2003-01-07
0.029,2003-01-08
0.018,2003-01-09
-0.009,2003-01-10
0.001,2003-01-13
0.055,2003-01-14
-0.005,2003-01-15
0.017,2003-01-16
-0.005,2003-01-17
0.003,2003-01-20
-0.019,2003-01-21
0.004,2003-01-22
-0.007,2003-01-23
0.019,2003-01-24
0.011,2003-01-27
0.003,2003-01-28
-0.001,2003-01-29
-0.0,2003-01-30
0.0,2003-01-31
0.0,2003-02-03
0.0,2003-02-04
0.0,2003-02-05
0.0,2003-02-06
0.0,2003-02-07
-0.013,2003-02-10
0.008,2003-02-11
0.012,2003-02-12
-0.004,2003-02-13
0.004,2003-02-14
-0.01,2003-02-17
-0.0,2003-02-18
0.009,2003-02-19
-0.001,2003-02-20
-0.021,2003-02-21
0.002,2003-02-24
0.019,2003-02-25
0.001,2003-02-26
0.0,2003-02-27
-0.001,2003-02-28
0.009,2003-03-03
-0.001,2003-03-04
-0.005,2003-03-05
-0.013,2003-03-06
-0.004,2003-03-07
-0.016,2003-03-10
0.0,2003-03-11
0.004,2003-03-12
-0.007,2003-03-13
0.001,2003-03-14
0.002,2003-03-17
-0.006,2003-03-18
0.007,2003-03-19
-0.004,2003-03-20
0.007,2003-03-21
0.002,2003-03-24
-0.011,2003-03-25
-0.004,2003-03-26
0.029,2003-03-27
-0.005,2003-03-28
0.012,2003-03-31
0.008,2003-04-01
-0.001,2003-04-02
-0.006,2003-04-03
0.006,2003-04-04
-0.004,2003-04-07
0.004,2003-04-08
0.015,2003-04-09
0.005,2003-04-10
0.016,2003-04-11
0.024,2003-04-14
0.009,2003-04-15
-0.016,2003-04-16
0.005,2003-04-17
-0.007,2003-04-18
-0.02,2003-04-21
-0.002,2003-04-22
-0.017,2003-04-23
-0.026,2003-04-24
-0.011,2003-04-25
0.033,2003-04-28
-0.019,2003-04-29
0.008,2003-04-30
-0.0,2003-05-01
0.0,2003-05-02
0.0,2003-05-05
0.0,2003-05-06
0.0,2003-05-07
0.0,2003-05-08
0.0,2003-05-09
0.007,2003-05-12
-0.031,2003-05-13
0.025,2003-05-14
0.021,2003-05-15
-0.001,2003-05-16
0.001,2003-05-19
-0.013,2003-05-20
-0.001,2003-05-21
0.008,2003-05-22
0.01,2003-05-23
0.005,2003-05-26
-0.001,2003-05-27
-0.011,2003-05-28
0.01,2003-05-29
0.005,2003-05-30
0.0,2003-06-02
-0.009,2003-06-03
0.008,2003-06-04
-0.011,2003-06-05
-0.011,2003-06-06
-0.006,2003-06-09
0.006,2003-06-10
0.017,2003-06-11
-0.002,2003-06-12
0.003,2003-06-13
-0.005,2003-06-16
-0.002,2003-06-17
-0.002,2003-06-18
-0.01,2003-06-19
-0.006,2003-06-20
-0.012,2003-06-23
0.001,2003-06-24
-0.007,2003-06-25
0.009,2003-06-26
-0.012,2003-06-27
-0.007,2003-06-30
-0.001,2003-07-01
0.01,2003-07-02
0.003,2003-07-03
-0.001,2003-07-04
-0.001,2003-07-07
0.007,2003-07-08
-0.006,2003-07-09
0.019,2003-07-10
-0.002,2003-07-11
-0.005,2003-07-14
0.003,2003-07-15
0.003,2003-07-16
0.006,2003-07-17
-0.021,2003-07-18
-0.008,2003-07-21
0.002,2003-07-22
0.002,2003-07-23
-0.006,2003-07-24
-0.011,2003-07-25
-0.005,2003-07-28
0.005,2003-07-29
0.002,2003-07-30
-0.002,2003-07-31
0.0,2003-08-01
0.012,2003-08-04
-0.0,2003-08-05
-0.005,2003-08-06
0.001,2003-08-07
-0.011,2003-08-08
0.002,2003-08-11
0.003,2003-08-12
-0.009,2003-08-13
-0.007,2003-08-14
-0.004,2003-08-15
-0.004,2003-08-18
0.003,2003-08-19
-0.006,2003-08-20
-0.0,2003-08-21
-0.002,2003-08-22
-0.012,2003-08-25
0.002,2003-08-26
0.0,2003-08-27
-0.007,2003-08-28
0.004,2003-08-29
0.019,2003-09-01
-0.002,2003-09-02
0.001,2003-09-03
-0.0,2003-09-04
-0.011,2003-09-05
-0.004,2003-09-08
-0.004,2003-09-09
0.002,2003-09-10
0.001,2003-09-11
-0.011,2003-09-12
-0.008,2003-09-15
0.006,2003-09-16
-0.012,2003-09-17
0.0,2003-09-18
0.001,2003-09-19
-0.007,2003-09-22
0.006,2003-09-23
0.003,2003-09-24
-0.013,2003-09-25
-0.004,2003-09-26
-0.011,2003-09-29
0.009,2003-09-30
-0.0,2003-10-01
0.0,2003-10-02
0.0,2003-10-03
0.0,2003-10-06
0.0,2003-10-07
0.003,2003-10-08
-0.002,2003-10-09
0.025,2003-10-10
-0.003,2003-10-13
-0.008,2003-10-14
-0.004,2003-10-15
-0.013,2003-10-16
0.004,2003-10-17
-0.008,2003-10-20
0.004,2003-10-21
0.024,2003-10-22
-0.008,2003-10-23
-0.003,2003-10-24
-0.009,2003-10-27
-0.0,2003-10-28
-0.006,2003-10-29
-0.013,2003-10-30
0.003,2003-10-31
0.012,2003-11-03
0.018,2003-11-04
-0.003,2003-11-05
-0.021,2003-11-06
-0.016,2003-11-07
0.004,2003-11-10
0.003,2003-11-11
-0.02,2003-11-12
0.001,2003-11-13
0.009,2003-11-14
-0.002,2003-11-17
-0.009,2003-11-18
0.017,2003-11-19
0.027,2003-11-20
-0.011,2003-11-21
0.03,2003-11-24
0.003,2003-11-25
0.002,2003-11-26
-0.016,2003-11-27
0.006,2003-11-28
0.025,2003-12-01
0.002,2003-12-02
0.007,2003-12-03
0.005,2003-12-04
-0.001,2003-12-05
-0.01,2003-12-08
0.005,2003-12-09
0.018,2003-12-10
0.0,2003-12-11
0.001,2003-12-12
-0.0,2003-12-15
-0.003,2003-12-16
-0.008,2003-12-17
0.002,2003-12-18
-0.008,2003-12-19
0.031,2003-12-22
0.005,2003-12-23
0.009,2003-12-24
-0.001,2003-12-25
0.001,2003-12-26
-0.012,2003-12-29
0.01,2003-12-30
-0.01,2003-12-31
-0.0,2004-01-01
0.013,2004-01-02
0.033,2004-01-05
0.004,2004-01-06
0.008,2004-01-07
0.014,2004-01-08
-0.018,2004-01-09
0.023,2004-01-12
-0.004,2004-01-13
-0.013,2004-01-14
-0.004,2004-01-15
0.009,2004-01-16
0.0,2004-01-19
0.0,2004-01-20
0.0,2004-01-21
0.0,2004-01-22
0.0,2004-01-23
0.0,2004-01-26
0.0,2004-01-27
0.0,2004-01-28
0.017,2004-01-29
-0.024,2004-01-30
0.02,2004-02-02
0.015,2004-02-03
0.021,2004-02-04
0.005,2004-02-05
-0.008,2004-02-06
0.014,2004-02-09
-0.007,2004-02-10
-0.008,2004-02-11
-0.008,2004-02-12
-0.003,2004-02-13
0.023,2004-02-16
0.004,2004-02-17
0.008,2004-02-18
-0.0,2004-02-19
0.003,2004-02-20
-0.024,2004-02-23
0.0,2004-02-24
-0.021,2004-02-25
0.005,2004-02-26
0.012,2004-02-27
0.009,2004-03-01
-0.001,2004-03-02
-0.015,2004-03-03
0.004,2004-03-04
-0.004,2004-03-05
-0.015,2004-03-08
-0.0,2004-03-09
0.024,2004-03-10
0.008,2004-03-11
0.002,2004-03-12
0.024,2004-03-15
0.005,2004-03-16
-0.0,2004-03-17
-0.016,2004-03-18
0.018,2004-03-19
0.004,2004-03-22
-0.008,2004-03-23
-0.001,2004-03-24
-0.002,2004-03-25
-0.001,2004-03-26
-0.008,2004-03-29
0.003,2004-03-30
0.01,2004-03-31
0.009,2004-04-01
0.006,2004-04-02
-0.001,2004-04-05
0.006,2004-04-06
-0.002,2004-04-07
-0.002,2004-04-08
-0.025,2004-04-09
-0.003,2004-04-12
-0.005,2004-04-13
-0.011,2004-04-14
-0.011,2004-04-15
0.009,2004-04-16
-0.011,2004-04-19
-0.004,2004-04-20
-0.011,2004-04-21
0.004,2004-04-22
-0.014,2004-04-23
-0.0,2004-04-26
-0.015,2004-04-27
-0.003,2004-04-28
-0.017,2004-04-29
0.01,2004-04-30
0.0,2004-05-03
0.0,2004-05-04
0.0,2004-05-05
0.0,2004-05-06
0.0,2004-05-07
-0.023,2004-05-10
0.005,2004-05-11
0.022,2004-05-12
-0.004,2004-05-13
-0.022,2004-05-14
-0.015,2004-05-17
0.01,2004-05-18
0.002,2004-05-19
-0.006,2004-05-20
0.006,2004-05-21
-0.005,2004-05-24
-0.021,2004-05-25
0.004,2004-05-26
0.021,2004-05-27
-0.005,2004-05-28
0.005,2004-05-31
0.015,2004-06-01
-0.008,2004-06-02
-0.015,2004-06-03
-0.001,2004-06-04
-0.016,2004-06-07
-0.016,2004-06-08
-0.018,2004-06-09
0.0,2004-06-10
0.003,2004-06-11
-0.023,2004-06-14
0.017,2004-06-15
0.008,2004-06-16
-0.021,2004-06-17
-0.013,2004-06-18
0.004,2004-06-21
0.012,2004-06-22
-0.007,2004-06-23
-0.009,2004-06-24
-0.019,2004-06-25
-0.012,2004-06-28
0.017,2004-06-29
-0.007,2004-06-30
0.029,2004-07-01
0.0,2004-07-02
0.002,2004-07-05
0.004,2004-07-06
-0.008,2004-07-07
0.001,2004-07-08
-0.006,2004-07-09
-0.024,2004-07-12
0.002,2004-07-13
0.003,2004-07-14
0.013,2004-07-15
0.024,2004-07-16
0.001,2004-07-19
-0.007,2004-07-20
0.0,2004-07-21
-0.029,2004-07-22
-0.0,2004-07-23
-0.014,2004-07-26
-0.003,2004-07-27
0.003,2004-07-28
0.013,2004-07-29
-0.015,2004-07-30
-0.009,2004-08-02
-0.005,2004-08-03
0.027,2004-08-04
-0.011,2004-08-05
0.001,2004-08-06
0.004,2004-08-09
0.004,2004-08-10
-0.011,2004-08-11
-0.012,2004-08-12
0.0,2004-08-13
-0.01,2004-08-16
0.004,2004-08-17
-0.001,2004-08-18
-0.013,2004-08-19
0.001,2004-08-20
-0.012,2004-08-23
0.014,2004-08-24
-0.004,2004-08-25
-0.004,2004-08-26
-0.01,2004-08-27
-0.001,2004-08-30
0.017,2004-08-31
-0.016,2004-09-01
0.005,2004-09-02
-0.001,2004-09-03
-0.004,2004-09-06
0.002,2004-09-07
-0.011,2004-09-08
-0.019,2004-09-09
0.002,2004-09-10
-0.021,2004-09-13
0.031,2004-09-14
0.04,2004-09-15
0.012,2004-09-16
0.031,2004-09-17
0.033,2004-09-20
-0.01,2004-09-21
-0.02,2004-09-22
0.03,2004-09-23
-0.02,2004-09-24
-0.006,2004-09-27
0.006,2004-09-28
-0.011,2004-09-29
-0.017,2004-09-30
0.0,2004-10-01
0.0,2004-10-04
0.0,2004-10-05
0.0,2004-10-06
0.0,2004-10-07
0.018,2004-10-08
-0.007,2004-10-11
-0.021,2004-10-12
0.002,2004-10-13
-0.04,2004-10-14
-0.002,2004-10-15
0.004,2004-10-18
0.002,2004-10-19
-0.005,2004-10-20
-0.015,2004-10-21
0.014,2004-10-22
-0.014,2004-10-25
0.01,2004-10-26
0.013,2004-10-27
-0.001,2004-10-28
-0.016,2004-10-29
-0.012,2004-11-01
-0.003,2004-11-02
0.019,2004-11-03
-0.017,2004-11-04
0.0,2004-11-05
-0.001,2004-11-08
0.002,2004-11-09
0.035,2004-11-10
-0.005,2004-11-11
0.004,2004-11-12
0.013,2004-11-15
0.0,2004-11-16
-0.011,2004-11-17
0.009,2004-11-18
0.009,2004-11-19
0.002,2004-11-22
-0.009,2004-11-23
-0.009,2004-11-24
-0.001,2004-11-25
-0.001,2004-11-26
-0.014,2004-11-29
0.002,2004-11-30
-0.004,2004-12-01
-0.001,2004-12-02
0.003,2004-12-03
0.002,2004-12-06
-0.012,2004-12-07
0.002,2004-12-08
0.009,2004-12-09
-0.016,2004-12-10
-0.006,2004-12-13
-0.002,2004-12-14
0.004,2004-12-15
-0.006,2004-12-16
-0.011,2004-12-17
-0.012,2004-12-20
-0.0,2004-12-21
0.025,2004-12-22
-0.019,2004-12-23
0.002,2004-12-24
-0.004,2004-12-27
-0.001,2004-12-28
-0.004,2004-12-29
-0.0,2004-12-30
-0.006,2004-12-31
0.0,2005-01-03
-0.019,2005-01-04
0.007,2005-01-05
-0.01,2005-01-06
0.004,2005-01-07
0.006,2005-01-10
0.004,2005-01-11
-0.0,2005-01-12
-0.0,2005-01-13
-0.009,2005-01-14
-0.024,2005-01-17
0.007,2005-01-18
-0.006,2005-01-19
-0.011,2005-01-20
0.024,2005-01-21
0.017,2005-01-24
-0.001,2005-01-25
-0.01,2005-01-26
-0.013,2005-01-27
-0.01,2005-01-28
-0.018,2005-01-31
-0.002,2005-02-01
0.051,2005-02-02
-0.008,2005-02-03
0.021,2005-02-04
-0.0,2005-02-07
0.0,2005-02-08
0.0,2005-02-09
0.0,2005-02-10
0.0,2005-02-11
0.0,2005-02-14
0.0,2005-02-15
0.008,2005-02-16
-0.002,2005-02-17
-0.014,2005-02-18
0.02,2005-02-21
0.019,2005-02-22
0.0,2005-02-23
0.0,2005-02-24
0.002,2005-02-25
-0.005,2005-02-28
-0.002,2005-03-01
-0.012,2005-03-02
0.005,2005-03-03
-0.005,2005-03-04
0.005,2005-03-07
0.019,2005-03-08
-0.001,2005-03-09
-0.024,2005-03-10
0.003,2005-03-11
0.003,2005-03-14
-0.019,2005-03-15
-0.011,2005-03-16
-0.01,2005-03-17
-0.013,2005-03-18
0.003,2005-03-21
-0.02,2005-03-22
-0.004,2005-03-23
0.005,2005-03-24
-0.002,2005-03-25
-0.005,2005-03-28
-0.004,2005-03-29
-0.019,2005-03-30
0.007,2005-03-31
0.035,2005-04-01
-0.017,2005-04-04
-0.009,2005-04-05
0.019,2005-04-06
0.009,2005-04-07
0.018,2005-04-08
-0.006,2005-04-11
-0.018,2005-04-12
0.023,2005-04-13
-0.011,2005-04-14
-0.014,2005-04-15
-0.016,2005-04-18
0.002,2005-04-19
-0.013,2005-04-20
-0.01,2005-04-21
-0.003,2005-04-22
-0.01,2005-04-25
0.006,2005-04-26
-0.014,2005-04-27
0.017,2005-04-28
-0.009,2005-04-29
0.0,2005-05-02
0.0,2005-05-03
0.0,2005-05-04
0.0,2005-05-05
0.0,2005-05-06
-0.025,2005-05-09
0.004,2005-05-10
-0.01,2005-05-11
-0.018,2005-05-12
0.003,2005-05-13
-0.011,2005-05-16
0.004,2005-05-17
0.003,2005-05-18
0.0,2005-05-19
-0.004,2005-05-20
-0.027,2005-05-23
0.003,2005-05-24
-0.002,2005-05-25
-0.013,2005-05-26
-0.007,2005-05-27
0.008,2005-05-30
0.001,2005-05-31
-0.021,2005-06-01
-0.023,2005-06-02
-0.002,2005-06-03
0.02,2005-06-06
-0.003,2005-06-07
0.076,2005-06-08
0.014,2005-06-09
-0.021,2005-06-10
-0.002,2005-06-13
-0.012,2005-06-14
-0.019,2005-06-15
0.012,2005-06-16
-0.0,2005-06-17
0.027,2005-06-20
-0.013,2005-06-21
0.0,2005-06-22
-0.008,2005-06-23
0.007,2005-06-24
0.02,2005-06-27
-0.014,2005-06-28
-0.003,2005-06-29
-0.022,2005-06-30
-0.024,2005-07-01
-0.008,2005-07-04
-0.008,2005-07-05
-0.005,2005-07-06
0.005,2005-07-07
-0.02,2005-07-08
-0.006,2005-07-11
0.033,2005-07-12
-0.008,2005-07-13
0.003,2005-07-14
-0.014,2005-07-15
-0.014,2005-07-18
0.002,2005-07-19
0.007,2005-07-20
-0.0,2005-07-21
0.025,2005-07-22
-0.001,2005-07-25
0.026,2005-07-26
0.016,2005-07-27
-0.003,2005-07-28
-0.003,2005-07-29
0.005,2005-08-01
0.014,2005-08-02
0.003,2005-08-03
-0.005,2005-08-04
0.023,2005-08-05
0.009,2005-08-08
0.012,2005-08-09
0.011,2005-08-10
0.016,2005-08-11
-0.013,2005-08-12
0.016,2005-08-15
-0.008,2005-08-16
0.013,2005-08-17
-0.039,2005-08-18
0.002,2005-08-19
0.007,2005-08-22
-0.008,2005-08-23
0.015,2005-08-24
0.005,2005-08-25
-0.001,2005-08-26
-0.015,2005-08-29
-0.007,2005-08-30
0.014,2005-08-31
0.019,2005-09-01
0.003,2005-09-02
0.006,2005-09-05
-0.02,2005-09-06
0.018,2005-09-07
0.0,2005-09-08
-0.004,2005-09-09
-0.001,2005-09-12
0.016,2005-09-13
0.008,2005-09-14
0.0,2005-09-15
-0.004,2005-09-16
0.006,2005-09-19
-0.007,2005-09-20
-0.021,2005-09-21
-0.024,2005-09-22
-0.007,2005-09-23
0.003,2005-09-26
-0.019,2005-09-27
-0.001,2005-09-28
0.021,2005-09-29
0.0,2005-09-30
-0.0,2005-10-03
0.0,2005-10-04
0.0,2005-10-05
0.0,2005-10-06
0.0,2005-10-07
-0.015,2005-10-10
0.016,2005-10-11
0.004,2005-10-12
-0.008,2005-10-13
-0.011,2005-10-14
-0.007,2005-10-17
0.009,2005-10-18
-0.006,2005-10-19
0.001,2005-10-20
0.005,2005-10-21
-0.0,2005-10-24
-0.017,2005-10-25
-0.023,2005-10-26
0.001,2005-10-27
-0.016,2005-10-28
0.011,2005-10-31
-0.003,2005-11-01
0.013,2005-11-02
-0.009,2005-11-03
0.004,2005-11-04
0.001,2005-11-07
0.009,2005-11-08
-0.002,2005-11-09
-0.018,2005-11-10
0.002,2005-11-11
-0.001,2005-11-14
-0.001,2005-11-15
0.008,2005-11-16
-0.001,2005-11-17
0.019,2005-11-18
0.003,2005-11-21
-0.019,2005-11-22
0.006,2005-11-23
0.007,2005-11-24
0.001,2005-11-25
-0.004,2005-11-28
-0.013,2005-11-29
0.002,2005-11-30
-0.0,2005-12-01
-0.004,2005-12-02
-0.014,2005-12-05
0.008,2005-12-06
0.011,2005-12-07
-0.001,2005-12-08
0.014,2005-12-09
0.003,2005-12-12
0.001,2005-12-13
0.007,2005-12-14
-0.002,2005-12-15
0.004,2005-12-16
0.004,2005-12-19
0.004,2005-12-20
-0.005,2005-12-21
0.004,2005-12-22
0.008,2005-12-23
0.01,2005-12-26
-0.002,2005-12-27
0.002,2005-12-28
0.011,2005-12-29
-0.008,2005-12-30
0.017,2006-01-04
0.014,2006-01-05
0.01,2006-01-06
0.005,2006-01-09
0.004,2006-01-10
-0.008,2006-01-11
0.013,2006-01-12
-0.004,2006-01-13
-0.015,2006-01-16
0.005,2006-01-17
0.02,2006-01-18
0.015,2006-01-19
0.003,2006-01-20
0.0,2006-01-23
-0.003,2006-01-24
0.005,2006-01-25
0.023,2006-02-06
-0.004,2006-02-07
0.006,2006-02-08
-0.016,2006-02-09
0.01,2006-02-10
-0.002,2006-02-13
0.005,2006-02-14
0.01,2006-02-15
-0.022,2006-02-16
-0.003,2006-02-17
0.0,2006-02-20
0.016,2006-02-21
-0.003,2006-02-22
0.004,2006-02-23
0.006,2006-02-24
0.0,2006-02-27
0.001,2006-02-28
0.006,2006-03-01
-0.016,2006-03-02
0.006,2006-03-03
-0.003,2006-03-06
-0.023,2006-03-07
-0.008,2006-03-08
-0.004,2006-03-09
0.0,2006-03-10
0.011,2006-03-13
-0.001,2006-03-14
0.012,2006-03-15
-0.0,2006-03-16
-0.004,2006-03-17
0.015,2006-03-20
0.002,2006-03-21
0.005,2006-03-22
0.004,2006-03-23
-0.006,2006-03-24
0.001,2006-03-27
0.002,2006-03-28
0.005,2006-03-29
-0.008,2006-03-30
0.003,2006-03-31
0.016,2006-04-03
0.008,2006-04-04
0.008,2006-04-05
-0.0,2006-04-06
0.002,2006-04-07
0.012,2006-04-10
0.002,2006-04-11
-0.002,2006-04-12
-0.021,2006-04-13
0.02,2006-04-14
0.014,2006-04-17
0.005,2006-04-18
0.008,2006-04-19
-0.008,2006-04-20
0.022,2006-04-21
-0.005,2006-04-24
-0.007,2006-04-25
0.012,2006-04-26
-0.001,2006-04-27
0.016,2006-04-28
0.038,2006-05-08
0.022,2006-05-09
0.009,2006-05-10
-0.005,2006-05-11
0.041,2006-05-12
0.037,2006-05-15
-0.032,2006-05-16
0.007,2006-05-17
-0.005,2006-05-18
0.025,2006-05-19
-0.001,2006-05-22
-0.033,2006-05-23
-0.009,2006-05-24
0.0,2006-05-25
0.014,2006-05-26
0.021,2006-05-29
0.005,2006-05-30
-0.01,2006-05-31
0.025,2006-06-01
-0.009,2006-06-02
0.009,2006-06-05
-0.003,2006-06-06
-0.056,2006-06-07
0.001,2006-06-08
-0.026,2006-06-09
0.001,2006-06-12
-0.003,2006-06-13
-0.011,2006-06-14
0.002,2006-06-15
0.026,2006-06-16
0.007,2006-06-19
0.004,2006-06-20
0.004,2006-06-21
-0.001,2006-06-22
0.006,2006-06-23
0.017,2006-06-26
0.004,2006-06-27
-0.0,2006-06-28
0.019,2006-06-29
0.0,2006-06-30
0.015,2006-07-03
-0.009,2006-07-04
0.022,2006-07-05
0.013,2006-07-06
-0.007,2006-07-07
0.002,2006-07-10
0.007,2006-07-11
-0.003,2006-07-12
-0.051,2006-07-13
0.006,2006-07-14
0.011,2006-07-17
0.001,2006-07-18
-0.024,2006-07-19
0.006,2006-07-20
0.006,2006-07-21
0.0,2006-07-24
0.012,2006-07-25
0.001,2006-07-26
-0.007,2006-07-27
-0.008,2006-07-28
-0.031,2006-07-31
-0.008,2006-08-01
0.0,2006-08-02
0.0,2006-08-03
-0.02,2006-08-04
-0.015,2006-08-07
0.021,2006-08-08
-0.001,2006-08-09
0.017,2006-08-10
-0.0,2006-08-11
-0.022,2006-08-14
0.016,2006-08-15
0.013,2006-08-16
-0.008,2006-08-17
-0.003,2006-08-18
0.002,2006-08-21
0.008,2006-08-22
-0.001,2006-08-23
0.007,2006-08-24
0.0,2006-08-25
0.017,2006-08-28
0.0,2006-08-29
0.003,2006-08-30
0.002,2006-08-31
-0.013,2006-09-01
0.013,2006-09-04
0.004,2006-09-05
0.005,2006-09-06
-0.007,2006-09-07
0.004,2006-09-08
0.004,2006-09-11
0.012,2006-09-12
-0.004,2006-09-13
0.0,2006-09-14
0.018,2006-09-15
0.007,2006-09-18
0.001,2006-09-19
-0.002,2006-09-20
0.005,2006-09-21
-0.009,2006-09-22
-0.002,2006-09-25
-0.006,2006-09-26
0.007,2006-09-27
0.007,2006-09-28
0.009,2006-09-29
0.018,2006-10-09
-0.0,2006-10-10
0.003,2006-10-11
-0.007,2006-10-12
0.004,2006-10-13
-0.008,2006-10-16
-0.004,2006-10-17
0.013,2006-10-18
0.003,2006-10-19
-0.001,2006-10-20
-0.018,2006-10-23
0.025,2006-10-24
0.001,2006-10-25
0.002,2006-10-26
-0.002,2006-10-27
0.001,2006-10-30
0.015,2006-10-31
0.01,2006-11-01
-0.002,2006-11-02
0.008,2006-11-03
0.011,2006-11-06
0.002,2006-11-07
-0.012,2006-11-08
0.016,2006-11-09
-0.007,2006-11-10
-0.011,2006-11-13
0.013,2006-11-14
0.018,2006-11-15
0.01,2006-11-16
0.015,2006-11-17
0.023,2006-11-20
0.01,2006-11-21
0.002,2006-11-22
0.01,2006-11-23
-0.006,2006-11-24
-0.002,2006-11-27
-0.004,2006-11-28
0.007,2006-11-29
0.022,2006-11-30
0.001,2006-12-01
0.028,2006-12-04
0.005,2006-12-05
-0.008,2006-12-06
0.0,2006-12-07
-0.03,2006-12-08
0.04,2006-12-11
0.017,2006-12-12
0.002,2006-12-13
0.011,2006-12-14
0.011,2006-12-15
0.025,2006-12-18
0.013,2006-12-19
0.004,2006-12-20
-0.013,2006-12-21
0.0,2006-12-22
0.038,2006-12-25
0.018,2006-12-26
0.022,2006-12-27
0.012,2006-12-28
0.04,2006-12-29
0.015,2007-01-04
-0.028,2007-01-05
0.024,2007-01-08
0.036,2007-01-09
0.006,2007-01-10
-0.02,2007-01-11
-0.038,2007-01-12
0.045,2007-01-15
0.009,2007-01-16
-0.015,2007-01-17
-0.008,2007-01-18
0.027,2007-01-19
0.034,2007-01-22
0.005,2007-01-23
0.009,2007-01-24
-0.041,2007-01-25
0.009,2007-01-26
0.021,2007-01-29
-0.005,2007-01-30
-0.052,2007-01-31
-0.0,2007-02-01
-0.042,2007-02-02
-0.023,2007-02-05
0.024,2007-02-06
0.015,2007-02-07
0.008,2007-02-08
-0.003,2007-02-09
0.027,2007-02-12
0.009,2007-02-13
0.025,2007-02-14
0.029,2007-02-15
0.002,2007-02-16
0.014,2007-02-26
-0.097,2007-02-27
0.038,2007-02-28
-0.03,2007-03-01
0.012,2007-03-02
-0.017,2007-03-05
0.019,2007-03-06
0.019,2007-03-07
0.011,2007-03-08
0.003,2007-03-09
0.006,2007-03-12
0.003,2007-03-13
-0.02,2007-03-14
0.015,2007-03-15
-0.007,2007-03-16
0.028,2007-03-19
0.006,2007-03-20
0.008,2007-03-21
0.005,2007-03-22
0.001,2007-03-23
0.016,2007-03-26
0.005,2007-03-27
0.011,2007-03-28
0.008,2007-03-29
-0.004,2007-03-30
0.021,2007-04-02
0.012,2007-04-03
0.0,2007-04-04
0.008,2007-04-05
0.001,2007-04-06
0.022,2007-04-09
0.013,2007-04-10
0.015,2007-04-11
0.01,2007-04-12
-0.004,2007-04-13
0.022,2007-04-16
0.004,2007-04-17
0.0,2007-04-18
-0.047,2007-04-19
0.038,2007-04-20
0.034,2007-04-23
0.003,2007-04-24
0.006,2007-04-25
0.01,2007-04-26
-0.006,2007-04-27
0.021,2007-04-30
0.016,2007-05-09
0.009,2007-05-10
-0.007,2007-05-11
0.006,2007-05-14
-0.038,2007-05-15
0.022,2007-05-16
0.015,2007-05-17
-0.004,2007-05-18
0.01,2007-05-21
0.009,2007-05-22
0.015,2007-05-23
-0.005,2007-05-24
0.007,2007-05-25
0.022,2007-05-28
0.014,2007-05-29
-0.07,2007-05-30
0.014,2007-05-31
-0.027,2007-06-01
-0.09,2007-06-04
0.026,2007-06-05
0.002,2007-06-06
0.029,2007-06-07
0.006,2007-06-08
0.021,2007-06-11
0.019,2007-06-12
0.025,2007-06-13
-0.015,2007-06-14
0.004,2007-06-15
0.028,2007-06-18
0.004,2007-06-19
-0.021,2007-06-20
0.012,2007-06-21
-0.034,2007-06-22
-0.038,2007-06-25
0.008,2007-06-26
0.026,2007-06-27
-0.042,2007-06-28
-0.024,2007-06-29
0.004,2007-07-02
0.016,2007-07-03
-0.022,2007-07-04
-0.055,2007-07-05
0.044,2007-07-06
0.026,2007-07-09
-0.008,2007-07-10
0.003,2007-07-11
0.013,2007-07-12
-0.0,2007-07-13
-0.024,2007-07-16
0.019,2007-07-17
0.009,2007-07-18
-0.004,2007-07-19
0.036,2007-07-20
0.037,2007-07-23
-0.001,2007-07-24
0.026,2007-07-25
0.005,2007-07-26
-0.0,2007-07-27
0.021,2007-07-30
0.007,2007-07-31
-0.04,2007-08-01
0.024,2007-08-02
0.034,2007-08-03
0.015,2007-08-06
0.005,2007-08-07
0.003,2007-08-08
0.019,2007-08-09
-0.001,2007-08-10
0.015,2007-08-13
0.011,2007-08-14
-0.001,2007-08-15
-0.022,2007-08-16
-0.023,2007-08-17
0.051,2007-08-20
0.01,2007-08-21
0.005,2007-08-22
0.01,2007-08-23
0.015,2007-08-24
0.008,2007-08-27
0.009,2007-08-28
-0.017,2007-08-29
0.011,2007-08-30
0.01,2007-08-31
0.019,2007-09-03
-0.005,2007-09-04
0.003,2007-09-05
0.015,2007-09-06
-0.022,2007-09-07
0.015,2007-09-10
-0.047,2007-09-11
0.011,2007-09-12
0.019,2007-09-13
0.007,2007-09-14
0.02,2007-09-17
0.001,2007-09-18
-0.006,2007-09-19
0.014,2007-09-20
-0.003,2007-09-21
0.006,2007-09-24
-0.011,2007-09-25
-0.016,2007-09-26
0.013,2007-09-27
0.026,2007-09-28
0.025,2007-10-08
0.004,2007-10-09
0.01,2007-10-10
0.024,2007-10-11
-0.002,2007-10-12
0.021,2007-10-15
0.01,2007-10-16
-0.009,2007-10-17
-0.036,2007-10-18
-0.001,2007-10-19
-0.027,2007-10-22
0.018,2007-10-23
0.012,2007-10-24
-0.05,2007-10-25
0.005,2007-10-26
0.028,2007-10-29
0.025,2007-10-30
0.01,2007-10-31
-0.007,2007-11-01
-0.024,2007-11-02
-0.025,2007-11-05
-0.018,2007-11-06
0.012,2007-11-07
-0.051,2007-11-08
-0.003,2007-11-09
-0.025,2007-11-12
-0.006,2007-11-13
0.047,2007-11-14
-0.009,2007-11-15
-0.009,2007-11-16
-0.009,2007-11-19
0.005,2007-11-20
-0.015,2007-11-21
-0.046,2007-11-22
0.01,2007-11-23
-0.015,2007-11-26
-0.02,2007-11-27
-0.012,2007-11-28
0.04,2007-11-29
-0.027,2007-11-30
-0.001,2007-12-03
0.01,2007-12-04
0.025,2007-12-05
-0.002,2007-12-06
0.011,2007-12-07
0.014,2007-12-10
0.003,2007-12-11
-0.016,2007-12-12
-0.028,2007-12-13
0.01,2007-12-14
-0.027,2007-12-17
-0.008,2007-12-18
0.021,2007-12-19
0.02,2007-12-20
0.011,2007-12-21
0.025,2007-12-24
-0.006,2007-12-25
0.006,2007-12-26
0.014,2007-12-27
-0.009,2007-12-28
0.002,2008-01-02
0.009,2008-01-03
0.008,2008-01-04
0.006,2008-01-07
-0.001,2008-01-08
0.009,2008-01-09
0.004,2008-01-10
0.005,2008-01-11
0.002,2008-01-14
-0.01,2008-01-15
-0.029,2008-01-16
-0.027,2008-01-17
0.006,2008-01-18
-0.054,2008-01-21
-0.078,2008-01-22
0.03,2008-01-23
0.003,2008-01-24
0.009,2008-01-25
-0.077,2008-01-28
0.009,2008-01-29
-0.009,2008-01-30
-0.008,2008-01-31
-0.014,2008-02-01
0.075,2008-02-04
-0.016,2008-02-05
-0.024,2008-02-13
0.014,2008-02-14
-0.012,2008-02-15
0.016,2008-02-18
0.021,2008-02-19
-0.021,2008-02-20
-0.009,2008-02-21
-0.036,2008-02-22
-0.042,2008-02-25
0.011,2008-02-26
0.022,2008-02-27
-0.008,2008-02-28
0.011,2008-02-29
0.02,2008-03-03
-0.024,2008-03-04
-0.01,2008-03-05
0.016,2008-03-06
-0.014,2008-03-07
-0.037,2008-03-10
0.005,2008-03-11
-0.024,2008-03-12
-0.025,2008-03-13
-0.002,2008-03-14
-0.037,2008-03-17
-0.041,2008-03-18
0.025,2008-03-19
0.011,2008-03-20
-0.002,2008-03-21
-0.047,2008-03-24
0.001,2008-03-25
-0.006,2008-03-26
-0.057,2008-03-27
0.047,2008-03-28
-0.031,2008-03-31
-0.043,2008-04-01
0.006,2008-04-02
0.029,2008-04-03
0.043,2008-04-07
0.004,2008-04-08
-0.058,2008-04-09
0.017,2008-04-10
0.006,2008-04-11
-0.06,2008-04-14
0.015,2008-04-15
-0.017,2008-04-16
-0.021,2008-04-17
-0.041,2008-04-18
0.007,2008-04-21
0.01,2008-04-22
0.04,2008-04-23
0.085,2008-04-24
-0.007,2008-04-25
-0.024,2008-04-28
0.014,2008-04-29
0.046,2008-04-30
0.018,2008-05-05
-0.007,2008-05-06
-0.043,2008-05-07
0.021,2008-05-08
-0.012,2008-05-09
0.004,2008-05-12
-0.019,2008-05-13
0.027,2008-05-14
-0.006,2008-05-15
-0.004,2008-05-16
-0.005,2008-05-19
-0.047,2008-05-20
0.029,2008-05-21
-0.017,2008-05-22
-0.004,2008-05-23
-0.032,2008-05-26
0.003,2008-05-27
0.024,2008-05-28
-0.017,2008-05-29
0.009,2008-05-30
0.007,2008-06-02
-0.007,2008-06-03
-0.02,2008-06-04
-0.005,2008-06-05
-0.007,2008-06-06
-0.084,2008-06-10
-0.016,2008-06-11
-0.023,2008-06-12
-0.031,2008-06-13
0.002,2008-06-16
-0.028,2008-06-17
0.05,2008-06-18
-0.07,2008-06-19
0.029,2008-06-20
-0.026,2008-06-23
0.015,2008-06-24
0.035,2008-06-25
-0.001,2008-06-26
-0.056,2008-06-27
-0.005,2008-06-30
-0.032,2008-07-01
0.0,2008-07-02
0.019,2008-07-03
-0.013,2008-07-04
0.044,2008-07-07
0.008,2008-07-08
0.036,2008-07-09
-0.016,2008-07-10
-0.007,2008-07-11
0.008,2008-07-14
-0.036,2008-07-15
-0.027,2008-07-16
-0.008,2008-07-17
0.034,2008-07-18
0.029,2008-07-21
-0.005,2008-07-22
-0.003,2008-07-23
0.025,2008-07-24
-0.016,2008-07-25
0.013,2008-07-28
-0.018,2008-07-29
-0.005,2008-07-30
-0.022,2008-07-31
0.009,2008-08-01
-0.022,2008-08-04
-0.019,2008-08-05
0.011,2008-08-06
0.003,2008-08-07
-0.047,2008-08-08
-0.055,2008-08-11
-0.005,2008-08-12
-0.004,2008-08-13
-0.004,2008-08-14
0.006,2008-08-15
-0.056,2008-08-18
0.01,2008-08-19
0.071,2008-08-20
-0.038,2008-08-21
-0.011,2008-08-22
0.003,2008-08-25
-0.027,2008-08-26
-0.003,2008-08-27
0.003,2008-08-28
0.02,2008-08-29
-0.031,2008-09-01
-0.009,2008-09-02
-0.012,2008-09-03
0.0,2008-09-04
-0.034,2008-09-05
-0.028,2008-09-08
0.001,2008-09-09
0.002,2008-09-10
-0.035,2008-09-11
0.0,2008-09-12
-0.047,2008-09-16
-0.03,2008-09-17
-0.018,2008-09-18
0.086,2008-09-19
0.072,2008-09-22
-0.016,2008-09-23
0.007,2008-09-24
0.035,2008-09-25
-0.002,2008-09-26
-0.055,2008-10-06
-0.007,2008-10-07
-0.031,2008-10-08
-0.009,2008-10-09
-0.037,2008-10-10
0.035,2008-10-13
-0.028,2008-10-14
-0.011,2008-10-15
-0.044,2008-10-16
0.011,2008-10-17
0.022,2008-10-20
-0.008,2008-10-21
-0.033,2008-10-22
-0.011,2008-10-23
-0.02,2008-10-24
-0.067,2008-10-27
0.027,2008-10-28
-0.03,2008-10-29
0.025,2008-10-30
-0.02,2008-10-31
-0.005,2008-11-03
-0.008,2008-11-04
0.031,2008-11-05
-0.025,2008-11-06
0.017,2008-11-07
0.068,2008-11-10
-0.017,2008-11-11
0.008,2008-11-12
0.036,2008-11-13
0.03,2008-11-14
0.022,2008-11-17
-0.067,2008-11-18
0.057,2008-11-19
-0.017,2008-11-20
-0.007,2008-11-21
-0.038,2008-11-24
-0.004,2008-11-25
0.005,2008-11-26
0.01,2008-11-27
-0.025,2008-11-28
0.012,2008-12-01
-0.003,2008-12-02
0.039,2008-12-03
0.018,2008-12-04
0.008,2008-12-05
0.034,2008-12-08
-0.026,2008-12-09
0.02,2008-12-10
-0.023,2008-12-11
-0.04,2008-12-12
0.005,2008-12-15
0.005,2008-12-16
0.001,2008-12-17
0.019,2008-12-18
0.001,2008-12-19
-0.015,2008-12-22
-0.048,2008-12-23
-0.018,2008-12-24
-0.006,2008-12-25
-0.0,2008-12-26
-0.001,2008-12-29
-0.01,2008-12-30
-0.007,2008-12-31
0.032,2009-01-05
0.029,2009-01-06
-0.007,2009-01-07
-0.024,2009-01-08
0.014,2009-01-09
-0.002,2009-01-12
-0.02,2009-01-13
0.034,2009-01-14
-0.005,2009-01-15
0.018,2009-01-16
0.016,2009-01-19
0.004,2009-01-20
-0.005,2009-01-21
0.01,2009-01-22
-0.007,2009-01-23
0.01,2009-02-02
0.024,2009-02-03
0.022,2009-02-04
-0.005,2009-02-05
0.038,2009-02-06
0.02,2009-02-09
0.018,2009-02-10
-0.002,2009-02-11
-0.006,2009-02-12
0.031,2009-02-13
0.029,2009-02-16
-0.03,2009-02-17
-0.05,2009-02-18
0.008,2009-02-19
0.015,2009-02-20
0.019,2009-02-23
-0.048,2009-02-24
0.003,2009-02-25
-0.04,2009-02-26
-0.018,2009-02-27
0.005,2009-03-02
-0.011,2009-03-03
0.058,2009-03-04
0.01,2009-03-05
-0.013,2009-03-06
-0.035,2009-03-09
0.018,2009-03-10
-0.009,2009-03-11
-0.002,2009-03-12
-0.002,2009-03-13
0.011,2009-03-16
0.029,2009-03-17
0.002,2009-03-18
0.019,2009-03-19
0.007,2009-03-20
0.019,2009-03-23
0.006,2009-03-24
-0.02,2009-03-25
0.03,2009-03-26
0.005,2009-03-27
-0.007,2009-03-30
0.006,2009-03-31
0.014,2009-04-01
0.007,2009-04-02
-0.002,2009-04-03
0.008,2009-04-07
-0.039,2009-04-08
0.014,2009-04-09
0.026,2009-04-10
0.028,2009-04-13
0.005,2009-04-14
0.003,2009-04-15
-0.001,2009-04-16
-0.012,2009-04-17
0.021,2009-04-20
-0.009,2009-04-21
-0.03,2009-04-22
0.001,2009-04-23
-0.006,2009-04-24
-0.018,2009-04-27
-0.002,2009-04-28
0.027,2009-04-29
0.004,2009-04-30
0.032,2009-05-04
0.003,2009-05-05
0.01,2009-05-06
0.002,2009-05-07
0.011,2009-05-08
-0.018,2009-05-11
0.015,2009-05-12
0.017,2009-05-13
-0.009,2009-05-14
0.002,2009-05-15
0.003,2009-05-18
0.009,2009-05-19
-0.01,2009-05-20
-0.016,2009-05-21
-0.005,2009-05-22
0.005,2009-05-25
-0.008,2009-05-26
0.017,2009-05-27
0.032,2009-06-01
0.001,2009-06-02
0.02,2009-06-03
-0.004,2009-06-04
-0.005,2009-06-05
0.005,2009-06-08
0.007,2009-06-09
0.01,2009-06-10
-0.007,2009-06-11
-0.02,2009-06-12
0.016,2009-06-15
-0.005,2009-06-16
0.012,2009-06-17
0.015,2009-06-18
0.009,2009-06-19
0.005,2009-06-22
-0.001,2009-06-23
0.01,2009-06-24
0.001,2009-06-25
0.001,2009-06-26
0.016,2009-06-29
-0.005,2009-06-30
0.016,2009-07-01
0.017,2009-07-02
0.009,2009-07-03
0.012,2009-07-06
-0.011,2009-07-07
-0.003,2009-07-08
0.014,2009-07-09
-0.003,2009-07-10
-0.011,2009-07-13
0.021,2009-07-14
0.014,2009-07-15
-0.002,2009-07-16
0.002,2009-07-17
0.024,2009-07-20
-0.017,2009-07-21
0.025,2009-07-22
0.01,2009-07-23
0.013,2009-07-24
0.018,2009-07-27
0.001,2009-07-28
-0.053,2009-07-29
0.017,2009-07-30
0.027,2009-07-31
0.015,2009-08-03
0.003,2009-08-04
-0.013,2009-08-05
-0.022,2009-08-06
-0.029,2009-08-07
-0.003,2009-08-10
0.005,2009-08-11
-0.049,2009-08-12
0.009,2009-08-13
-0.031,2009-08-14
-0.061,2009-08-17
0.014,2009-08-18
-0.045,2009-08-19
0.043,2009-08-20
0.017,2009-08-21
0.011,2009-08-24
-0.027,2009-08-25
0.017,2009-08-26
-0.007,2009-08-27
-0.03,2009-08-28
-0.072,2009-08-31
0.006,2009-09-01
0.012,2009-09-02
0.046,2009-09-03
0.006,2009-09-04
0.007,2009-09-07
0.017,2009-09-08
0.005,2009-09-09
-0.007,2009-09-10
0.022,2009-09-11
0.012,2009-09-14
0.002,2009-09-15
-0.011,2009-09-16
0.02,2009-09-17
-0.033,2009-09-18
0.001,2009-09-21
-0.024,2009-09-22
-0.019,2009-09-23
0.004,2009-09-24
-0.005,2009-09-25
-0.027,2009-09-28
-0.003,2009-09-29
0.009,2009-09-30
0.045,2009-10-09
-0.006,2009-10-12
0.014,2009-10-13
0.012,2009-10-14
0.003,2009-10-15
-0.001,2009-10-16
0.02,2009-10-19
0.015,2009-10-20
-0.005,2009-10-21
-0.006,2009-10-22
0.018,2009-10-23
0.001,2009-10-26
-0.029,2009-10-27
0.003,2009-10-28
-0.024,2009-10-29
0.012,2009-10-30
0.026,2009-11-02
0.012,2009-11-03
0.005,2009-11-04
0.008,2009-11-05
0.003,2009-11-06
0.004,2009-11-09
0.001,2009-11-10
-0.001,2009-11-11
-0.001,2009-11-12
0.005,2009-11-13
0.027,2009-11-16
0.002,2009-11-17
0.006,2009-11-18
0.005,2009-11-19
-0.004,2009-11-20
0.009,2009-11-23
-0.036,2009-11-24
0.02,2009-11-25
-0.038,2009-11-26
-0.024,2009-11-27
0.031,2009-11-30
0.012,2009-12-01
0.011,2009-12-02
-0.002,2009-12-03
0.016,2009-12-04
0.004,2009-12-07
-0.011,2009-12-08
-0.018,2009-12-09
0.005,2009-12-10
-0.002,2009-12-11
0.017,2009-12-14
-0.009,2009-12-15
-0.006,2009-12-16
-0.024,2009-12-17
-0.021,2009-12-18
0.003,2009-12-21
-0.024,2009-12-22
0.008,2009-12-23
0.025,2009-12-24
-0.004,2009-12-25
0.015,2009-12-28
0.007,2009-12-29
0.016,2009-12-30
0.004,2009-12-31
-0.01,2010-01-04
0.012,2010-01-05
-0.009,2010-01-06
-0.019,2010-01-07
0.001,2010-01-08
0.005,2010-01-11
0.019,2010-01-12
-0.032,2010-01-13
0.013,2010-01-14
0.003,2010-01-15
0.004,2010-01-18
0.003,2010-01-19
-0.03,2010-01-20
0.002,2010-01-21
-0.01,2010-01-22
-0.011,2010-01-25
-0.025,2010-01-26
-0.011,2010-01-27
0.003,2010-01-28
-0.002,2010-01-29
-0.016,2010-02-01
-0.002,2010-02-02
0.023,2010-02-03
-0.003,2010-02-04
-0.019,2010-02-05
-0.001,2010-02-08
0.005,2010-02-09
0.011,2010-02-10
0.001,2010-02-11
0.011,2010-02-12
-0.005,2010-02-22
-0.007,2010-02-23
0.013,2010-02-24
0.013,2010-02-25
-0.003,2010-02-26
0.012,2010-03-01
-0.005,2010-03-02
0.008,2010-03-03
-0.024,2010-03-04
0.003,2010-03-05
0.007,2010-03-08
0.005,2010-03-09
-0.007,2010-03-10
0.001,2010-03-11
-0.013,2010-03-12
-0.012,2010-03-15
0.005,2010-03-16
0.019,2010-03-17
-0.001,2010-03-18
0.007,2010-03-19
0.002,2010-03-22
-0.007,2010-03-23
0.001,2010-03-24
-0.012,2010-03-25
0.013,2010-03-26
0.021,2010-03-29
0.001,2010-03-30
-0.006,2010-03-31
0.012,2010-04-01
0.003,2010-04-02
0.0,2010-04-06
-0.003,2010-04-07
-0.009,2010-04-08
0.008,2010-04-09
-0.005,2010-04-12
0.01,2010-04-13
0.002,2010-04-14
-0.0,2010-04-15
-0.011,2010-04-16
-0.05,2010-04-19
-0.0,2010-04-20
0.018,2010-04-21
-0.011,2010-04-22
-0.005,2010-04-23
-0.005,2010-04-26
-0.021,2010-04-27
-0.003,2010-04-28
-0.011,2010-04-29
0.001,2010-04-30
-0.012,2010-05-04
0.008,2010-05-05
-0.043,2010-05-06
-0.019,2010-05-07
0.004,2010-05-10
-0.019,2010-05-11
0.003,2010-05-12
0.02,2010-05-13
-0.005,2010-05-14
-0.053,2010-05-17
0.013,2010-05-18
-0.003,2010-05-19
-0.012,2010-05-20
0.011,2010-05-21
0.034,2010-05-24
-0.019,2010-05-25
0.001,2010-05-26
0.011,2010-05-27
-0.0,2010-05-28
-0.025,2010-05-31
-0.009,2010-06-01
0.001,2010-06-02
-0.007,2010-06-03
0.0,2010-06-04
-0.017,2010-06-07
0.001,2010-06-08
0.027,2010-06-09
-0.008,2010-06-10
0.003,2010-06-11
-0.0,2010-06-15
-0.004,2010-06-17
-0.019,2010-06-18
0.028,2010-06-21
0.001,2010-06-22
-0.007,2010-06-23
-0.001,2010-06-24
-0.005,2010-06-25
-0.007,2010-06-28
-0.045,2010-06-29
-0.012,2010-06-30
-0.01,2010-07-01
0.004,2010-07-02
-0.008,2010-07-05
0.019,2010-07-06
0.005,2010-07-07
-0.002,2010-07-08
0.023,2010-07-09
0.008,2010-07-12
-0.017,2010-07-13
0.008,2010-07-14
-0.019,2010-07-15
-0.0,2010-07-16
0.021,2010-07-19
0.021,2010-07-20
0.003,2010-07-21
0.011,2010-07-22
0.004,2010-07-23
0.006,2010-07-26
-0.005,2010-07-27
0.022,2010-07-28
0.005,2010-07-29
-0.004,2010-07-30
0.013,2010-08-02
-0.017,2010-08-03
0.004,2010-08-04
-0.007,2010-08-05
0.014,2010-08-06
0.005,2010-08-09
-0.03,2010-08-10
0.005,2010-08-11
-0.012,2010-08-12
0.012,2010-08-13
0.021,2010-08-16
0.004,2010-08-17
-0.002,2010-08-18
0.008,2010-08-19
-0.017,2010-08-20
-0.001,2010-08-23
0.004,2010-08-24
-0.021,2010-08-25
0.003,2010-08-26
0.003,2010-08-27
0.016,2010-08-30
-0.005,2010-08-31
-0.006,2010-09-01
0.012,2010-09-02
-0.0,2010-09-03
0.015,2010-09-06
0.001,2010-09-07
-0.001,2010-09-08
-0.015,2010-09-09
0.003,2010-09-10
0.009,2010-09-13
0.0,2010-09-14
-0.014,2010-09-15
-0.019,2010-09-16
-0.001,2010-09-17
-0.004,2010-09-20
0.001,2010-09-21
0.014,2010-09-27
-0.006,2010-09-28
-0.0,2010-09-29
0.017,2010-09-30
0.03,2010-10-08
0.024,2010-10-11
0.012,2010-10-12
0.007,2010-10-13
0.006,2010-10-14
0.031,2010-10-15
-0.005,2010-10-18
0.016,2010-10-19
0.001,2010-10-20
-0.007,2010-10-21
-0.003,2010-10-22
0.025,2010-10-25
-0.003,2010-10-26
-0.015,2010-10-27
-0.001,2010-10-28
-0.005,2010-10-29
0.025,2010-11-01
-0.003,2010-11-02
-0.005,2010-11-03
0.018,2010-11-04
0.014,2010-11-05
0.009,2010-11-08
-0.008,2010-11-09
-0.006,2010-11-10
0.01,2010-11-11
-0.054,2010-11-12
0.01,2010-11-15
-0.041,2010-11-16
-0.02,2010-11-17
0.009,2010-11-18
0.008,2010-11-19
-0.001,2010-11-22
-0.02,2010-11-23
0.011,2010-11-24
0.013,2010-11-25
-0.009,2010-11-26
-0.002,2010-11-29
-0.016,2010-11-30
0.001,2010-12-01
0.007,2010-12-02
-0.0,2010-12-03
0.005,2010-12-06
0.006,2010-12-07
-0.01,2010-12-08
-0.013,2010-12-09
0.011,2010-12-10
0.028,2010-12-13
0.001,2010-12-14
-0.005,2010-12-15
-0.005,2010-12-16
-0.002,2010-12-17
-0.014,2010-12-20
0.018,2010-12-21
-0.009,2010-12-22
-0.008,2010-12-23
-0.007,2010-12-24
-0.019,2010-12-27
-0.018,2010-12-28
0.007,2010-12-29
0.003,2010-12-30
0.017,2010-12-31
0.016,2011-01-04
-0.005,2011-01-05
-0.005,2011-01-06
0.005,2011-01-07
-0.017,2011-01-10
0.004,2011-01-11
0.006,2011-01-12
0.002,2011-01-13
-0.013,2011-01-14
-0.031,2011-01-17
0.001,2011-01-18
0.018,2011-01-19
-0.03,2011-01-20
0.014,2011-01-21
-0.007,2011-01-24
-0.007,2011-01-25
0.012,2011-01-26
0.015,2011-01-27
0.001,2011-01-28
0.014,2011-01-31
0.003,2011-02-01
-0.009,2011-02-09
0.016,2011-02-10
0.003,2011-02-11
0.025,2011-02-14
0.0,2011-02-15
0.008,2011-02-16
0.001,2011-02-17
-0.009,2011-02-18
0.011,2011-02-21
-0.027,2011-02-22
0.002,2011-02-23
0.006,2011-02-24
-0.0,2011-02-25
0.009,2011-02-28
0.005,2011-03-01
-0.002,2011-03-02
-0.004,2011-03-03
0.013,2011-03-04
0.018,2011-03-07
0.001,2011-03-08
0.001,2011-03-09
-0.015,2011-03-10
-0.008,2011-03-11
0.001,2011-03-14
-0.014,2011-03-15
0.012,2011-03-16
-0.012,2011-03-17
0.003,2011-03-18
0.001,2011-03-21
0.003,2011-03-22
0.01,2011-03-23
-0.001,2011-03-24
0.01,2011-03-25
0.002,2011-03-28
-0.009,2011-03-29
-0.001,2011-03-30
-0.009,2011-03-31
0.013,2011-04-01
0.011,2011-04-06
0.002,2011-04-07
0.007,2011-04-08
-0.002,2011-04-11
-0.0,2011-04-12
0.01,2011-04-13
-0.003,2011-04-14
0.003,2011-04-15
0.002,2011-04-18
-0.019,2011-04-19
0.003,2011-04-20
0.006,2011-04-21
-0.005,2011-04-22
-0.015,2011-04-25
-0.009,2011-04-26
-0.005,2011-04-27
-0.013,2011-04-28
0.008,2011-04-29
0.007,2011-05-03
-0.023,2011-05-04
0.002,2011-05-05
-0.003,2011-05-06
0.003,2011-05-09
0.006,2011-05-10
-0.003,2011-05-11
-0.014,2011-05-12
0.009,2011-05-13
-0.008,2011-05-16
0.001,2011-05-17
0.007,2011-05-18
-0.005,2011-05-19
-0.0,2011-05-20
-0.03,2011-05-23
-0.003,2011-05-24
-0.009,2011-05-25
-0.002,2011-05-26
-0.01,2011-05-27
-0.001,2011-05-30
0.014,2011-05-31
0.0,2011-06-01
-0.014,2011-06-02
0.008,2011-06-03
0.006,2011-06-07
0.002,2011-06-08
-0.017,2011-06-09
0.001,2011-06-10
-0.002,2011-06-13
0.011,2011-06-14
-0.009,2011-06-15
-0.015,2011-06-16
-0.008,2011-06-17
-0.008,2011-06-20
0.01,2011-06-21
0.001,2011-06-22
0.014,2011-06-23
0.021,2011-06-24
0.004,2011-06-27
0.0,2011-06-28
-0.011,2011-06-29
0.012,2011-06-30
-0.001,2011-07-01
0.019,2011-07-04
0.001,2011-07-05
-0.002,2011-07-06
-0.006,2011-07-07
0.001,2011-07-08
0.002,2011-07-11
-0.017,2011-07-12
0.015,2011-07-13
0.005,2011-07-14
0.003,2011-07-15
-0.001,2011-07-18
-0.007,2011-07-19
-0.001,2011-07-20
-0.01,2011-07-21
0.002,2011-07-22
-0.031,2011-07-25
0.005,2011-07-26
0.008,2011-07-27
-0.005,2011-07-28
-0.003,2011-07-29
0.001,2011-08-01
-0.009,2011-08-02
-0.0,2011-08-03
0.002,2011-08-04
-0.022,2011-08-05
-0.039,2011-08-08
-0.0,2011-08-09
0.009,2011-08-10
0.013,2011-08-11
0.004,2011-08-12
0.013,2011-08-15
-0.007,2011-08-16
-0.003,2011-08-17
-0.016,2011-08-18
-0.01,2011-08-19
-0.007,2011-08-22
0.015,2011-08-23
-0.005,2011-08-24
0.028,2011-08-25
-0.001,2011-08-26
-0.014,2011-08-29
-0.004,2011-08-30
0.0,2011-08-31
-0.004,2011-09-01
-0.011,2011-09-02
-0.02,2011-09-05
-0.003,2011-09-06
0.018,2011-09-07
-0.007,2011-09-08
-0.0,2011-09-09
-0.011,2011-09-13
0.005,2011-09-14
-0.002,2011-09-15
0.001,2011-09-16
-0.018,2011-09-19
0.004,2011-09-20
0.026,2011-09-21
-0.029,2011-09-22
-0.004,2011-09-23
-0.017,2011-09-26
0.009,2011-09-27
-0.01,2011-09-28
-0.011,2011-09-29
-0.003,2011-09-30
-0.006,2011-10-10
0.002,2011-10-11
0.03,2011-10-12
0.008,2011-10-13
-0.003,2011-10-14
0.004,2011-10-17
-0.024,2011-10-18
-0.003,2011-10-19
-0.02,2011-10-20
-0.006,2011-10-21
0.022,2011-10-24
0.016,2011-10-25
0.007,2011-10-26
0.003,2011-10-27
0.015,2011-10-28
-0.002,2011-10-31
0.001,2011-11-01
0.014,2011-11-02
0.002,2011-11-03
0.008,2011-11-04
-0.007,2011-11-07
-0.002,2011-11-08
0.008,2011-11-09
-0.018,2011-11-10
0.001,2011-11-11
0.019,2011-11-14
0.0,2011-11-15
-0.025,2011-11-16
-0.002,2011-11-17
-0.019,2011-11-18
-0.001,2011-11-21
-0.001,2011-11-22
-0.007,2011-11-23
0.001,2011-11-24
-0.007,2011-11-25
0.001,2011-11-28
0.012,2011-11-29
-0.034,2011-11-30
0.022,2011-12-01
-0.011,2011-12-02
-0.012,2011-12-05
-0.003,2011-12-06
0.003,2011-12-07
-0.001,2011-12-08
-0.006,2011-12-09
-0.01,2011-12-12
-0.019,2011-12-13
-0.009,2011-12-14
-0.022,2011-12-15
0.02,2011-12-16
-0.003,2011-12-19
-0.001,2011-12-20
-0.011,2011-12-21
-0.002,2011-12-22
0.008,2011-12-23
-0.007,2011-12-26
-0.011,2011-12-27
0.002,2011-12-28
0.002,2011-12-29
0.012,2011-12-30
-0.014,2012-01-04
-0.01,2012-01-05
0.007,2012-01-06
0.028,2012-01-09
0.026,2012-01-10
-0.004,2012-01-11
-0.0,2012-01-12
-0.014,2012-01-13
-0.017,2012-01-16
0.04,2012-01-17
-0.014,2012-01-18
0.013,2012-01-19
0.01,2012-01-20
-0.015,2012-01-30
0.003,2012-01-31
-0.011,2012-02-01
0.019,2012-02-02
0.008,2012-02-03
0.0,2012-02-06
-0.017,2012-02-07
0.024,2012-02-08
0.001,2012-02-09
0.001,2012-02-10
-0.0,2012-02-13
-0.003,2012-02-14
0.009,2012-02-15
-0.004,2012-02-16
0.0,2012-02-17
0.003,2012-02-20
0.007,2012-02-21
0.009,2012-02-22
0.002,2012-02-23
0.012,2012-02-24
0.003,2012-02-27
0.002,2012-02-28
-0.01,2012-02-29
-0.001,2012-03-01
0.014,2012-03-02
-0.006,2012-03-05
-0.014,2012-03-06
-0.007,2012-03-07
0.011,2012-03-08
0.008,2012-03-09
-0.002,2012-03-12
0.009,2012-03-13
-0.027,2012-03-14
-0.007,2012-03-15
0.013,2012-03-16
0.002,2012-03-19
-0.014,2012-03-20
0.001,2012-03-21
-0.001,2012-03-22
-0.011,2012-03-23
0.0,2012-03-26
-0.001,2012-03-27
-0.027,2012-03-28
-0.015,2012-03-29
0.005,2012-03-30
0.017,2012-04-05
0.002,2012-04-06
-0.009,2012-04-09
0.009,2012-04-10
0.001,2012-04-11
0.018,2012-04-12
0.004,2012-04-13
-0.001,2012-04-16
-0.009,2012-04-17
0.019,2012-04-18
-0.001,2012-04-19
0.012,2012-04-20
-0.008,2012-04-23
0.0,2012-04-24
0.007,2012-04-25
-0.001,2012-04-26
-0.003,2012-04-27
0.017,2012-05-02
0.001,2012-05-03
0.005,2012-05-04
-0.0,2012-05-07
-0.001,2012-05-08
-0.017,2012-05-09
0.001,2012-05-10
-0.006,2012-05-11
-0.006,2012-05-14
-0.002,2012-05-15
-0.012,2012-05-16
0.014,2012-05-17
-0.015,2012-05-18
0.002,2012-05-21
0.011,2012-05-22
-0.004,2012-05-23
-0.005,2012-05-24
-0.007,2012-05-25
0.012,2012-05-28
0.012,2012-05-29
-0.002,2012-05-30
-0.005,2012-05-31
0.001,2012-06-01
-0.028,2012-06-04
0.001,2012-06-05
-0.001,2012-06-06
-0.007,2012-06-07
-0.005,2012-06-08
0.011,2012-06-11
-0.007,2012-06-12
0.013,2012-06-13
-0.01,2012-06-14
0.005,2012-06-15
0.004,2012-06-18
-0.007,2012-06-19
-0.003,2012-06-20
-0.014,2012-06-21
-0.017,2012-06-25
-0.001,2012-06-26
-0.002,2012-06-27
-0.01,2012-06-28
0.013,2012-06-29
0.0,2012-07-02
0.001,2012-07-03
-0.001,2012-07-04
-0.012,2012-07-05
0.01,2012-07-06
-0.024,2012-07-09
-0.003,2012-07-10
0.005,2012-07-11
0.005,2012-07-12
0.0,2012-07-13
-0.018,2012-07-16
0.006,2012-07-17
0.004,2012-07-18
0.007,2012-07-19
-0.007,2012-07-20
-0.013,2012-07-23
0.002,2012-07-24
-0.005,2012-07-25
-0.005,2012-07-26
0.001,2012-07-27
-0.009,2012-07-30
-0.003,2012-07-31
0.009,2012-08-01
-0.006,2012-08-02
0.01,2012-08-03
0.01,2012-08-06
0.001,2012-08-07
0.002,2012-08-08
0.006,2012-08-09
-0.002,2012-08-10
-0.015,2012-08-13
0.003,2012-08-14
-0.011,2012-08-15
-0.003,2012-08-16
0.001,2012-08-17
-0.004,2012-08-20
0.005,2012-08-21
-0.005,2012-08-22
0.003,2012-08-23
-0.01,2012-08-24
-0.018,2012-08-27
0.008,2012-08-28
-0.01,2012-08-29
-0.0,2012-08-30
-0.002,2012-08-31
0.006,2012-09-03
-0.008,2012-09-04
-0.003,2012-09-05
0.007,2012-09-06
0.036,2012-09-07
0.003,2012-09-10
-0.007,2012-09-11
0.003,2012-09-12
-0.008,2012-09-13
0.006,2012-09-14
-0.022,2012-09-17
-0.009,2012-09-18
0.004,2012-09-19
-0.021,2012-09-20
0.001,2012-09-21
0.003,2012-09-24
-0.002,2012-09-25
-0.013,2012-09-26
0.025,2012-09-27
0.014,2012-09-28
-0.006,2012-10-08
0.019,2012-10-09
0.002,2012-10-10
-0.008,2012-10-11
0.001,2012-10-12
-0.003,2012-10-15
0.0,2012-10-16
0.003,2012-10-17
0.012,2012-10-18
-0.002,2012-10-19
0.002,2012-10-22
-0.009,2012-10-23
0.001,2012-10-24
-0.007,2012-10-25
-0.017,2012-10-26
-0.004,2012-10-29
0.002,2012-10-30
0.003,2012-10-31
0.017,2012-11-01
0.006,2012-11-02
-0.001,2012-11-05
-0.004,2012-11-06
-0.0,2012-11-07
-0.017,2012-11-08
-0.001,2012-11-09
0.005,2012-11-12
-0.015,2012-11-13
0.004,2012-11-14
-0.012,2012-11-15
-0.008,2012-11-16
0.001,2012-11-19
-0.004,2012-11-20
0.011,2012-11-21
-0.007,2012-11-22
0.006,2012-11-23
-0.005,2012-11-26
-0.013,2012-11-27
-0.009,2012-11-28
-0.005,2012-11-29
0.008,2012-11-30
-0.01,2012-12-03
0.008,2012-12-04
0.028,2012-12-05
-0.001,2012-12-06
0.016,2012-12-07
0.011,2012-12-10
-0.004,2012-12-11
0.004,2012-12-12
-0.01,2012-12-13
0.041,2012-12-14
0.004,2012-12-17
0.001,2012-12-18
-0.0,2012-12-19
0.003,2012-12-20
-0.007,2012-12-21
0.003,2012-12-24
0.025,2012-12-25
0.002,2012-12-26
-0.006,2012-12-27
0.012,2012-12-28
0.016,2012-12-31
0.003,2013-01-04
0.004,2013-01-07
-0.004,2013-01-08
-0.0,2013-01-09
0.004,2013-01-10
-0.018,2013-01-11
0.03,2013-01-14
0.006,2013-01-15
-0.007,2013-01-16
-0.011,2013-01-17
0.014,2013-01-18
0.005,2013-01-21
-0.006,2013-01-22
0.002,2013-01-23
-0.008,2013-01-24
-0.005,2013-01-25
0.024,2013-01-28
0.005,2013-01-29
0.01,2013-01-30
0.001,2013-01-31
0.014,2013-02-01
0.004,2013-02-04
0.002,2013-02-05
0.001,2013-02-06
-0.007,2013-02-07
0.006,2013-02-08
-0.004,2013-02-18
-0.016,2013-02-19
0.006,2013-02-20
-0.031,2013-02-21
-0.005,2013-02-22
0.005,2013-02-25
-0.014,2013-02-26
0.009,2013-02-27
0.022,2013-02-28
-0.003,2013-03-01
-0.038,2013-03-04
0.023,2013-03-05
0.009,2013-03-06
-0.01,2013-03-07
-0.002,2013-03-08
-0.003,2013-03-11
-0.01,2013-03-12
-0.01,2013-03-13
0.003,2013-03-14
0.004,2013-03-15
-0.017,2013-03-18
0.008,2013-03-19
0.026,2013-03-20
0.003,2013-03-21
0.002,2013-03-22
-0.001,2013-03-25
-0.013,2013-03-26
0.002,2013-03-27
-0.029,2013-03-28
0.0,2013-03-29
-0.001,2013-04-01
-0.003,2013-04-02
-0.001,2013-04-03
-0.006,2013-04-08
0.006,2013-04-09
0.0,2013-04-10
-0.003,2013-04-11
-0.006,2013-04-12
-0.011,2013-04-15
0.006,2013-04-16
-0.0,2013-04-17
0.002,2013-04-18
0.021,2013-04-19
-0.001,2013-04-22
-0.026,2013-04-23
0.015,2013-04-24
-0.009,2013-04-25
-0.01,2013-04-26
-0.002,2013-05-02
0.014,2013-05-03
0.012,2013-05-06
0.002,2013-05-07
0.005,2013-05-08
-0.006,2013-05-09
0.006,2013-05-10
-0.002,2013-05-13
-0.011,2013-05-14
0.004,2013-05-15
0.012,2013-05-16
0.014,2013-05-17
0.007,2013-05-20
0.002,2013-05-21
-0.001,2013-05-22
-0.012,2013-05-23
0.006,2013-05-24
0.002,2013-05-27
0.012,2013-05-28
0.001,2013-05-29
-0.003,2013-05-30
-0.007,2013-05-31
-0.001,2013-06-03
-0.012,2013-06-04
-0.001,2013-06-05
-0.013,2013-06-06
-0.014,2013-06-07
-0.029,2013-06-13
0.006,2013-06-14
-0.003,2013-06-17
0.001,2013-06-18
-0.007,2013-06-19
-0.029,2013-06-20
-0.005,2013-06-21
-0.056,2013-06-24
-0.002,2013-06-25
-0.004,2013-06-26
-0.001,2013-06-27
0.015,2013-06-28
0.008,2013-07-01
0.006,2013-07-02
-0.006,2013-07-03
0.006,2013-07-04
0.001,2013-07-05
-0.025,2013-07-08
0.004,2013-07-09
0.021,2013-07-10
0.031,2013-07-11
-0.016,2013-07-12
0.01,2013-07-15
0.003,2013-07-16
-0.01,2013-07-17
-0.011,2013-07-18
-0.015,2013-07-19
0.006,2013-07-22
0.019,2013-07-23
-0.005,2013-07-24
-0.006,2013-07-25
-0.005,2013-07-26
-0.017,2013-07-29
0.007,2013-07-30
0.002,2013-07-31
0.017,2013-08-01
0.0,2013-08-02
0.01,2013-08-05
0.005,2013-08-06
-0.007,2013-08-07
-0.001,2013-08-08
0.004,2013-08-09
0.023,2013-08-12
0.002,2013-08-13
-0.003,2013-08-14
-0.009,2013-08-15
-0.006,2013-08-16
0.008,2013-08-19
-0.006,2013-08-20
0.0,2013-08-21
-0.003,2013-08-22
-0.005,2013-08-23
0.019,2013-08-26
0.003,2013-08-27
-0.001,2013-08-28
-0.002,2013-08-29
0.001,2013-08-30
0.0,2013-09-02
0.012,2013-09-03
0.002,2013-09-04
-0.002,2013-09-05
0.008,2013-09-06
0.033,2013-09-09
0.011,2013-09-10
0.001,2013-09-11
0.006,2013-09-12
-0.009,2013-09-13
-0.002,2013-09-16
-0.021,2013-09-17
0.003,2013-09-18
0.013,2013-09-23
-0.006,2013-09-24
-0.004,2013-09-25
-0.02,2013-09-26
0.002,2013-09-27
0.007,2013-09-30
0.011,2013-10-08
0.006,2013-10-09
-0.01,2013-10-10
0.017,2013-10-11
0.004,2013-10-14
-0.002,2013-10-15
-0.018,2013-10-16
-0.002,2013-10-17
0.002,2013-10-18
0.016,2013-10-21
-0.008,2013-10-22
-0.013,2013-10-23
-0.009,2013-10-24
-0.015,2013-10-25
0.0,2013-10-28
-0.002,2013-10-29
0.015,2013-10-30
-0.009,2013-10-31
0.004,2013-11-01
0.0,2013-11-04
0.004,2013-11-05
-0.008,2013-11-06
-0.005,2013-11-07
-0.011,2013-11-08
0.002,2013-11-11
0.008,2013-11-12
-0.019,2013-11-13
0.006,2013-11-14
0.017,2013-11-15
0.028,2013-11-18
-0.002,2013-11-19
0.006,2013-11-20
-0.0,2013-11-21
-0.004,2013-11-22
-0.005,2013-11-25
-0.001,2013-11-26
0.008,2013-11-27
0.008,2013-11-28
0.001,2013-11-29
-0.006,2013-12-02
0.007,2013-12-03
0.013,2013-12-04
-0.002,2013-12-05
-0.004,2013-12-06
0.0,2013-12-09
-0.0,2013-12-10
-0.015,2013-12-11
-0.001,2013-12-12
-0.003,2013-12-13
-0.016,2013-12-16
-0.005,2013-12-17
-0.001,2013-12-18
-0.01,2013-12-19
-0.021,2013-12-20
0.002,2013-12-23
0.002,2013-12-24
0.006,2013-12-25
-0.016,2013-12-26
0.013,2013-12-27
-0.002,2013-12-30
0.009,2013-12-31
-0.003,2014-01-02
-0.013,2014-01-03
-0.018,2014-01-06
0.001,2014-01-07
-0.001,2014-01-08
-0.008,2014-01-09
-0.007,2014-01-10
-0.002,2014-01-13
0.009,2014-01-14
-0.002,2014-01-15
0.0,2014-01-16
-0.009,2014-01-17
-0.007,2014-01-20
0.008,2014-01-21
0.021,2014-01-22
-0.005,2014-01-23
0.006,2014-01-24
-0.01,2014-01-27
0.003,2014-01-28
0.006,2014-01-29
-0.008,2014-01-30
0.006,2014-02-07
0.02,2014-02-10
0.008,2014-02-11
0.003,2014-02-12
-0.006,2014-02-13
0.008,2014-02-14
0.009,2014-02-17
-0.008,2014-02-18
0.011,2014-02-19
-0.002,2014-02-20
-0.012,2014-02-21
-0.018,2014-02-24
-0.021,2014-02-25
0.003,2014-02-26
0.003,2014-02-27
0.004,2014-02-28
0.009,2014-03-03
-0.002,2014-03-04
-0.009,2014-03-05
0.003,2014-03-06
-0.001,2014-03-07
-0.029,2014-03-10
0.001,2014-03-11
-0.002,2014-03-12
0.011,2014-03-13
-0.007,2014-03-14
0.01,2014-03-17
0.001,2014-03-18
-0.002,2014-03-19
-0.014,2014-03-20
0.026,2014-03-21
0.009,2014-03-24
0.0,2014-03-25
-0.002,2014-03-26
-0.008,2014-03-27
-0.002,2014-03-28
-0.004,2014-03-31
0.007,2014-04-01
0.006,2014-04-02
-0.007,2014-04-03
0.007,2014-04-04
0.019,2014-04-08
0.003,2014-04-09
0.014,2014-04-10
-0.002,2014-04-11
0.0,2014-04-14
-0.014,2014-04-15
0.002,2014-04-16
-0.003,2014-04-17
-0.001,2014-04-18
-0.015,2014-04-21
0.003,2014-04-22
-0.003,2014-04-23
-0.005,2014-04-24
-0.01,2014-04-25
-0.016,2014-04-28
0.008,2014-04-29
0.003,2014-04-30
0.0,2014-05-05
0.0,2014-05-06
-0.009,2014-05-07
0.003,2014-05-08
-0.002,2014-05-09
0.02,2014-05-12
-0.001,2014-05-13
-0.001,2014-05-14
-0.011,2014-05-15
0.001,2014-05-16
-0.011,2014-05-19
0.001,2014-05-20
0.008,2014-05-21
-0.002,2014-05-22
0.007,2014-05-23
0.003,2014-05-26
-0.003,2014-05-27
0.008,2014-05-28
-0.005,2014-05-29
-0.001,2014-05-30
-0.0,2014-06-03
-0.007,2014-06-04
0.008,2014-06-05
-0.005,2014-06-06
0.0,2014-06-09
0.011,2014-06-10
0.001,2014-06-11
-0.002,2014-06-12
0.009,2014-06-13
0.007,2014-06-16
-0.009,2014-06-17
-0.005,2014-06-18
-0.016,2014-06-19
0.001,2014-06-20
-0.001,2014-06-23
0.005,2014-06-24
-0.004,2014-06-25
0.006,2014-06-26
-0.001,2014-06-27
0.006,2014-06-30
0.001,2014-07-01
0.004,2014-07-02
0.002,2014-07-03
-0.002,2014-07-04
0.0,2014-07-07
0.002,2014-07-08
-0.012,2014-07-09
-0.0,2014-07-10
0.004,2014-07-11
0.01,2014-07-14
0.002,2014-07-15
-0.001,2014-07-16
-0.006,2014-07-17
0.002,2014-07-18
-0.002,2014-07-21
0.01,2014-07-22
0.001,2014-07-23
0.013,2014-07-24
0.01,2014-07-25
0.024,2014-07-28
0.002,2014-07-29
-0.001,2014-07-30
0.009,2014-07-31
-0.007,2014-08-01
0.017,2014-08-04
-0.002,2014-08-05
-0.001,2014-08-06
-0.014,2014-08-07
0.003,2014-08-08
0.014,2014-08-11
-0.001,2014-08-12
0.001,2014-08-13
-0.007,2014-08-14
0.009,2014-08-15
0.006,2014-08-18
0.003,2014-08-19
-0.002,2014-08-20
-0.004,2014-08-21
0.005,2014-08-22
-0.005,2014-08-25
-0.01,2014-08-26
0.001,2014-08-27
-0.006,2014-08-28
0.01,2014-08-29
0.008,2014-09-01
0.013,2014-09-02
0.01,2014-09-03
0.008,2014-09-04
0.008,2014-09-05
0.0,2014-09-09
-0.004,2014-09-10
-0.003,2014-09-11
0.009,2014-09-12
0.003,2014-09-15
-0.019,2014-09-16
0.005,2014-09-17
0.003,2014-09-18
0.006,2014-09-19
-0.017,2014-09-22
0.009,2014-09-23
0.014,2014-09-24
0.001,2014-09-25
0.001,2014-09-26
0.004,2014-09-29
0.003,2014-09-30
0.008,2014-10-08
0.003,2014-10-09
-0.006,2014-10-10
-0.004,2014-10-13
-0.003,2014-10-14
0.006,2014-10-15
-0.007,2014-10-16
-0.007,2014-10-17
0.007,2014-10-20
-0.007,2014-10-21
-0.006,2014-10-22
-0.01,2014-10-23
-0.0,2014-10-24
-0.005,2014-10-27
0.02,2014-10-28
0.015,2014-10-29
0.008,2014-10-30
0.012,2014-10-31
0.004,2014-11-03
-0.0,2014-11-04
-0.004,2014-11-05
0.002,2014-11-06
-0.003,2014-11-07
0.022,2014-11-10
-0.001,2014-11-11
0.009,2014-11-12
-0.003,2014-11-13
-0.003,2014-11-14
-0.002,2014-11-17
-0.007,2014-11-18
-0.003,2014-11-19
0.001,2014-11-20
0.014,2014-11-21
0.018,2014-11-24
0.013,2014-11-25
0.014,2014-11-26
0.01,2014-11-27
0.02,2014-11-28
-0.001,2014-12-01
0.03,2014-12-02
0.006,2014-12-03
0.042,2014-12-04
0.013,2014-12-05
0.027,2014-12-08
-0.057,2014-12-09
0.028,2014-12-10
-0.005,2014-12-11
0.004,2014-12-12
0.005,2014-12-15
0.023,2014-12-16
0.013,2014-12-17
-0.001,2014-12-18
0.016,2014-12-19
0.006,2014-12-22
-0.031,2014-12-23
-0.02,2014-12-24
0.033,2014-12-25
0.027,2014-12-26
0.003,2014-12-29
-0.001,2014-12-30
0.021,2014-12-31
0.035,2015-01-05
0.0,2015-01-06
0.007,2015-01-07
-0.024,2015-01-08
-0.002,2015-01-09
-0.017,2015-01-12
0.002,2015-01-13
-0.004,2015-01-14
0.034,2015-01-15
0.012,2015-01-16
-0.083,2015-01-19
0.018,2015-01-20
0.045,2015-01-21
0.006,2015-01-22
0.003,2015-01-23
0.009,2015-01-26
-0.009,2015-01-27
-0.014,2015-01-28
-0.013,2015-01-29
-0.016,2015-01-30
-0.026,2015-02-02
0.024,2015-02-03
-0.01,2015-02-04
-0.012,2015-02-05
-0.02,2015-02-06
0.006,2015-02-09
0.015,2015-02-10
0.005,2015-02-11
0.005,2015-02-12
0.009,2015-02-13
0.006,2015-02-16
0.008,2015-02-17
-0.006,2015-02-25
0.021,2015-02-26
0.004,2015-02-27
0.008,2015-03-02
-0.022,2015-03-03
0.005,2015-03-04
-0.01,2015-03-05
-0.002,2015-03-06
0.019,2015-03-09
-0.005,2015-03-10
0.001,2015-03-11
0.017,2015-03-12
0.007,2015-03-13
0.022,2015-03-16
0.015,2015-03-17
0.021,2015-03-18
0.001,2015-03-19
0.01,2015-03-20
0.019,2015-03-23
0.001,2015-03-24
-0.008,2015-03-25
0.006,2015-03-26
0.002,2015-03-27
0.025,2015-03-30
-0.01,2015-03-31
0.016,2015-04-01
0.004,2015-04-02
0.01,2015-04-03
0.025,2015-04-07
0.008,2015-04-08
-0.009,2015-04-09
0.019,2015-04-10
0.021,2015-04-13
0.003,2015-04-14
-0.013,2015-04-15
0.026,2015-04-16
0.022,2015-04-17
-0.017,2015-04-20
0.018,2015-04-21
0.024,2015-04-22
0.004,2015-04-23
-0.005,2015-04-24
0.03,2015-04-27
-0.011,2015-04-28
0.0,2015-04-29
-0.008,2015-04-30
0.009,2015-05-04
-0.042,2015-05-05
-0.016,2015-05-06
-0.028,2015-05-07
0.022,2015-05-08
0.029,2015-05-11
0.015,2015-05-12
-0.006,2015-05-13
0.001,2015-05-14
-0.016,2015-05-15
-0.006,2015-05-18
0.03,2015-05-19
0.006,2015-05-20
0.018,2015-05-21
0.028,2015-05-22
0.032,2015-05-25
0.02,2015-05-26
0.006,2015-05-27
-0.07,2015-05-28
-0.002,2015-05-29
0.045,2015-06-01
0.017,2015-06-02
-0.0,2015-06-03
0.008,2015-06-04
0.015,2015-06-05
0.021,2015-06-08
-0.004,2015-06-09
-0.001,2015-06-10
0.003,2015-06-11
0.009,2015-06-12
-0.02,2015-06-15
-0.036,2015-06-16
0.016,2015-06-17
-0.038,2015-06-18
-0.069,2015-06-19
0.021,2015-06-23
0.024,2015-06-24
-0.036,2015-06-25
-0.08,2015-06-26
-0.035,2015-06-29
0.052,2015-06-30
-0.055,2015-07-01
-0.036,2015-07-02
-0.061,2015-07-03
0.024,2015-07-06
-0.013,2015-07-07
-0.063,2015-07-08
0.054,2015-07-09
0.043,2015-07-10
0.023,2015-07-13
-0.012,2015-07-14
-0.031,2015-07-15
0.005,2015-07-16
0.034,2015-07-17
0.009,2015-07-20
0.006,2015-07-21
0.002,2015-07-22
0.024,2015-07-23
-0.013,2015-07-24
-0.093,2015-07-27
-0.017,2015-07-28
0.033,2015-07-29
-0.023,2015-07-30
-0.011,2015-07-31
-0.011,2015-08-03
0.036,2015-08-04
-0.017,2015-08-05
-0.009,2015-08-06
0.022,2015-08-07
0.047,2015-08-10
-0.0,2015-08-11
-0.011,2015-08-12
0.017,2015-08-13
0.003,2015-08-14
0.007,2015-08-17
-0.065,2015-08-18
0.012,2015-08-19
-0.035,2015-08-20
-0.045,2015-08-21
-0.093,2015-08-24
-0.083,2015-08-25
-0.013,2015-08-26
0.051,2015-08-27
0.046,2015-08-28
-0.008,2015-08-31
-0.012,2015-09-01
-0.002,2015-09-02
-0.026,2015-09-07
0.028,2015-09-08
0.022,2015-09-09
-0.014,2015-09-10
0.001,2015-09-11
-0.027,2015-09-14
-0.036,2015-09-15
0.047,2015-09-16
-0.021,2015-09-17
0.004,2015-09-18
0.019,2015-09-21
0.009,2015-09-22
-0.022,2015-09-23
0.009,2015-09-24
-0.016,2015-09-25
0.003,2015-09-28
-0.021,2015-09-29
0.005,2015-09-30
0.029,2015-10-08
0.013,2015-10-09
0.032,2015-10-12
0.002,2015-10-13
-0.009,2015-10-14
0.023,2015-10-15
0.016,2015-10-16
-0.001,2015-10-19
0.011,2015-10-20
-0.032,2015-10-21
0.014,2015-10-22
0.013,2015-10-23
0.005,2015-10-26
0.001,2015-10-27
-0.018,2015-10-28
0.004,2015-10-29
-0.001,2015-10-30
-0.017,2015-11-02
-0.003,2015-11-03
0.041,2015-11-04
0.018,2015-11-05
0.019,2015-11-06
0.016,2015-11-09
-0.002,2015-11-10
0.003,2015-11-11
-0.005,2015-11-12
-0.015,2015-11-13
0.007,2015-11-16
-0.001,2015-11-17
-0.01,2015-11-18
0.013,2015-11-19
0.004,2015-11-20
-0.006,2015-11-23
0.002,2015-11-24
0.009,2015-11-25
-0.003,2015-11-26
-0.058,2015-11-27
0.003,2015-11-30
0.003,2015-12-01
0.023,2015-12-02
0.013,2015-12-03
-0.017,2015-12-04
0.003,2015-12-07
-0.019,2015-12-08
0.001,2015-12-09
-0.005,2015-12-10
-0.006,2015-12-11
0.024,2015-12-14
-0.003,2015-12-15
0.002,2015-12-16
0.018,2015-12-17
-0.0,2015-12-18
0.017,2015-12-21
0.003,2015-12-22
-0.004,2015-12-23
-0.007,2015-12-24
0.004,2015-12-25
-0.027,2015-12-28
0.008,2015-12-29
0.003,2015-12-30
-0.01,2015-12-31
-0.074,2016-01-04
-0.003,2016-01-05
0.022,2016-01-06
-0.076,2016-01-07
0.019,2016-01-08
-0.056,2016-01-11
0.002,2016-01-12
-0.025,2016-01-13
0.019,2016-01-14
-0.037,2016-01-15
0.004,2016-01-18
0.031,2016-01-19
-0.01,2016-01-20
-0.033,2016-01-21
0.012,2016-01-22
0.007,2016-01-25
-0.069,2016-01-26
-0.005,2016-01-27
-0.03,2016-01-28
0.03,2016-01-29
-0.018,2016-02-01
0.022,2016-02-02
-0.004,2016-02-03
0.015,2016-02-04
-0.006,2016-02-05
-0.006,2016-02-15
0.032,2016-02-16
0.011,2016-02-17
-0.002,2016-02-18
-0.001,2016-02-19
0.023,2016-02-22
-0.008,2016-02-23
0.009,2016-02-24
-0.068,2016-02-25
0.009,2016-02-26
-0.029,2016-02-29
0.017,2016-03-01
0.041,2016-03-02
0.004,2016-03-03
0.005,2016-03-04
0.008,2016-03-07
0.001,2016-03-08
-0.014,2016-03-09
-0.021,2016-03-10
0.002,2016-03-11
0.017,2016-03-14
0.002,2016-03-15
0.002,2016-03-16
0.012,2016-03-17
0.017,2016-03-18
0.021,2016-03-21
-0.006,2016-03-22
0.004,2016-03-23
-0.017,2016-03-24
0.006,2016-03-25
-0.007,2016-03-28
-0.013,2016-03-29
0.027,2016-03-30
0.001,2016-03-31
0.002,2016-04-01
0.014,2016-04-05
-0.001,2016-04-06
-0.014,2016-04-07
-0.008,2016-04-08
0.016,2016-04-11
-0.003,2016-04-12
0.014,2016-04-13
0.005,2016-04-14
-0.001,2016-04-15
-0.015,2016-04-18
0.003,2016-04-19
-0.024,2016-04-20
-0.007,2016-04-21
0.002,2016-04-22
-0.004,2016-04-25
0.006,2016-04-26
-0.004,2016-04-27
-0.003,2016-04-28
-0.002,2016-04-29
0.018,2016-05-03
-0.0,2016-05-04
0.002,2016-05-05
-0.029,2016-05-06
-0.029,2016-05-09
0.0,2016-05-10
0.002,2016-05-11
-0.0,2016-05-12
-0.003,2016-05-13
0.008,2016-05-16
-0.003,2016-05-17
-0.013,2016-05-18
-0.0,2016-05-19
0.007,2016-05-20
0.006,2016-05-23
-0.008,2016-05-24
-0.002,2016-05-25
0.003,2016-05-26
-0.0,2016-05-27
0.0,2016-05-30
0.032,2016-05-31
-0.001,2016-06-01
0.004,2016-06-02
0.005,2016-06-03
-0.002,2016-06-06
0.001,2016-06-07
-0.003,2016-06-08
-0.033,2016-06-13
0.003,2016-06-14
0.016,2016-06-15
-0.005,2016-06-16
0.004,2016-06-17
0.001,2016-06-20
-0.004,2016-06-21
0.009,2016-06-22
-0.005,2016-06-23
-0.013,2016-06-24
0.014,2016-06-27
0.006,2016-06-28
0.006,2016-06-29
-0.001,2016-06-30
0.001,2016-07-01
0.019,2016-07-04
0.006,2016-07-05
0.004,2016-07-06
-0.0,2016-07-07
-0.01,2016-07-08
0.002,2016-07-11
0.018,2016-07-12
0.004,2016-07-13
-0.002,2016-07-14
0.0,2016-07-15
-0.004,2016-07-18
-0.002,2016-07-19
-0.003,2016-07-20
0.004,2016-07-21
-0.009,2016-07-22
0.001,2016-07-25
0.011,2016-07-26
-0.019,2016-07-27
0.001,2016-07-28
-0.005,2016-07-29
-0.009,2016-08-01
0.006,2016-08-02
0.002,2016-08-03
0.001,2016-08-04
-0.002,2016-08-05
0.009,2016-08-08
0.007,2016-08-09
-0.002,2016-08-10
-0.005,2016-08-11
0.016,2016-08-12
0.024,2016-08-15
-0.005,2016-08-16
-0.0,2016-08-17
-0.002,2016-08-18
0.001,2016-08-19
-0.008,2016-08-22
0.002,2016-08-23
-0.001,2016-08-24
-0.006,2016-08-25
0.001,2016-08-26
-0.0,2016-08-29
0.002,2016-08-30
0.004,2016-08-31
-0.007,2016-09-01
0.001,2016-09-02
0.002,2016-09-05
0.006,2016-09-06
0.0,2016-09-07
0.001,2016-09-08
-0.006,2016-09-09
-0.019,2016-09-12
0.001,2016-09-13
-0.007,2016-09-14
0.008,2016-09-19
-0.001,2016-09-20
0.001,2016-09-21
0.005,2016-09-22
-0.003,2016-09-23
-0.018,2016-09-26
0.006,2016-09-27
-0.003,2016-09-28
0.004,2016-09-29
0.002,2016-09-30
0.014,2016-10-10
0.006,2016-10-11
-0.002,2016-10-12
0.001,2016-10-13
0.001,2016-10-14
-0.007,2016-10-17
0.014,2016-10-18
0.0,2016-10-19
-0.0,2016-10-20
0.002,2016-10-21
0.012,2016-10-24
0.001,2016-10-25
-0.005,2016-10-26
-0.001,2016-10-27
-0.003,2016-10-28
-0.001,2016-10-31
0.007,2016-11-01
-0.006,2016-11-02
0.008,2016-11-03
-0.001,2016-11-04
0.003,2016-11-07
0.005,2016-11-08
-0.006,2016-11-09
0.014,2016-11-10
0.008,2016-11-11
0.004,2016-11-14
-0.001,2016-11-15
-0.001,2016-11-16
0.001,2016-11-17
-0.005,2016-11-18
0.008,2016-11-21
0.009,2016-11-22
-0.002,2016-11-23
0.0,2016-11-24
0.006,2016-11-25
0.005,2016-11-28
0.002,2016-11-29
-0.01,2016-11-30
0.007,2016-12-01
-0.009,2016-12-02
-0.012,2016-12-05
-0.002,2016-12-06
0.007,2016-12-07
-0.002,2016-12-08
0.005,2016-12-09
-0.025,2016-12-12
0.001,2016-12-13
-0.005,2016-12-14
-0.007,2016-12-15
0.002,2016-12-16
-0.002,2016-12-19
-0.005,2016-12-20
0.011,2016-12-21
0.001,2016-12-22
-0.009,2016-12-23
0.004,2016-12-26
-0.003,2016-12-27
-0.004,2016-12-28
-0.002,2016-12-29
0.002,2016-12-30
0.01,2017-01-03
0.007,2017-01-04
0.002,2017-01-05
-0.004,2017-01-06
0.005,2017-01-09
-0.003,2017-01-10
-0.008,2017-01-11
-0.006,2017-01-12
-0.002,2017-01-13
-0.003,2017-01-16
0.002,2017-01-17
0.001,2017-01-18
-0.004,2017-01-19
0.007,2017-01-20
0.004,2017-01-23
0.002,2017-01-24
0.002,2017-01-25
0.003,2017-01-26
-0.006,2017-02-03
0.005,2017-02-06
-0.001,2017-02-07
0.004,2017-02-08
0.005,2017-02-09
0.004,2017-02-10
0.006,2017-02-13
0.0,2017-02-14
-0.002,2017-02-15
0.005,2017-02-16
-0.009,2017-02-17
0.012,2017-02-20
0.004,2017-02-21
0.002,2017-02-22
-0.003,2017-02-23
0.001,2017-02-24
-0.008,2017-02-27
0.004,2017-02-28
0.002,2017-03-01
-0.005,2017-03-02
-0.004,2017-03-03
0.005,2017-03-06
0.003,2017-03-07
-0.001,2017-03-08
-0.007,2017-03-09
-0.001,2017-03-10
0.007,2017-03-13
0.001,2017-03-14
0.001,2017-03-15
0.008,2017-03-16
-0.01,2017-03-17
0.004,2017-03-20
0.003,2017-03-21
-0.005,2017-03-22
0.001,2017-03-23
0.006,2017-03-24
-0.001,2017-03-27
-0.004,2017-03-28
-0.004,2017-03-29
-0.01,2017-03-30
0.004,2017-03-31
0.015,2017-04-05
0.003,2017-04-06
0.002,2017-04-07
-0.005,2017-04-10
0.006,2017-04-11
-0.005,2017-04-12
0.001,2017-04-13
-0.01,2017-04-14
-0.007,2017-04-17
-0.008,2017-04-18
-0.008,2017-04-19
0.0,2017-04-20
0.0,2017-04-21
-0.014,2017-04-24
0.002,2017-04-25
0.002,2017-04-26
0.004,2017-04-27
0.001,2017-04-28
-0.003,2017-05-02
-0.003,2017-05-03
-0.003,2017-05-04
-0.008,2017-05-05
-0.008,2017-05-08
0.001,2017-05-09
-0.009,2017-05-10
0.003,2017-05-11
0.007,2017-05-12
0.002,2017-05-15
0.007,2017-05-16
-0.003,2017-05-17
-0.005,2017-05-18
0.0,2017-05-19
-0.005,2017-05-22
-0.004,2017-05-23
0.001,2017-05-24
0.014,2017-05-25
0.001,2017-05-26
0.002,2017-05-31
-0.005,2017-06-01
0.001,2017-06-02
-0.004,2017-06-05
0.003,2017-06-06
0.012,2017-06-07
0.003,2017-06-08
0.003,2017-06-09
-0.006,2017-06-12
0.004,2017-06-13
-0.007,2017-06-14
0.001,2017-06-15
-0.003,2017-06-16
0.007,2017-06-19
-0.001,2017-06-20
0.005,2017-06-21
-0.003,2017-06-22
0.003,2017-06-23
0.009,2017-06-26
0.002,2017-06-27
-0.006,2017-06-28
0.005,2017-06-29
0.001,2017-06-30
0.001,2017-07-03
-0.004,2017-07-04
0.008,2017-07-05
0.002,2017-07-06
0.002,2017-07-07
-0.002,2017-07-10
-0.003,2017-07-11
-0.002,2017-07-12
0.006,2017-07-13
0.001,2017-07-14
-0.014,2017-07-17
0.003,2017-07-18
0.013,2017-07-19
0.004,2017-07-20
-0.002,2017-07-21
0.004,2017-07-24
-0.002,2017-07-25
0.001,2017-07-26
0.001,2017-07-27
0.001,2017-07-28
0.006,2017-07-31
0.006,2017-08-01
-0.002,2017-08-02
-0.004,2017-08-03
-0.003,2017-08-04
0.005,2017-08-07
0.001,2017-08-08
-0.002,2017-08-09
-0.004,2017-08-10
-0.017,2017-08-11
0.009,2017-08-14
0.004,2017-08-15
-0.001,2017-08-16
0.007,2017-08-17
0.0,2017-08-18
0.006,2017-08-21
0.001,2017-08-22
-0.001,2017-08-23
-0.005,2017-08-24
0.018,2017-08-25
0.009,2017-08-28
0.001,2017-08-29
-0.0,2017-08-30
-0.001,2017-08-31
0.002,2017-09-01
0.004,2017-09-04
0.001,2017-09-05
0.0,2017-09-06
-0.006,2017-09-07
-0.0,2017-09-08
0.003,2017-09-11
0.001,2017-09-12
0.001,2017-09-13
-0.004,2017-09-14
-0.005,2017-09-15
0.003,2017-09-18
-0.002,2017-09-19
0.003,2017-09-20
-0.002,2017-09-21
-0.002,2017-09-22
-0.003,2017-09-25
0.001,2017-09-26
0.001,2017-09-27
-0.002,2017-09-28
0.003,2017-09-29
0.008,2017-10-09
0.003,2017-10-10
0.002,2017-10-11
-0.001,2017-10-12
0.001,2017-10-13
-0.004,2017-10-16
-0.002,2017-10-17
0.003,2017-10-18
-0.003,2017-10-19
0.003,2017-10-20
0.001,2017-10-23
0.002,2017-10-24
0.003,2017-10-25
0.003,2017-10-26
0.003,2017-10-27
-0.008,2017-10-30
0.001,2017-10-31
0.001,2017-11-01
-0.004,2017-11-02
-0.003,2017-11-03
0.005,2017-11-06
0.007,2017-11-07
0.001,2017-11-08
0.004,2017-11-09
0.001,2017-11-10
0.004,2017-11-13
-0.005,2017-11-14
-0.008,2017-11-15
-0.001,2017-11-16
-0.005,2017-11-17
0.003,2017-11-20
0.005,2017-11-21
0.006,2017-11-22
-0.023,2017-11-23
0.0,2017-11-24
-0.01,2017-11-27
0.003,2017-11-28
0.001,2017-11-29
-0.006,2017-11-30
0.0,2017-12-01
-0.002,2017-12-04
-0.002,2017-12-05
-0.003,2017-12-06
-0.007,2017-12-07
0.005,2017-12-08
0.01,2017-12-11
-0.013,2017-12-12
0.007,2017-12-13
-0.003,2017-12-14
-0.008,2017-12-15
0.001,2017-12-18
0.009,2017-12-19
-0.003,2017-12-20
0.004,2017-12-21
-0.001,2017-12-22
-0.005,2017-12-25
0.008,2017-12-26
-0.009,2017-12-27
0.006,2017-12-28
0.003,2017-12-29
0.012,2018-01-02
0.006,2018-01-03
0.005,2018-01-04
0.002,2018-01-05
0.005,2018-01-08
0.001,2018-01-09
0.002,2018-01-10
0.001,2018-01-11
0.001,2018-01-12
-0.005,2018-01-15
0.008,2018-01-16
0.002,2018-01-17
0.009,2018-01-18
0.004,2018-01-19
0.004,2018-01-22
0.013,2018-01-23
0.004,2018-01-24
-0.003,2018-01-25
0.003,2018-01-26
-0.01,2018-01-29
-0.01,2018-01-30
-0.002,2018-01-31
-0.01,2018-02-01
0.004,2018-02-02
0.007,2018-02-05
-0.035,2018-02-06
-0.019,2018-02-07
-0.014,2018-02-08
-0.042,2018-02-09
0.008,2018-02-12
0.01,2018-02-13
0.004,2018-02-14
0.021,2018-02-22
0.006,2018-02-23
0.012,2018-02-26
-0.011,2018-02-27
-0.01,2018-02-28
0.004,2018-03-01
-0.006,2018-03-02
0.001,2018-03-05
0.01,2018-03-06
-0.005,2018-03-07
0.005,2018-03-08
0.006,2018-03-09
0.006,2018-03-12
-0.005,2018-03-13
-0.006,2018-03-14
-0.0,2018-03-15
-0.006,2018-03-16
0.003,2018-03-19
0.003,2018-03-20
-0.003,2018-03-21
-0.005,2018-03-22
-0.035,2018-03-23
-0.006,2018-03-26
0.01,2018-03-27
-0.014,2018-03-28
0.012,2018-03-29
0.003,2018-03-30
-0.002,2018-04-02
-0.008,2018-04-03
-0.002,2018-04-04
0.002,2018-04-09
0.016,2018-04-10
0.006,2018-04-11
-0.009,2018-04-12
-0.007,2018-04-13
-0.016,2018-04-16
-0.014,2018-04-17
0.008,2018-04-18
0.008,2018-04-19
-0.015,2018-04-20
-0.001,2018-04-23
0.019,2018-04-24
-0.004,2018-04-25
-0.014,2018-04-26
0.002,2018-04-27
-0.0,2018-05-02
0.006,2018-05-03
-0.003,2018-05-04
0.015,2018-05-07
0.008,2018-05-08
-0.001,2018-05-09
0.005,2018-05-10
-0.004,2018-05-11
0.003,2018-05-14
0.006,2018-05-15
-0.007,2018-05-16
-0.005,2018-05-17
0.012,2018-05-18
0.006,2018-05-21
0.0,2018-05-22
-0.014,2018-05-23
-0.005,2018-05-24
-0.004,2018-05-25
-0.002,2018-05-28
-0.005,2018-05-29
-0.026,2018-05-30
0.017,2018-05-31
-0.007,2018-06-01
0.005,2018-06-04
0.007,2018-06-05
0.0,2018-06-06
-0.002,2018-06-07
-0.014,2018-06-08
-0.005,2018-06-11
0.009,2018-06-12
-0.01,2018-06-13
-0.002,2018-06-14
-0.007,2018-06-15
-0.039,2018-06-19
0.003,2018-06-20
-0.014,2018-06-21
0.005,2018-06-22
-0.011,2018-06-25
-0.005,2018-06-26
-0.011,2018-06-27
-0.009,2018-06-28
0.021,2018-06-29
-0.026,2018-07-02
0.004,2018-07-03
-0.01,2018-07-04
-0.009,2018-07-05
0.005,2018-07-06
0.024,2018-07-09
0.004,2018-07-10
-0.018,2018-07-11
0.021,2018-07-12
-0.002,2018-07-13
-0.006,2018-07-16
-0.006,2018-07-17
-0.004,2018-07-18
-0.005,2018-07-19
0.02,2018-07-20
0.011,2018-07-23
0.016,2018-07-24
-0.001,2018-07-25
-0.007,2018-07-26
-0.003,2018-07-27
-0.002,2018-07-30
0.003,2018-07-31
-0.018,2018-08-01
-0.02,2018-08-02
-0.01,2018-08-03
-0.013,2018-08-06
0.027,2018-08-07
-0.013,2018-08-08
0.018,2018-08-09
0.0,2018-08-10
-0.003,2018-08-13
-0.002,2018-08-14
-0.021,2018-08-15
-0.007,2018-08-16
-0.014,2018-08-17
0.011,2018-08-20
0.013,2018-08-21
-0.007,2018-08-22
0.004,2018-08-23
0.002,2018-08-24
0.019,2018-08-27
-0.001,2018-08-28
-0.003,2018-08-29
-0.012,2018-08-30
-0.005,2018-08-31
-0.002,2018-09-03
0.011,2018-09-04
-0.017,2018-09-05
-0.005,2018-09-06
0.004,2018-09-07
-0.012,2018-09-10
-0.002,2018-09-11
-0.003,2018-09-12
0.011,2018-09-13
-0.002,2018-09-14
-0.011,2018-09-17
0.018,2018-09-18
0.011,2018-09-19
-0.001,2018-09-20
0.024,2018-09-21
-0.006,2018-09-25
0.009,2018-09-26
-0.005,2018-09-27
0.01,2018-09-28
-0.039,2018-10-08
0.002,2018-10-09
0.002,2018-10-10
-0.055,2018-10-11
0.009,2018-10-12
-0.015,2018-10-15
-0.009,2018-10-16
0.006,2018-10-17
-0.03,2018-10-18
0.025,2018-10-19
0.039,2018-10-22
-0.023,2018-10-23
0.003,2018-10-24
0.0,2018-10-25
-0.002,2018-10-26
-0.022,2018-10-29
0.01,2018-10-30
0.013,2018-10-31
0.001,2018-11-01
0.026,2018-11-02
-0.004,2018-11-05
-0.002,2018-11-06
-0.007,2018-11-07
-0.002,2018-11-08
-0.014,2018-11-09
0.012,2018-11-12
0.009,2018-11-13
-0.009,2018-11-14
0.013,2018-11-15
0.004,2018-11-16
0.009,2018-11-19
-0.022,2018-11-20
0.002,2018-11-21
-0.002,2018-11-22
-0.026,2018-11-23
-0.001,2018-11-26
-0.0,2018-11-27
0.01,2018-11-28
-0.013,2018-11-29
0.008,2018-11-30
0.025,2018-12-03
0.004,2018-12-04
-0.006,2018-12-05
-0.017,2018-12-06
0.0,2018-12-07
-0.008,2018-12-10
0.004,2018-12-11
0.003,2018-12-12
0.012,2018-12-13
-0.016,2018-12-14
0.002,2018-12-17
-0.008,2018-12-18
-0.011,2018-12-19
-0.005,2018-12-20
-0.008,2018-12-21
0.004,2018-12-24
-0.009,2018-12-25
-0.003,2018-12-26
-0.006,2018-12-27
0.004,2018-12-28
-0.012,2019-01-02
-0.0,2019-01-03
0.02,2019-01-04
0.007,2019-01-07
-0.003,2019-01-08
0.007,2019-01-09
-0.004,2019-01-10
0.007,2019-01-11
-0.007,2019-01-14
0.013,2019-01-15
0.0,2019-01-16
-0.004,2019-01-17
0.014,2019-01-18
0.006,2019-01-21
-0.012,2019-01-22
0.001,2019-01-23
0.004,2019-01-24
0.004,2019-01-25
-0.002,2019-01-28
-0.001,2019-01-29
-0.007,2019-01-30
0.003,2019-01-31
0.013,2019-02-01
0.013,2019-02-11
0.007,2019-02-12
0.018,2019-02-13
-0.001,2019-02-14
-0.014,2019-02-15
0.026,2019-02-18
0.0,2019-02-19
0.002,2019-02-20
-0.003,2019-02-21
0.019,2019-02-22
0.053,2019-02-25
-0.007,2019-02-26
0.004,2019-02-27
-0.004,2019-02-28
0.018,2019-03-01
0.011,2019-03-04
0.009,2019-03-05
0.015,2019-03-06
0.001,2019-03-07
-0.046,2019-03-08
0.019,2019-03-11
0.011,2019-03-12
-0.011,2019-03-13
-0.012,2019-03-14
0.01,2019-03-15
0.024,2019-03-18
-0.002,2019-03-19
-0.0,2019-03-20
0.003,2019-03-21
0.001,2019-03-22
-0.02,2019-03-25
-0.015,2019-03-26
0.008,2019-03-27
-0.009,2019-03-28
0.031,2019-03-29
0.025,2019-04-01
0.002,2019-04-02
0.012,2019-04-03
0.009,2019-04-04
-0.001,2019-04-08
-0.002,2019-04-09
0.001,2019-04-10
-0.016,2019-04-11
-0.0,2019-04-12
-0.003,2019-04-15
0.023,2019-04-16
0.003,2019-04-17
-0.004,2019-04-18
0.006,2019-04-19
-0.017,2019-04-22
-0.005,2019-04-23
0.001,2019-04-24
-0.025,2019-04-25
-0.012,2019-04-26
-0.062,2019-05-06
0.007,2019-05-07
-0.011,2019-05-08
-0.015,2019-05-09
0.03,2019-05-10
-0.012,2019-05-13
-0.007,2019-05-14
0.019,2019-05-15
0.006,2019-05-16
-0.025,2019-05-17
-0.004,2019-05-20
0.012,2019-05-21
-0.005,2019-05-22
-0.014,2019-05-23
0.0,2019-05-24
0.014,2019-05-27
0.006,2019-05-28
0.002,2019-05-29
-0.003,2019-05-30
-0.002,2019-05-31
-0.003,2019-06-03
-0.01,2019-06-04
-0.0,2019-06-05
-0.012,2019-06-06
0.009,2019-06-10
0.025,2019-06-11
-0.006,2019-06-12
0.0,2019-06-13
-0.01,2019-06-14
0.002,2019-06-17
0.001,2019-06-18
0.009,2019-06-19
0.023,2019-06-20
0.005,2019-06-21
0.002,2019-06-24
-0.009,2019-06-25
-0.002,2019-06-26
0.007,2019-06-27
-0.006,2019-06-28
0.022,2019-07-01
-0.0,2019-07-02
-0.01,2019-07-03
-0.003,2019-07-04
0.002,2019-07-05
-0.026,2019-07-08
-0.002,2019-07-09
-0.004,2019-07-10
0.001,2019-07-11
0.004,2019-07-12
0.004,2019-07-15
-0.002,2019-07-16
-0.002,2019-07-17
-0.011,2019-07-18
0.008,2019-07-19
-0.013,2019-07-22
0.004,2019-07-23
0.008,2019-07-24
0.005,2019-07-25
0.002,2019-07-26
-0.001,2019-07-29
0.004,2019-07-30
-0.007,2019-07-31
-0.008,2019-08-01
-0.014,2019-08-02
-0.016,2019-08-05
-0.016,2019-08-06
-0.003,2019-08-07
0.009,2019-08-08
-0.007,2019-08-09
0.014,2019-08-12
-0.006,2019-08-13
0.004,2019-08-14
0.002,2019-08-15
0.003,2019-08-16
0.021,2019-08-19
-0.001,2019-08-20
0.0,2019-08-21
0.001,2019-08-22
0.005,2019-08-23
-0.012,2019-08-26
0.013,2019-08-27
-0.003,2019-08-28
-0.001,2019-08-29
-0.002,2019-08-30
0.013,2019-09-02
0.002,2019-09-03
0.009,2019-09-04
0.01,2019-09-05
0.005,2019-09-06
0.008,2019-09-09
-0.001,2019-09-10
-0.004,2019-09-11
0.007,2019-09-12
-0.0,2019-09-16
-0.018,2019-09-17
0.003,2019-09-18
0.005,2019-09-19
0.002,2019-09-20
-0.01,2019-09-23
0.003,2019-09-24
-0.01,2019-09-25
-0.009,2019-09-26
0.001,2019-09-27
-0.009,2019-09-30
0.003,2019-10-08
0.004,2019-10-09
0.008,2019-10-10
0.009,2019-10-11
0.011,2019-10-14
-0.006,2019-10-15
-0.004,2019-10-16
-0.0,2019-10-17
-0.013,2019-10-18
0.001,2019-10-21
0.005,2019-10-22
-0.004,2019-10-23
-0.0,2019-10-24
0.005,2019-10-25
0.008,2019-10-28
-0.009,2019-10-29
-0.005,2019-10-30
-0.004,2019-10-31
0.01,2019-11-01
0.006,2019-11-04
0.005,2019-11-05
-0.004,2019-11-06
0.0,2019-11-07
-0.005,2019-11-08
-0.019,2019-11-11
0.002,2019-11-12
-0.003,2019-11-13
0.002,2019-11-14
-0.006,2019-11-15
0.006,2019-11-18
0.008,2019-11-19
-0.008,2019-11-20
-0.003,2019-11-21
-0.006,2019-11-22
0.007,2019-11-25
0.0,2019-11-26
-0.001,2019-11-27
-0.005,2019-11-28
-0.006,2019-11-29
0.001,2019-12-02
0.003,2019-12-03
-0.002,2019-12-04
0.007,2019-12-05
0.004,2019-12-06
0.001,2019-12-09
0.001,2019-12-10
0.002,2019-12-11
-0.003,2019-12-12
0.018,2019-12-13
0.006,2019-12-16
0.013,2019-12-17
-0.002,2019-12-18
-0.014,2019-12-23
0.007,2019-12-24
-0.0,2019-12-25
0.008,2019-12-26
-0.001,2019-12-27
0.012,2019-12-30
0.003,2019-12-31
0.011,2020-01-02
-0.0,2020-01-03
-0.0,2020-01-06
0.007,2020-01-07
-0.012,2020-01-08
0.009,2020-01-09
-0.001,2020-01-10
0.007,2020-01-13
-0.003,2020-01-14
-0.005,2020-01-15
-0.005,2020-01-16
0.0,2020-01-17
0.007,2020-01-20
-0.014,2020-01-21
0.003,2020-01-22
-0.028,2020-01-23
-0.084,2020-02-03
0.013,2020-02-04
0.012,2020-02-05
0.017,2020-02-06
0.003,2020-02-07
0.005,2020-02-10
0.004,2020-02-11
0.009,2020-02-12
-0.007,2020-02-13
0.004,2020-02-14
0.022,2020-02-17
0.0,2020-02-18
-0.003,2020-02-19
0.018,2020-02-20
0.003,2020-02-21
-0.003,2020-02-24
-0.006,2020-02-25
-0.008,2020-02-26
0.001,2020-02-27
-0.039,2020-02-28
0.031,2020-03-02
0.007,2020-03-03
0.006,2020-03-04
0.02,2020-03-05
-0.012,2020-03-06
-0.031,2020-03-09
0.018,2020-03-10
-0.01,2020-03-11
-0.015,2020-03-12
-0.012,2020-03-13
-0.035,2020-03-16
-0.003,2020-03-17
-0.019,2020-03-18
-0.01,2020-03-19
0.016,2020-03-20
-0.032,2020-03-23
0.023,2020-03-24
0.021,2020-03-25
-0.006,2020-03-26
0.003,2020-03-27
-0.009,2020-03-30
0.001,2020-03-31
-0.006,2020-04-01
0.017,2020-04-02
-0.006,2020-04-03
0.02,2020-04-07
-0.002,2020-04-08
0.004,2020-04-09
-0.01,2020-04-10
-0.005,2020-04-13
0.016,2020-04-14
-0.006,2020-04-15
0.003,2020-04-16
0.007,2020-04-17
0.005,2020-04-20
-0.009,2020-04-21
0.006,2020-04-22
-0.002,2020-04-23
-0.011,2020-04-24
0.002,2020-04-27
-0.002,2020-04-28
0.004,2020-04-29
0.013,2020-04-30
0.006,2020-05-06
-0.002,2020-05-07
0.008,2020-05-08
-0.0,2020-05-11
-0.001,2020-05-12
0.002,2020-05-13
-0.01,2020-05-14
-0.001,2020-05-15
0.002,2020-05-18
0.008,2020-05-19
-0.005,2020-05-20
-0.006,2020-05-21
-0.019,2020-05-22
0.001,2020-05-25
0.01,2020-05-26
-0.003,2020-05-27
0.003,2020-05-28
0.002,2020-05-29
0.022,2020-06-01
0.002,2020-06-02
0.001,2020-06-03
-0.001,2020-06-04
0.004,2020-06-05
0.002,2020-06-08
0.006,2020-06-09
-0.004,2020-06-10
-0.008,2020-06-11
-0.0,2020-06-12
-0.01,2020-06-15
0.014,2020-06-16
0.001,2020-06-17
0.001,2020-06-18
0.01,2020-06-19
-0.001,2020-06-22
0.002,2020-06-23
0.003,2020-06-24
-0.006,2020-06-29
0.008,2020-06-30
0.014,2020-07-01
0.021,2020-07-02
0.02,2020-07-03
0.054,2020-07-06
0.004,2020-07-07
0.017,2020-07-08
0.014,2020-07-09
-0.02,2020-07-10
0.017,2020-07-13
-0.008,2020-07-14
-0.016,2020-07-15
-0.047,2020-07-16
0.001,2020-07-17
0.03,2020-07-20
0.002,2020-07-21
0.004,2020-07-22
-0.002,2020-07-23
-0.04,2020-07-24
0.003,2020-07-27
0.007,2020-07-28
0.02,2020-07-29
-0.002,2020-07-30
0.007,2020-07-31
0.017,2020-08-03
0.001,2020-08-04
0.002,2020-08-05
0.003,2020-08-06
-0.01,2020-08-07
0.007,2020-08-10
-0.012,2020-08-11
-0.006,2020-08-12
0.0,2020-08-13
0.012,2020-08-14
0.023,2020-08-17
0.004,2020-08-18
-0.013,2020-08-19
-0.013,2020-08-20
0.005,2020-08-21
0.001,2020-08-24
-0.004,2020-08-25
-0.013,2020-08-26
0.006,2020-08-27
0.016,2020-08-28
-0.002,2020-08-31
0.004,2020-09-01
-0.002,2020-09-02
-0.006,2020-09-03
-0.009,2020-09-04
-0.019,2020-09-07
0.007,2020-09-08
-0.019,2020-09-09
-0.006,2020-09-10
0.008,2020-09-11
0.006,2020-09-14
0.005,2020-09-15
-0.004,2020-09-16
-0.004,2020-09-17
0.02,2020-09-18
-0.006,2020-09-21
-0.013,2020-09-22
0.002,2020-09-23
-0.018,2020-09-24
-0.001,2020-09-25
-0.001,2020-09-28
0.002,2020-09-29
-0.002,2020-09-30
0.017,2020-10-09
0.026,2020-10-12
0.0,2020-10-13
-0.006,2020-10-14
-0.003,2020-10-15
0.001,2020-10-16
-0.007,2020-10-19
0.005,2020-10-20
-0.001,2020-10-21
-0.004,2020-10-22
-0.011,2020-10-23
-0.008,2020-10-26
0.001,2020-10-27
0.005,2020-10-28
0.001,2020-10-29
-0.015,2020-10-30
0.0,2020-11-02
0.014,2020-11-03
0.002,2020-11-04
0.013,2020-11-05
-0.002,2020-11-06
0.018,2020-11-09
-0.004,2020-11-10
-0.005,2020-11-11
-0.001,2020-11-12
-0.009,2020-11-13
0.011,2020-11-16
-0.002,2020-11-17
0.002,2020-11-18
0.005,2020-11-19
0.004,2020-11-20
0.011,2020-11-23
-0.003,2020-11-24
-0.012,2020-11-25
0.002,2020-11-26
0.011,2020-11-27
-0.005,2020-11-30
0.017,2020-12-01
-0.001,2020-12-02
-0.002,2020-12-03
0.001,2020-12-04
-0.008,2020-12-07
-0.002,2020-12-08
-0.011,2020-12-09
0.0,2020-12-10
-0.008,2020-12-11
0.007,2020-12-14
-0.001,2020-12-15
-0.0,2020-12-16
0.011,2020-12-17
-0.003,2020-12-18
