coefs,median_absolute_err,mean_squared_err,gt_real_list,lt_real_list
[-0.3556  0.3472 -0.1141  1.1069],0.02,0.004,125,103
[-0.3599  0.3644 -0.1296  1.1106],0.02,0.005,134,94
[-0.3664  0.3548 -0.1317  1.1283],0.02,0.003,126,102
[-0.3808  0.3458 -0.1125  1.1334],0.02,0.004,114,114
[-0.3893  0.3432 -0.1042  1.1371],0.02,0.006,121,107
[-0.3722  0.3208 -0.0927  1.1291],0.02,0.005,113,115
[-0.3668  0.3185 -0.1055  1.1379],0.021,0.004,127,101
[-0.4185  0.2797 -0.0445  1.1678],0.021,0.004,133,95
[-0.3731  0.3116 -0.0907  1.1362],0.021,0.004,125,103
[-0.4128  0.3362 -0.0928  1.1549],0.021,0.004,122,106
[-0.3929  0.339  -0.0957  1.1352],0.021,0.004,125,103
[-0.3729  0.3233 -0.0894  1.1236],0.021,0.004,110,118
[-0.3621  0.3466 -0.116   1.1171],0.021,0.004,118,110
[-0.3543  0.3976 -0.1482  1.091 ],0.021,0.005,115,113
[-0.3701  0.3674 -0.1288  1.1166],0.021,0.003,133,95
[-0.3655  0.326  -0.1074  1.1308],0.021,0.005,122,106
[-0.3781  0.3288 -0.0996  1.1343],0.021,0.004,120,108
[-0.3504  0.3454 -0.1318  1.1208],0.021,0.005,120,108
[-0.3829  0.3228 -0.0986  1.1434],0.021,0.002,111,117
[-0.3448  0.3991 -0.1579  1.0886],0.021,0.005,128,100
[-0.3848  0.3245 -0.0861  1.1317],0.021,0.004,129,99
[-0.3808  0.3471 -0.1197  1.139 ],0.021,0.006,117,111
[-0.3848  0.3231 -0.1015  1.1475],0.021,0.004,124,104
[-0.3967  0.3179 -0.0827  1.1458],0.021,0.003,135,93
[-0.4004  0.3095 -0.0878  1.1641],0.021,0.004,133,95
[-0.3682  0.345  -0.1169  1.125 ],0.022,0.003,123,105
[-0.3751  0.363  -0.1144  1.1121],0.022,0.003,120,108
[-0.3508  0.3503 -0.123   1.1087],0.022,0.006,107,121
[-0.3802  0.3486 -0.116   1.1327],0.022,0.004,117,111
[-0.3592  0.3344 -0.1198  1.1295],0.022,0.004,128,100
[-0.3924  0.3421 -0.1025  1.1382],0.022,0.003,116,112
[-0.39    0.2973 -0.0857  1.163 ],0.022,0.004,113,115
[-0.3756  0.3102 -0.0847  1.1339],0.022,0.003,124,104
[-0.3525  0.346  -0.1166  1.1073],0.022,0.003,113,115
[-0.3705  0.3071 -0.0977  1.1443],0.022,0.006,121,107
[-0.3531  0.3167 -0.0917  1.1122],0.022,0.005,123,105
[-0.3923  0.3172 -0.0856  1.1465],0.022,0.004,122,106
[-0.376   0.3254 -0.0917  1.1272],0.022,0.004,126,102
[-0.4146  0.3259 -0.0824  1.1561],0.022,0.003,115,113
[-0.4153  0.3536 -0.0988  1.1482],0.022,0.005,134,94
[-0.3535  0.3853 -0.1432  1.0964],0.022,0.004,116,112
[-0.3837  0.3474 -0.1147  1.1358],0.022,0.006,126,102
[-0.3892  0.3522 -0.105   1.1277],0.022,0.006,123,105
[-0.3612  0.3533 -0.1148  1.1091],0.022,0.004,124,104
[-0.3876  0.3345 -0.1113  1.1491],0.022,0.004,119,109
[-0.3541  0.3707 -0.1248  1.0944],0.022,0.006,127,101
[-0.3852  0.3198 -0.1007  1.1507],0.022,0.003,131,97
[-0.3568  0.3841 -0.1291  1.0878],0.022,0.004,125,103
[-0.4079  0.2964 -0.0759  1.1718],0.022,0.003,122,106
[-0.3679  0.3385 -0.1152  1.1298],0.022,0.003,117,111
[-0.3804  0.3357 -0.1072  1.137 ],0.022,0.003,117,111
[-0.3745  0.3433 -0.1194  1.1359],0.022,0.006,123,105
[-0.3705  0.339  -0.1127  1.1299],0.022,0.005,103,125
[-0.3955  0.3216 -0.0948  1.1532],0.022,0.004,112,116
[-0.4056  0.3091 -0.0701  1.1507],0.022,0.005,127,101
[-0.3736  0.3497 -0.126   1.1348],0.022,0.006,132,96
[-0.4089  0.3263 -0.1009  1.1681],0.022,0.005,120,108
[-0.4072  0.3207 -0.1046  1.1761],0.022,0.005,132,96
[-0.3818  0.334  -0.1051  1.1391],0.022,0.005,131,97
[-0.3718  0.3486 -0.1064  1.114 ],0.022,0.005,122,106
[-0.3756  0.3235 -0.1049  1.1414],0.022,0.003,122,106
[-0.4272  0.3003 -0.071   1.182 ],0.022,0.005,132,96
[-0.3691  0.3186 -0.1087  1.1428],0.022,0.004,132,96
[-0.3701  0.3675 -0.1205  1.1091],0.022,0.003,113,115
[-0.4035  0.3386 -0.0945  1.1449],0.022,0.003,136,92
[-0.3611  0.3389 -0.1112  1.1191],0.022,0.004,119,109
[-0.366   0.3472 -0.1163  1.1201],0.022,0.006,130,98
[-0.3555  0.31   -0.0937  1.1227],0.022,0.005,120,108
[-0.391   0.3291 -0.09    1.1365],0.022,0.004,123,105
[-0.3754  0.3537 -0.1171  1.1235],0.022,0.002,129,99
[-0.3956  0.2975 -0.0735  1.1562],0.022,0.003,126,102
[-0.3508  0.368  -0.1271  1.0941],0.022,0.003,128,100
[-0.3644  0.3362 -0.1089  1.1211],0.022,0.005,126,102
[-0.3865  0.324  -0.093   1.1408],0.022,0.003,122,106
[-0.3776  0.3402 -0.0891  1.1111],0.022,0.006,113,115
[-0.365   0.3434 -0.1204  1.1269],0.022,0.004,113,115
[-0.3931  0.355  -0.1173  1.1425],0.022,0.006,125,103
[-0.4077  0.3158 -0.0831  1.16  ],0.022,0.003,142,86
[-0.404   0.3473 -0.1135  1.1571],0.023,0.006,121,107
[-0.3798  0.3321 -0.111   1.1444],0.023,0.002,114,114
[-0.3462  0.3588 -0.1143  1.0876],0.023,0.005,123,105
[-0.4285  0.291  -0.0556  1.1778],0.023,0.005,126,102
[-0.3952  0.2965 -0.0817  1.1651],0.023,0.005,123,105
[-0.3832  0.3371 -0.1173  1.1483],0.023,0.006,125,103
[-0.3954  0.3352 -0.0986  1.1438],0.023,0.003,128,100
[-0.3982  0.3463 -0.1007  1.1371],0.023,0.004,131,97
[-0.4005  0.3283 -0.0823  1.1402],0.023,0.004,115,113
[-0.3878  0.3229 -0.1039  1.1536],0.023,0.003,107,121
[-0.36    0.3366 -0.1064  1.115 ],0.023,0.008,125,103
[-0.3821  0.3694 -0.1222  1.1233],0.023,0.006,127,101
[-0.3993  0.3445 -0.1067  1.1477],0.023,0.005,115,113
[-0.4096  0.3091 -0.0722  1.1584],0.023,0.005,134,94
[-0.3637  0.3385 -0.1148  1.1235],0.023,0.004,132,96
[-0.4019  0.289  -0.0711  1.1695],0.023,0.005,117,111
[-0.3965  0.3093 -0.0746  1.1459],0.023,0.004,126,102
[-0.4115  0.3131 -0.0654  1.1474],0.023,0.005,127,101
[-0.3623  0.3684 -0.1362  1.1136],0.023,0.004,115,113
[-0.3616  0.3603 -0.1207  1.1074],0.023,0.004,115,113
[-0.3534  0.3554 -0.1312  1.1139],0.023,0.004,131,97
[-0.3735  0.3218 -0.0977  1.133 ],0.023,0.003,127,101
[-0.3882  0.3162 -0.0895  1.1457],0.023,0.004,120,108
[-0.3735  0.3352 -0.1049  1.1279],0.023,0.006,119,109
[-0.3718  0.3201 -0.1051  1.1406],0.023,0.005,126,102
[-0.4101  0.3332 -0.1107  1.1725],0.023,0.005,123,105
[-0.3906  0.3592 -0.1157  1.1326],0.023,0.003,125,103
[-0.363   0.3652 -0.1281  1.1103],0.023,0.004,140,88
[-0.3616  0.3555 -0.1277  1.1183],0.023,0.003,127,101
[-0.3778  0.3316 -0.1067  1.1375],0.023,0.004,116,112
[-0.4105  0.3196 -0.0905  1.1675],0.023,0.004,129,99
[-0.3837  0.3376 -0.0964  1.1283],0.023,0.005,138,90
[-0.3739  0.3116 -0.0957  1.1425],0.023,0.004,116,112
[-0.3609  0.3341 -0.0908  1.1029],0.023,0.005,125,103
[-0.3683  0.3376 -0.1083  1.1229],0.023,0.007,127,101
[-0.4214  0.3161 -0.0663  1.1573],0.023,0.005,109,119
[-0.4085  0.3215 -0.0854  1.1582],0.023,0.004,128,100
[-0.3632  0.3455 -0.1068  1.1092],0.023,0.004,117,111
[-0.3642  0.3516 -0.1204  1.1178],0.023,0.003,127,101
[-0.3717  0.3574 -0.1298  1.1294],0.023,0.004,120,108
[-0.4098  0.3356 -0.1035  1.1637],0.023,0.004,125,103
[-0.362   0.3035 -0.0893  1.1314],0.023,0.005,120,108
[-0.399   0.3272 -0.0928  1.1507],0.023,0.004,122,106
[-0.3642  0.3333 -0.1091  1.1245],0.023,0.005,137,91
[-0.3985  0.2947 -0.0774  1.1669],0.023,0.005,121,107
[-0.3867  0.3329 -0.095   1.135 ],0.023,0.005,112,116
[-0.3542  0.338  -0.1044  1.106 ],0.023,0.006,118,110
[-0.3788  0.3284 -0.1126  1.1467],0.023,0.004,122,106
[-0.373   0.3267 -0.1041  1.1358],0.023,0.004,113,115
[-0.3652  0.3465 -0.1139  1.1176],0.023,0.004,128,100
[-0.3502  0.3373 -0.1285  1.1269],0.023,0.005,122,106
[-0.3456  0.3823 -0.143   1.0906],0.023,0.006,120,108
[-0.3995  0.323  -0.0943  1.1572],0.023,0.005,117,111
[-0.3548  0.3571 -0.1137  1.096 ],0.023,0.003,125,103
[-0.3996  0.309  -0.0684  1.1437],0.023,0.003,115,113
[-0.3766  0.3138 -0.0975  1.1437],0.023,0.005,127,101
[-0.3972  0.343  -0.0942  1.1343],0.023,0.003,115,113
[-0.351   0.3845 -0.1301  1.0829],0.023,0.006,122,106
[-0.3812  0.3338 -0.1021  1.1351],0.023,0.004,135,93
[-0.3769  0.3077 -0.0963  1.1484],0.023,0.005,121,107
[-0.4046  0.3401 -0.1126  1.1622],0.023,0.004,127,101
[-0.3876  0.2995 -0.0804  1.1528],0.023,0.004,121,107
[-0.3462  0.2947 -0.0893  1.1249],0.023,0.005,112,116
[-0.3922  0.3215 -0.0931  1.1499],0.023,0.006,123,105
[-0.374   0.3113 -0.0871  1.1351],0.023,0.004,113,115
[-0.4256  0.3166 -0.0685  1.1641],0.023,0.005,117,111
[-0.3727  0.3689 -0.1181  1.1076],0.023,0.004,125,103
[-0.3537  0.3483 -0.1113  1.1021],0.023,0.004,128,100
[-0.3692  0.3314 -0.1183  1.1412],0.023,0.005,121,107
[-0.3657  0.3382 -0.105   1.1173],0.023,0.005,123,105
[-0.3947  0.3243 -0.079   1.1344],0.023,0.004,133,95
[-0.3791  0.3425 -0.118   1.1396],0.023,0.004,110,118
[-0.3935  0.3361 -0.1066  1.1485],0.023,0.004,136,92
[-0.392   0.3344 -0.0996  1.1443],0.023,0.005,130,98
[-0.3606  0.3393 -0.1244  1.1313],0.023,0.005,120,108
[-0.3877  0.2786 -0.06    1.1524],0.023,0.006,112,116
[-0.3914  0.322  -0.0994  1.1535],0.023,0.004,114,114
[-0.3624  0.3245 -0.1074  1.1286],0.023,0.005,113,115
[-0.3758  0.3409 -0.1078  1.129 ],0.023,0.006,118,110
[-0.3514  0.3741 -0.1405  1.1032],0.023,0.003,134,94
[-0.346   0.3762 -0.1358  1.0916],0.023,0.005,124,104
[-0.4219  0.3207 -0.0823  1.1693],0.023,0.006,127,101
[-0.367   0.3177 -0.0989  1.1331],0.023,0.004,127,101
[-0.383   0.321  -0.0928  1.1392],0.023,0.006,133,95
[-0.3891  0.3173 -0.0927  1.15  ],0.023,0.004,124,104
[-0.3582  0.3219 -0.1007  1.1226],0.023,0.004,124,104
[-0.3731  0.341  -0.1148  1.1313],0.023,0.003,126,102
[-0.389   0.3508 -0.1088  1.1335],0.023,0.005,110,118
[-0.3944  0.3242 -0.0909  1.1452],0.023,0.004,139,89
[-0.3743  0.3438 -0.1101  1.1247],0.023,0.003,118,110
[-0.4352  0.3375 -0.0977  1.1822],0.023,0.006,119,109
[-0.4039  0.3072 -0.0836  1.166 ],0.023,0.005,126,102
[-0.4087  0.3117 -0.0805  1.1628],0.023,0.004,117,111
[-0.3771  0.3553 -0.1139  1.1217],0.024,0.004,119,109
[-0.3858  0.3955 -0.145   1.1234],0.024,0.007,121,107
[-0.3694  0.3372 -0.1107  1.1282],0.024,0.004,128,100
[-0.3626  0.3217 -0.0957  1.1203],0.024,0.006,134,94
[-0.3889  0.3002 -0.0734  1.1471],0.024,0.003,124,104
[-0.3681  0.3544 -0.1297  1.1283],0.024,0.004,123,105
[-0.3415  0.4059 -0.1713  1.0911],0.024,0.007,120,108
[-0.3611  0.388  -0.1326  1.0926],0.024,0.006,127,101
[-0.3919  0.3372 -0.1106  1.1503],0.024,0.004,136,92
[-0.372   0.3466 -0.1099  1.1206],0.024,0.004,125,103
[-0.3762  0.3396 -0.1067  1.1295],0.024,0.005,126,102
[-0.3917  0.3337 -0.1154  1.1592],0.024,0.005,124,104
[-0.4288  0.3263 -0.0859  1.1749],0.024,0.007,116,112
[-0.3764  0.3475 -0.1218  1.1368],0.024,0.005,124,104
[-0.3248  0.363  -0.1336  1.0794],0.024,0.005,138,90
[-0.3901  0.3265 -0.0835  1.132 ],0.024,0.003,121,107
[-0.3383  0.3821 -0.1469  1.0879],0.024,0.004,120,108
[-0.3886  0.3498 -0.1226  1.1466],0.024,0.004,138,90
[-0.3789  0.3348 -0.1045  1.1338],0.024,0.004,118,110
[-0.3485  0.3673 -0.1311  1.0976],0.024,0.007,122,106
[-0.3857  0.3282 -0.0966  1.1388],0.024,0.004,113,115
[-0.3988  0.3303 -0.0932  1.1467],0.024,0.005,131,97
[-0.3506  0.3715 -0.1326  1.0969],0.024,0.003,131,97
[-0.3527  0.3592 -0.1276  1.1039],0.024,0.004,135,93
[-0.381   0.3104 -0.0837  1.1384],0.024,0.005,126,102
[-0.3544  0.3557 -0.132   1.1154],0.024,0.004,120,108
[-0.3614  0.3544 -0.1243  1.116 ],0.024,0.003,135,93
[-0.4352  0.3032 -0.0735  1.1906],0.024,0.005,111,117
[-0.3574  0.347  -0.1194  1.1143],0.024,0.005,123,105
[-0.3866  0.3122 -0.0872  1.146 ],0.024,0.004,115,113
[-0.3987  0.3433 -0.106   1.1478],0.024,0.004,126,102
[-0.3727  0.3437 -0.0988  1.1126],0.024,0.005,121,107
[-0.3782  0.334  -0.1025  1.1322],0.024,0.004,113,115
[-0.3658  0.3492 -0.1205  1.1221],0.024,0.003,118,110
[-0.3516  0.3294 -0.1015  1.1082],0.024,0.004,121,107
[-0.36    0.346  -0.1089  1.108 ],0.024,0.004,129,99
[-0.4149  0.3552 -0.1116  1.1588],0.024,0.005,122,106
[-0.3661  0.375  -0.1419  1.1181],0.024,0.007,127,101
[-0.3765  0.3436 -0.1147  1.1318],0.024,0.005,135,93
[-0.38    0.3217 -0.1044  1.146 ],0.024,0.003,126,102
[-0.3669  0.3191 -0.101   1.1335],0.024,0.004,123,105
[-0.3672  0.338  -0.1097  1.1234],0.024,0.005,125,103
[-0.38    0.3186 -0.1037  1.1497],0.024,0.005,111,117
[-0.3978  0.3079 -0.0946  1.1679],0.024,0.007,130,98
[-0.4118  0.3404 -0.1018  1.1583],0.024,0.004,133,95
[-0.3673  0.3621 -0.126   1.1164],0.024,0.004,113,115
[-0.3934  0.3717 -0.1073  1.1166],0.024,0.006,127,101
[-0.3851  0.3522 -0.1031  1.1222],0.024,0.007,124,104
[-0.3951  0.3242 -0.0885  1.1428],0.024,0.004,115,113
[-0.3877  0.3549 -0.1065  1.1248],0.024,0.004,112,116
[-0.3945  0.3302 -0.0954  1.1441],0.024,0.003,122,106
[-0.3423  0.3563 -0.1374  1.1068],0.024,0.004,124,104
[-0.3521  0.3454 -0.1131  1.1057],0.024,0.005,121,107
[-0.3771  0.3221 -0.0978  1.1375],0.024,0.003,128,100
[-0.3801  0.3183 -0.0971  1.1439],0.024,0.004,118,110
[-0.342   0.3478 -0.1217  1.1018],0.024,0.005,120,108
[-0.371   0.3169 -0.0878  1.1261],0.024,0.005,128,100
[-0.3921  0.3199 -0.1069  1.1643],0.024,0.004,135,93
[-0.3588  0.3558 -0.1175  1.1057],0.024,0.004,114,114
[-0.3609  0.3511 -0.1275  1.122 ],0.024,0.005,125,103
[-0.365   0.34   -0.111   1.1207],0.024,0.004,124,104
[-0.3841  0.3477 -0.1093  1.1327],0.024,0.006,103,125
[-0.4462  0.294  -0.0681  1.2059],0.024,0.005,119,109
[-0.3525  0.3267 -0.1053  1.1161],0.024,0.005,133,95
[-0.3551  0.359  -0.1268  1.108 ],0.024,0.006,136,92
[-0.3739  0.3267 -0.088   1.1204],0.024,0.005,141,87
[-0.399   0.3575 -0.0987  1.1271],0.024,0.005,126,102
[-0.3495  0.3401 -0.1116  1.105 ],0.024,0.003,126,102
[-0.4094  0.3302 -0.0938  1.159 ],0.024,0.004,118,110
[-0.3627  0.3492 -0.119   1.1169],0.024,0.004,122,106
[-0.3889  0.3769 -0.1228  1.121 ],0.024,0.006,113,115
[-0.376   0.3349 -0.0981  1.1256],0.024,0.005,129,99
[-0.3825  0.3583 -0.1373  1.1472],0.024,0.006,106,122
[-0.3659  0.3636 -0.1298  1.1181],0.024,0.005,118,110
[-0.3887  0.3389 -0.0962  1.1323],0.024,0.005,127,101
[-0.3556  0.3436 -0.1152  1.1107],0.024,0.004,137,91
[-0.3416  0.3434 -0.1178  1.1005],0.024,0.005,121,107
[-0.3856  0.3432 -0.1074  1.1349],0.024,0.006,115,113
[-0.3974  0.3049 -0.0847  1.1612],0.024,0.004,127,101
[-0.3901  0.3489 -0.1207  1.1462],0.024,0.005,137,91
[-0.3821  0.3484 -0.1119  1.1306],0.024,0.004,125,103
[-0.4091  0.3264 -0.0884  1.1561],0.024,0.005,114,114
[-0.3529  0.3407 -0.1196  1.1172],0.024,0.003,117,111
[-0.3396  0.3217 -0.1024  1.1043],0.024,0.006,126,102
[-0.4061  0.3289 -0.0815  1.1461],0.024,0.007,134,94
[-0.4003  0.3177 -0.0901  1.1576],0.024,0.004,118,110
[-0.4158  0.3127 -0.0786  1.1674],0.024,0.004,145,83
[-0.3559  0.3624 -0.1249  1.1043],0.024,0.004,128,100
[-0.3601  0.3288 -0.1172  1.1331],0.024,0.006,133,95
[-0.3713  0.3413 -0.118   1.133 ],0.024,0.005,120,108
[-0.375   0.321  -0.0832  1.122 ],0.024,0.007,122,106
[-0.3854  0.3317 -0.1021  1.1416],0.024,0.007,134,94
[-0.4022  0.3243 -0.102   1.164 ],0.024,0.004,126,102
[-0.389   0.3312 -0.1018  1.1451],0.024,0.004,127,101
[-0.3647  0.3388 -0.1057  1.1165],0.024,0.005,122,106
[-0.3669  0.3576 -0.1222  1.1174],0.024,0.004,121,107
[-0.3693  0.346  -0.1221  1.1308],0.024,0.004,120,108
[-0.354   0.3457 -0.1125  1.1073],0.024,0.005,110,118
[-0.3785  0.3439 -0.1121  1.1323],0.024,0.003,108,120
[-0.3827  0.3377 -0.0945  1.1229],0.024,0.005,131,97
[-0.4207  0.2989 -0.0649  1.1711],0.024,0.003,118,110
[-0.3668  0.3351 -0.1147  1.1325],0.024,0.006,118,110
[-0.4148  0.3441 -0.0975  1.1556],0.024,0.007,121,107
[-0.3689  0.3278 -0.102   1.1282],0.024,0.006,109,119
[-0.3826  0.3908 -0.1427  1.1215],0.024,0.009,126,102
[-0.3821  0.3389 -0.1096  1.1368],0.024,0.003,127,101
[-0.3988  0.2864 -0.0696  1.1652],0.024,0.006,131,97
[-0.3902  0.3364 -0.1145  1.1547],0.024,0.005,112,116
[-0.3911  0.3186 -0.0908  1.1473],0.024,0.005,118,110
[-0.3952  0.336  -0.11    1.1553],0.024,0.006,130,98
[-0.3658  0.3498 -0.1033  1.1047],0.024,0.004,120,108
[-0.3748  0.3322 -0.1063  1.1341],0.024,0.005,128,100
[-0.3554  0.3292 -0.0964  1.1061],0.024,0.004,138,90
[-0.3569  0.3542 -0.1273  1.1141],0.024,0.005,130,98
[-0.3843  0.3702 -0.1109  1.1114],0.024,0.004,123,105
[-0.3695  0.3474 -0.1198  1.1262],0.024,0.005,127,101
[-0.3823  0.3496 -0.1072  1.1259],0.024,0.004,123,105
[-0.347   0.3442 -0.1179  1.1053],0.024,0.004,137,91
[-0.3567  0.3732 -0.1345  1.1022],0.024,0.003,132,96
[-0.3502  0.3692 -0.1303  1.0964],0.024,0.007,133,95
[-0.3522  0.3813 -0.1417  1.0974],0.024,0.004,118,110
[-0.3769  0.3357 -0.1154  1.141 ],0.025,0.004,139,89
[-0.3962  0.3285 -0.1021  1.1555],0.025,0.007,129,99
[-0.3629  0.3408 -0.1064  1.1139],0.025,0.005,123,105
[-0.393   0.3266 -0.0898  1.1406],0.025,0.007,118,110
[-0.3593  0.371  -0.1359  1.109 ],0.025,0.003,134,94
[-0.3524  0.3781 -0.1509  1.1105],0.025,0.005,128,100
[-0.4036  0.3385 -0.0852  1.136 ],0.025,0.005,120,108
[-0.3915  0.317  -0.0891  1.1478],0.025,0.004,116,112
[-0.3876  0.3201 -0.1029  1.1549],0.025,0.004,126,102
[-0.392   0.3439 -0.1051  1.138 ],0.025,0.003,116,112
[-0.3563  0.3699 -0.1227  1.0958],0.025,0.005,132,96
[-0.3659  0.3538 -0.1175  1.1149],0.025,0.006,112,116
[-0.3733  0.281  -0.0622  1.1367],0.025,0.007,134,94
[-0.4215  0.3072 -0.0702  1.1701],0.025,0.005,131,97
[-0.3746  0.3245 -0.0863  1.1215],0.025,0.004,116,112
[-0.3613  0.3249 -0.0996  1.1223],0.025,0.009,133,95
[-0.4101  0.3302 -0.0949  1.1614],0.025,0.005,139,89
[-0.3895  0.36   -0.12    1.1345],0.025,0.004,116,112
[-0.4183  0.3239 -0.0904  1.1696],0.025,0.005,124,104
[-0.3806  0.3292 -0.1018  1.1381],0.025,0.004,120,108
[-0.366   0.3524 -0.1187  1.1178],0.025,0.004,114,114
[-0.3532  0.3618 -0.1348  1.1108],0.025,0.006,121,107
[-0.396   0.3508 -0.1085  1.1402],0.025,0.004,129,99
[-0.4016  0.3331 -0.0847  1.1379],0.025,0.007,118,110
[-0.3701  0.3466 -0.1214  1.1296],0.025,0.003,121,107
[-0.3952  0.3272 -0.0982  1.1507],0.025,0.006,121,107
[-0.4151  0.3195 -0.0796  1.1589],0.025,0.006,130,98
[-0.34    0.393  -0.1431  1.0757],0.025,0.006,117,111
[-0.3621  0.3477 -0.1074  1.106 ],0.025,0.005,126,102
[-0.3549  0.3632 -0.1251  1.1029],0.025,0.005,119,109
[-0.3879  0.2994 -0.0785  1.1515],0.025,0.005,128,100
[-0.3962  0.2974 -0.0624  1.1466],0.025,0.006,118,110
[-0.3998  0.335  -0.0887  1.1395],0.025,0.005,121,107
[-0.387   0.327  -0.0989  1.1439],0.025,0.004,137,91
[-0.3542  0.3031 -0.0878  1.122 ],0.025,0.004,127,101
[-0.3669  0.3009 -0.1055  1.154 ],0.025,0.007,129,99
[-0.4069  0.3443 -0.1008  1.1497],0.025,0.005,128,100
[-0.4304  0.3002 -0.0692  1.1838],0.025,0.003,127,101
[-0.3757  0.3856 -0.1347  1.1116],0.025,0.005,124,104
[-0.3651  0.3569 -0.1317  1.1255],0.025,0.004,104,124
[-0.381   0.3436 -0.1227  1.146 ],0.025,0.005,113,115
[-0.3936  0.319  -0.1063  1.1658],0.025,0.005,111,117
[-0.354   0.3704 -0.1195  1.0883],0.025,0.005,127,101
[-0.3872  0.335  -0.1119  1.1498],0.025,0.006,129,99
[-0.3791  0.2966 -0.0832  1.1491],0.025,0.005,125,103
[-0.3868  0.3208 -0.0915  1.1409],0.025,0.005,129,99
[-0.372   0.3534 -0.1178  1.1217],0.025,0.004,121,107
[-0.345   0.3478 -0.1393  1.1208],0.025,0.006,114,114
[-0.3918  0.3431 -0.0871  1.12  ],0.025,0.006,116,112
[-0.3631  0.369  -0.1288  1.1095],0.025,0.006,127,101
[-0.3702  0.3638 -0.121   1.1139],0.025,0.005,131,97
[-0.3559  0.3436 -0.1287  1.1259],0.025,0.004,121,107
[-0.4236  0.3299 -0.0927  1.1722],0.025,0.004,117,111
[-0.3602  0.36   -0.1139  1.1   ],0.025,0.005,124,104
[-0.3705  0.3604 -0.128   1.1241],0.025,0.005,118,110
[-0.3598  0.3145 -0.0995  1.128 ],0.025,0.005,109,119
[-0.4393  0.3026 -0.075   1.1967],0.025,0.004,126,102
[-0.4155  0.2986 -0.0539  1.1559],0.025,0.006,128,100
[-0.3947  0.3342 -0.1035  1.1498],0.025,0.006,125,103
[-0.3621  0.3267 -0.0987  1.1199],0.025,0.005,113,115
[-0.4239  0.3299 -0.085   1.1647],0.025,0.004,124,104
[-0.361   0.3271 -0.0839  1.1022],0.025,0.004,119,109
[-0.3631  0.3473 -0.1167  1.1168],0.025,0.004,135,93
[-0.3578  0.3494 -0.1067  1.1002],0.025,0.005,143,85
[-0.3739  0.3599 -0.1012  1.1005],0.025,0.005,129,99
[-0.3678  0.3431 -0.1098  1.118 ],0.025,0.004,126,102
[-0.3916  0.3426 -0.1027  1.1381],0.025,0.005,114,114
[-0.3513  0.3706 -0.1327  1.0992],0.025,0.005,131,97
[-0.383   0.3179 -0.0853  1.1367],0.025,0.007,115,113
[-0.3456  0.374  -0.1373  1.0936],0.025,0.005,116,112
[-0.372   0.3231 -0.1102  1.142 ],0.025,0.003,112,116
[-0.3936  0.3167 -0.0952  1.1567],0.025,0.004,114,114
[-0.3858  0.3116 -0.0649  1.1235],0.025,0.005,121,107
[-0.36    0.3781 -0.1316  1.0987],0.025,0.005,132,96
[-0.4117  0.3181 -0.0893  1.168 ],0.025,0.004,113,115
[-0.3802  0.3163 -0.1015  1.149 ],0.025,0.005,119,109
[-0.419   0.3348 -0.0857  1.1558],0.025,0.007,136,92
[-0.3464  0.3708 -0.1477  1.1075],0.025,0.005,125,103
[-0.3583  0.3232 -0.1032  1.1235],0.025,0.005,122,106
[-0.3702  0.3409 -0.1109  1.1241],0.025,0.004,132,96
[-0.3928  0.3431 -0.1087  1.1445],0.025,0.005,133,95
[-0.3769  0.3388 -0.1008  1.126 ],0.025,0.008,126,102
[-0.3904  0.3505 -0.1185  1.1434],0.025,0.004,114,114
[-0.3946  0.3204 -0.0925  1.1513],0.025,0.005,143,85
[-0.389   0.307  -0.0978  1.1644],0.025,0.004,123,105
[-0.3695  0.3093 -0.1014  1.1454],0.025,0.005,122,106
[-0.3629  0.3486 -0.1151  1.113 ],0.025,0.005,135,93
[-0.3704  0.3374 -0.103   1.1212],0.025,0.004,124,104
[-0.3845  0.3466 -0.1199  1.1427],0.025,0.005,133,95
[-0.3656  0.3108 -0.0788  1.1177],0.025,0.004,116,112
[-0.3436  0.3405 -0.1358  1.1229],0.025,0.005,128,100
[-0.36    0.3515 -0.1003  1.0955],0.025,0.006,113,115
[-0.3678  0.3299 -0.1153  1.137 ],0.025,0.004,131,97
[-0.3761  0.3223 -0.1078  1.1474],0.025,0.004,130,98
[-0.3693  0.3622 -0.1241  1.1168],0.025,0.004,136,92
[-0.3527  0.3415 -0.1111  1.1061],0.025,0.004,119,109
[-0.3701  0.329  -0.0873  1.112 ],0.025,0.005,134,94
[-0.365   0.3983 -0.1445  1.0979],0.025,0.004,124,104
[-0.4044  0.3315 -0.0996  1.1585],0.025,0.003,118,110
[-0.3733  0.312  -0.0813  1.128 ],0.025,0.005,120,108
[-0.3581  0.3834 -0.148   1.1072],0.025,0.004,119,109
[-0.3632  0.3427 -0.1223  1.1271],0.025,0.005,132,96
[-0.3649  0.3432 -0.1316  1.1391],0.025,0.005,117,111
[-0.3846  0.3401 -0.0986  1.1301],0.025,0.005,115,113
[-0.3621  0.3493 -0.131   1.1276],0.025,0.003,136,92
[-0.3313  0.3514 -0.1289  1.0938],0.025,0.005,115,113
[-0.3877  0.3276 -0.1047  1.1491],0.025,0.006,118,110
[-0.3628  0.3242 -0.1072  1.1298],0.025,0.004,124,104
[-0.4046  0.313  -0.0925  1.1701],0.025,0.006,121,107
[-0.3694  0.3512 -0.1239  1.1279],0.025,0.004,126,102
[-0.3727  0.3653 -0.1223  1.1145],0.025,0.004,129,99
[-0.3462  0.4131 -0.1544  1.0739],0.025,0.005,124,104
[-0.3945  0.3046 -0.0821  1.1564],0.025,0.005,127,101
[-0.4263  0.2948 -0.0427  1.1602],0.025,0.006,111,117
[-0.3682  0.3581 -0.1151  1.1099],0.025,0.004,118,110
[-0.3703  0.3222 -0.0942  1.1268],0.025,0.004,103,125
[-0.3847  0.3348 -0.1026  1.1372],0.025,0.004,125,103
[-0.3797  0.3747 -0.1348  1.1265],0.025,0.005,123,105
[-0.3726  0.3266 -0.1048  1.1351],0.025,0.004,122,106
[-0.3901  0.3059 -0.0907  1.1595],0.025,0.006,132,96
[-0.3849  0.3535 -0.1136  1.1325],0.025,0.007,128,100
[-0.387   0.3542 -0.107   1.1254],0.025,0.004,115,113
[-0.3714  0.3376 -0.1095  1.1276],0.025,0.004,135,93
[-0.3873  0.3089 -0.1078  1.1699],0.025,0.004,124,104
[-0.397   0.3539 -0.1171  1.1478],0.025,0.006,112,116
[-0.3835  0.3523 -0.1124  1.1281],0.025,0.004,115,113
[-0.3581  0.3394 -0.1086  1.1119],0.025,0.004,117,111
[-0.3612  0.3744 -0.143   1.1166],0.025,0.005,124,104
[-0.3593  0.3267 -0.1172  1.1345],0.025,0.004,121,107
[-0.3529  0.3737 -0.1186  1.085 ],0.025,0.005,122,106
[-0.3769  0.3253 -0.1018  1.1374],0.025,0.003,126,102
[-0.3858  0.3553 -0.1159  1.1305],0.025,0.004,122,106
[-0.3931  0.301  -0.0812  1.1583],0.025,0.005,122,106
[-0.3589  0.3531 -0.1203  1.1112],0.025,0.004,122,106
[-0.3411  0.3875 -0.1636  1.1021],0.025,0.004,124,104
[-0.3522  0.3391 -0.1142  1.1108],0.025,0.005,132,96
[-0.401   0.3131 -0.0988  1.172 ],0.025,0.004,125,103
[-0.3808  0.2911 -0.0995  1.1709],0.025,0.006,137,91
[-0.3608  0.3562 -0.1196  1.109 ],0.025,0.005,121,107
[-0.3796  0.3503 -0.1125  1.1278],0.025,0.005,124,104
[-0.4072  0.3213 -0.0859  1.1571],0.025,0.004,120,108
[-0.3972  0.3121 -0.0963  1.1656],0.025,0.003,124,104
[-0.4037  0.3147 -0.076   1.148 ],0.025,0.003,127,101
[-0.3535  0.391  -0.1426  1.0907],0.025,0.005,127,101
[-0.423   0.3335 -0.0886  1.1647],0.025,0.008,137,91
[-0.3908  0.3076 -0.0858  1.1524],0.025,0.005,131,97
[-0.3843  0.3767 -0.1175  1.1125],0.025,0.005,124,104
[-0.386   0.3514 -0.1221  1.1419],0.025,0.005,122,106
[-0.3762  0.3631 -0.121   1.1194],0.025,0.004,128,100
[-0.3775  0.3627 -0.1288  1.1282],0.026,0.004,136,92
[-0.357   0.4029 -0.1563  1.0982],0.026,0.006,114,114
[-0.3467  0.3246 -0.1153  1.1207],0.026,0.006,139,89
[-0.3695  0.3142 -0.1012  1.1408],0.026,0.005,128,100
[-0.4032  0.305  -0.0775  1.1604],0.026,0.003,123,105
[-0.3871  0.3468 -0.1135  1.1411],0.026,0.006,126,102
[-0.3996  0.3442 -0.1052  1.145 ],0.026,0.005,126,102
[-0.364   0.3266 -0.093   1.116 ],0.026,0.004,122,106
[-0.3848  0.3559 -0.1118  1.1274],0.026,0.006,112,116
[-0.3859  0.3338 -0.1039  1.142 ],0.026,0.004,138,90
[-0.3712  0.3465 -0.107   1.1163],0.026,0.003,132,96
[-0.4079  0.3223 -0.0928  1.1638],0.026,0.004,123,105
[-0.4033  0.3333 -0.0908  1.1484],0.026,0.006,117,111
[-0.3665  0.3743 -0.1233  1.1021],0.026,0.006,130,98
[-0.3369  0.3842 -0.1507  1.0876],0.026,0.005,123,105
[-0.3698  0.2955 -0.087   1.1434],0.026,0.005,129,99
[-0.4145  0.3286 -0.0958  1.1686],0.026,0.006,131,97
[-0.36    0.3628 -0.1212  1.1032],0.026,0.005,118,110
[-0.4113  0.3408 -0.0937  1.1496],0.026,0.004,133,95
[-0.3745  0.3519 -0.1146  1.1219],0.026,0.003,129,99
[-0.3654  0.3329 -0.1111  1.1279],0.026,0.004,139,89
[-0.371   0.3477 -0.1088  1.1169],0.026,0.005,131,97
[-0.4065  0.2919 -0.0678  1.1676],0.026,0.004,123,105
[-0.3516  0.3511 -0.1185  1.1045],0.026,0.005,111,117
[-0.4012  0.3173 -0.0946  1.1628],0.026,0.004,131,97
[-0.4082  0.3271 -0.0863  1.1534],0.026,0.005,133,95
[-0.3562  0.3165 -0.1021  1.1257],0.026,0.006,116,112
[-0.3975  0.3395 -0.1115  1.1543],0.026,0.005,119,109
[-0.3941  0.3325 -0.0966  1.1439],0.026,0.006,130,98
[-0.3286  0.4314 -0.1789  1.0611],0.026,0.004,133,95
[-0.3941  0.3225 -0.0958  1.1524],0.026,0.004,129,99
[-0.3583  0.3348 -0.1189  1.1271],0.026,0.007,111,117
[-0.4002  0.3357 -0.0993  1.1494],0.026,0.003,114,114
[-0.3732  0.3263 -0.1016  1.1325],0.026,0.005,119,109
[-0.4032  0.333  -0.0881  1.1434],0.026,0.004,119,109
[-0.3444  0.3632 -0.1255  1.091 ],0.026,0.005,117,111
[-0.3706  0.3335 -0.1129  1.1343],0.026,0.004,134,94
[-0.3235  0.4197 -0.1766  1.0675],0.026,0.007,124,104
[-0.4316  0.3091 -0.078   1.1859],0.026,0.004,121,107
[-0.3903  0.3522 -0.1102  1.1351],0.026,0.006,125,103
[-0.3282  0.351  -0.1193  1.0806],0.026,0.007,122,106
[-0.3882  0.312  -0.0739  1.1342],0.026,0.004,131,97
[-0.3299  0.4027 -0.1679  1.0813],0.026,0.006,117,111
[-0.3675  0.3704 -0.1237  1.1068],0.026,0.006,133,95
[-0.3372  0.3396 -0.1216  1.1031],0.026,0.005,127,101
[-0.3478  0.325  -0.1009  1.1062],0.026,0.006,115,113
[-0.382   0.3196 -0.1105  1.1564],0.026,0.004,120,108
[-0.3977  0.361  -0.0989  1.1235],0.026,0.006,137,91
[-0.4007  0.3281 -0.0909  1.1483],0.026,0.005,125,103
[-0.3537  0.3484 -0.114   1.1034],0.026,0.005,127,101
[-0.3936  0.3033 -0.0873  1.161 ],0.026,0.005,130,98
[-0.4036  0.3031 -0.0775  1.1618],0.026,0.005,125,103
[-0.3986  0.3617 -0.1206  1.1451],0.026,0.006,126,102
[-0.3789  0.3687 -0.1331  1.1288],0.026,0.004,118,110
[-0.3833  0.3482 -0.1246  1.1445],0.026,0.005,131,97
[-0.4001  0.3244 -0.0804  1.1418],0.026,0.005,127,101
[-0.3779  0.319  -0.1083  1.1513],0.026,0.005,128,100
[-0.3747  0.3279 -0.107   1.1384],0.026,0.004,127,101
[-0.357   0.3241 -0.1111  1.1284],0.026,0.005,127,101
[-0.3962  0.3394 -0.1031  1.1445],0.026,0.004,122,106
[-0.3763  0.3396 -0.1127  1.1349],0.026,0.004,120,108
[-0.3843  0.3203 -0.1104  1.1587],0.026,0.006,127,101
[-0.3939  0.3295 -0.103   1.1527],0.026,0.003,111,117
[-0.3554  0.3385 -0.1131  1.1172],0.026,0.007,113,115
[-0.3615  0.3773 -0.1303  1.0998],0.026,0.004,129,99
[-0.3701  0.3143 -0.1008  1.1409],0.026,0.005,124,104
[-0.3764  0.3251 -0.1006  1.1364],0.026,0.004,116,112
[-0.3746  0.3278 -0.0982  1.1297],0.026,0.005,129,99
[-0.4019  0.2916 -0.0655  1.1618],0.026,0.004,128,100
[-0.3801  0.3157 -0.0927  1.1408],0.026,0.004,119,109
[-0.3836  0.316  -0.1044  1.1578],0.026,0.005,128,100
[-0.3792  0.3576 -0.123   1.1296],0.026,0.004,129,99
[-0.3457  0.3726 -0.1295  1.0874],0.026,0.004,116,112
[-0.4398  0.3212 -0.062   1.1659],0.026,0.006,132,96
[-0.3818  0.3265 -0.0899  1.1285],0.026,0.004,124,104
[-0.3759  0.3411 -0.1179  1.1369],0.026,0.004,129,99
[-0.3894  0.3331 -0.103   1.1448],0.026,0.005,121,107
[-0.4204  0.3319 -0.0766  1.1509],0.026,0.005,130,98
[-0.3486  0.3594 -0.1173  1.0914],0.026,0.005,117,111
[-0.3927  0.337  -0.0919  1.1349],0.026,0.006,130,98
[-0.3754  0.3157 -0.0934  1.1354],0.026,0.005,134,94
[-0.3736  0.3638 -0.1252  1.1221],0.026,0.005,123,105
[-0.4036  0.3285 -0.0877  1.1489],0.026,0.005,129,99
[-0.3679  0.3642 -0.1184  1.1073],0.026,0.005,114,114
[-0.3906  0.3232 -0.0973  1.1491],0.026,0.003,121,107
[-0.397   0.3369 -0.0982  1.1434],0.026,0.003,125,103
[-0.4145  0.2953 -0.0632  1.1672],0.026,0.004,123,105
[-0.3504  0.3439 -0.1194  1.1115],0.026,0.007,118,110
[-0.3627  0.3475 -0.1182  1.1173],0.026,0.003,129,99
[-0.3734  0.3279 -0.0948  1.1248],0.026,0.004,118,110
[-0.3517  0.3921 -0.1531  1.0992],0.026,0.004,129,99
[-0.3816  0.3573 -0.1094  1.1189],0.026,0.004,126,102
[-0.3419  0.3851 -0.1394  1.081 ],0.026,0.003,125,103
[-0.3786  0.3231 -0.0894  1.1299],0.026,0.005,125,103
[-0.4063  0.3106 -0.1026  1.1832],0.026,0.003,115,113
[-0.3494  0.3468 -0.1277  1.1148],0.026,0.004,124,104
[-0.3077  0.4499 -0.1908  1.0352],0.026,0.005,133,95
[-0.3598  0.3323 -0.1069  1.1188],0.026,0.005,118,110
[-0.3474  0.3067 -0.096   1.1194],0.026,0.006,130,98
[-0.4031  0.3248 -0.078   1.1405],0.026,0.004,134,94
[-0.3481  0.2873 -0.083   1.1252],0.026,0.005,121,107
[-0.407   0.3251 -0.0992  1.1664],0.026,0.004,115,113
[-0.4021  0.3583 -0.117   1.1485],0.026,0.007,114,114
[-0.4076  0.3357 -0.096   1.153 ],0.026,0.004,121,107
[-0.3622  0.3209 -0.0888  1.1138],0.026,0.005,139,89
[-0.375   0.3421 -0.1106  1.1287],0.026,0.003,130,98
[-0.3683  0.3216 -0.096   1.1264],0.026,0.005,125,103
[-0.4132  0.2982 -0.0769  1.1763],0.026,0.004,122,106
[-0.3974  0.3268 -0.0925  1.1481],0.026,0.005,123,105
[-0.376   0.3137 -0.078   1.1255],0.026,0.006,126,102
[-0.3927  0.3157 -0.0906  1.1524],0.026,0.004,114,114
[-0.3649  0.3326 -0.1125  1.1311],0.026,0.005,109,119
[-0.3632  0.3385 -0.1015  1.1097],0.026,0.004,136,92
[-0.3935  0.3212 -0.1105  1.1686],0.026,0.006,125,103
[-0.3699  0.3826 -0.1176  1.0929],0.026,0.007,114,114
[-0.3839  0.3341 -0.1136  1.1474],0.026,0.003,126,102
[-0.3829  0.3098 -0.0937  1.1507],0.026,0.005,121,107
[-0.3881  0.306  -0.0865  1.1527],0.026,0.005,128,100
[-0.3882  0.3472 -0.0976  1.1237],0.026,0.005,142,86
[-0.3698  0.3464 -0.1191  1.1288],0.026,0.005,120,108
[-0.3575  0.3496 -0.1256  1.1181],0.026,0.004,122,106
[-0.3775  0.3314 -0.1037  1.1351],0.026,0.008,134,94
[-0.3753  0.3781 -0.1287  1.1122],0.026,0.005,130,98
[-0.365   0.3389 -0.1204  1.1312],0.026,0.003,132,96
[-0.3856  0.3599 -0.1265  1.1395],0.026,0.006,108,120
[-0.4033  0.3123 -0.0851  1.1623],0.026,0.006,112,116
[-0.3719  0.3596 -0.1194  1.1172],0.026,0.004,139,89
[-0.3796  0.305  -0.0913  1.1496],0.026,0.008,127,101
[-0.3922  0.3105 -0.0861  1.1518],0.026,0.005,123,105
[-0.3538  0.3729 -0.1397  1.1057],0.026,0.005,133,95
[-0.368   0.3536 -0.1165  1.1173],0.026,0.005,126,102
[-0.3705  0.3249 -0.1053  1.135 ],0.026,0.006,132,96
[-0.3868  0.3181 -0.112   1.1661],0.026,0.004,118,110
[-0.3846  0.3928 -0.1477  1.1264],0.026,0.007,135,93
[-0.3811  0.3437 -0.1018  1.124 ],0.026,0.003,130,98
[-0.3721  0.3429 -0.116   1.1303],0.026,0.005,123,105
[-0.3722  0.3604 -0.1334  1.1291],0.026,0.004,129,99
[-0.3972  0.304  -0.075   1.153 ],0.026,0.004,138,90
[-0.3574  0.3605 -0.1253  1.1069],0.026,0.006,120,108
[-0.3585  0.3513 -0.1311  1.1239],0.026,0.006,127,101
[-0.403   0.2938 -0.0585  1.1518],0.026,0.004,135,93
[-0.3778  0.3224 -0.0911  1.1303],0.026,0.005,111,117
[-0.3952  0.3086 -0.0812  1.1526],0.026,0.003,126,102
[-0.3605  0.2923 -0.0855  1.137 ],0.026,0.004,112,116
[-0.3825  0.3156 -0.0899  1.1415],0.026,0.004,120,108
[-0.3973  0.3395 -0.0982  1.1422],0.026,0.004,124,104
[-0.3654  0.3346 -0.0982  1.1143],0.026,0.003,120,108
[-0.3856  0.3375 -0.1007  1.1349],0.026,0.006,127,101
[-0.4003  0.3321 -0.0967  1.1495],0.026,0.003,127,101
[-0.3738  0.3138 -0.0853  1.1293],0.026,0.004,131,97
[-0.3842  0.2986 -0.0741  1.1434],0.026,0.005,137,91
[-0.3879  0.3428 -0.1006  1.1307],0.026,0.003,116,112
[-0.3854  0.3242 -0.0841  1.1302],0.026,0.004,127,101
[-0.3868  0.3375 -0.1038  1.138 ],0.026,0.004,120,108
[-0.3733  0.3552 -0.1089  1.1124],0.027,0.005,114,114
[-0.4171  0.3231 -0.0948  1.1734],0.027,0.005,124,104
[-0.3998  0.3404 -0.1015  1.1453],0.027,0.004,118,110
[-0.3511  0.3392 -0.1047  1.0994],0.027,0.005,132,96
[-0.3957  0.2976 -0.0734  1.1565],0.027,0.004,135,93
[-0.3271  0.4002 -0.1603  1.0732],0.027,0.005,127,101
[-0.3186  0.3907 -0.1589  1.0724],0.027,0.005,135,93
[-0.3439  0.4036 -0.1614  1.0864],0.027,0.005,140,88
[-0.3532  0.3747 -0.1302  1.0947],0.027,0.004,127,101
[-0.3629  0.3217 -0.0907  1.1165],0.027,0.006,128,100
[-0.3854  0.3492 -0.1041  1.1255],0.027,0.004,124,104
[-0.3782  0.3804 -0.1367  1.1205],0.027,0.006,118,110
[-0.3801  0.3383 -0.1137  1.1414],0.027,0.005,124,104
[-0.4127  0.2867 -0.0781  1.1886],0.027,0.006,109,119
[-0.3755  0.3216 -0.1071  1.1451],0.027,0.005,117,111
[-0.3915  0.327  -0.1158  1.1669],0.027,0.006,115,113
[-0.3622  0.3603 -0.1144  1.1   ],0.027,0.003,114,114
[-0.3892  0.3297 -0.0882  1.1332],0.027,0.005,131,97
[-0.3828  0.3001 -0.0729  1.1396],0.027,0.003,116,112
[-0.363   0.3424 -0.1042  1.1095],0.027,0.004,132,96
[-0.3779  0.3462 -0.0982  1.1134],0.027,0.005,124,104
[-0.4143  0.3106 -0.0725  1.1614],0.027,0.004,125,103
[-0.347   0.3876 -0.1479  1.0926],0.027,0.005,123,105
[-0.3372  0.3386 -0.0987  1.0828],0.027,0.007,120,108
[-0.4136  0.3046 -0.0727  1.1667],0.027,0.004,123,105
[-0.3782  0.3156 -0.0877  1.1347],0.027,0.004,133,95
[-0.3937  0.3407 -0.0891  1.1276],0.027,0.005,134,94
[-0.3545  0.3451 -0.1193  1.1136],0.027,0.004,114,114
[-0.366   0.3116 -0.096   1.1337],0.027,0.005,121,107
[-0.3592  0.3715 -0.1288  1.103 ],0.027,0.005,130,98
[-0.3486  0.3421 -0.1203  1.1106],0.027,0.003,125,103
[-0.3426  0.3349 -0.1221  1.1144],0.027,0.006,139,89
[-0.4113  0.3398 -0.0977  1.1564],0.027,0.006,119,109
[-0.4272  0.2944 -0.0591  1.1771],0.027,0.004,130,98
[-0.3749  0.3586 -0.1231  1.1273],0.027,0.007,119,109
[-0.3784  0.3198 -0.0862  1.1299],0.027,0.005,114,114
[-0.365   0.3533 -0.1113  1.1084],0.027,0.005,122,106
[-0.3528  0.3453 -0.1186  1.1115],0.027,0.005,104,124
[-0.3602  0.3011 -0.0745  1.1181],0.027,0.006,122,106
[-0.3795  0.3733 -0.1293  1.1229],0.027,0.005,119,109
[-0.3452  0.3578 -0.1262  1.0968],0.027,0.006,119,109
[-0.3706  0.3274 -0.1096  1.1368],0.027,0.003,131,97
[-0.3448  0.35   -0.1183  1.0972],0.027,0.003,144,84
[-0.3747  0.3074 -0.0838  1.1362],0.027,0.005,114,114
[-0.3877  0.3386 -0.1101  1.1439],0.027,0.004,125,103
[-0.3761  0.3802 -0.1316  1.1153],0.027,0.006,130,98
[-0.3706  0.3304 -0.1039  1.129 ],0.027,0.004,122,106
[-0.3903  0.2848 -0.0612  1.1498],0.027,0.004,121,107
[-0.3785  0.3867 -0.1316  1.1109],0.027,0.006,137,91
[-0.4373  0.2706 -0.0416  1.192 ],0.027,0.005,134,94
[-0.3467  0.3548 -0.1341  1.1101],0.027,0.005,112,116
[-0.3484  0.3641 -0.1308  1.0994],0.027,0.004,125,103
[-0.3769  0.3351 -0.1084  1.1346],0.027,0.004,129,99
[-0.3888  0.3195 -0.0918  1.146 ],0.027,0.004,119,109
[-0.3806  0.308  -0.0903  1.1468],0.027,0.005,132,96
[-0.3709  0.3557 -0.1213  1.1207],0.027,0.003,126,102
[-0.3757  0.3479 -0.1042  1.1177],0.027,0.008,126,102
[-0.3685  0.3501 -0.1185  1.1219],0.027,0.005,118,110
[-0.3876  0.3468 -0.1108  1.1372],0.027,0.004,126,102
[-0.4054  0.3102 -0.0714  1.1516],0.027,0.005,107,121
[-0.4168  0.2912 -0.0691  1.18  ],0.027,0.005,130,98
[-0.381   0.3351 -0.0986  1.1291],0.027,0.003,137,91
[-0.3757  0.3488 -0.1078  1.1209],0.027,0.005,117,111
[-0.3895  0.315  -0.0956  1.155 ],0.027,0.004,124,104
[-0.3671  0.3551 -0.1173  1.1143],0.027,0.005,126,102
[-0.3607  0.3375 -0.1143  1.1207],0.027,0.005,135,93
[-0.4301  0.3067 -0.0758  1.1848],0.027,0.006,116,112
[-0.3869  0.3496 -0.1106  1.1345],0.027,0.005,129,99
[-0.3408  0.3546 -0.1469  1.1155],0.027,0.006,120,108
[-0.3568  0.3248 -0.1103  1.1259],0.027,0.003,137,91
[-0.3845  0.3215 -0.102   1.1491],0.027,0.004,107,121
[-0.3895  0.337  -0.0985  1.1366],0.027,0.005,124,104
[-0.3919  0.3494 -0.1082  1.1368],0.027,0.005,138,90
[-0.4199  0.319  -0.0999  1.186 ],0.027,0.005,128,100
[-0.382   0.3075 -0.0831  1.1422],0.027,0.004,131,97
[-0.3789  0.3507 -0.1045  1.1173],0.027,0.004,117,111
[-0.3385  0.3699 -0.1273  1.081 ],0.027,0.004,119,109
[-0.3524  0.3169 -0.0988  1.1176],0.027,0.005,122,106
[-0.3702  0.3333 -0.1148  1.135 ],0.027,0.005,123,105
[-0.3567  0.32   -0.1001  1.1191],0.027,0.005,135,93
[-0.3562  0.3502 -0.1264  1.1172],0.027,0.004,134,94
[-0.391   0.3328 -0.092   1.1359],0.027,0.005,130,98
[-0.4192  0.3092 -0.0843  1.1816],0.027,0.007,121,107
[-0.3919  0.3279 -0.0903  1.1405],0.027,0.004,136,92
[-0.392   0.3263 -0.1002  1.1506],0.027,0.003,129,99
[-0.3775  0.3459 -0.1073  1.1241],0.027,0.004,125,103
[-0.3922  0.3436 -0.0946  1.1288],0.027,0.003,125,103
[-0.3641  0.3446 -0.1081  1.1123],0.027,0.005,117,111
[-0.4093  0.3111 -0.0833  1.1672],0.027,0.004,116,112
[-0.4375  0.3073 -0.0773  1.1928],0.027,0.004,124,104
[-0.3946  0.3393 -0.1135  1.1532],0.027,0.004,128,100
[-0.3899  0.3211 -0.0966  1.1495],0.027,0.006,126,102
[-0.3929  0.3193 -0.0802  1.1393],0.027,0.005,131,97
[-0.3727  0.3459 -0.1205  1.1324],0.027,0.004,135,93
[-0.3475  0.3578 -0.1137  1.0874],0.027,0.005,131,97
[-0.3578  0.3692 -0.1317  1.1061],0.027,0.004,124,104
[-0.3699  0.3305 -0.1015  1.125 ],0.027,0.006,118,110
[-0.3908  0.3042 -0.0574  1.1271],0.027,0.004,128,100
[-0.3948  0.3413 -0.1201  1.1583],0.027,0.003,135,93
[-0.3574  0.3376 -0.1135  1.117 ],0.027,0.004,120,108
[-0.3834  0.3259 -0.1034  1.1452],0.027,0.005,119,109
[-0.4022  0.3384 -0.0957  1.1453],0.027,0.004,112,116
[-0.3904  0.3475 -0.1049  1.1336],0.027,0.006,124,104
[-0.383   0.3342 -0.1003  1.1357],0.027,0.006,128,100
[-0.3858  0.3174 -0.0881  1.1421],0.027,0.009,127,101
[-0.373   0.404  -0.1452  1.1027],0.027,0.009,117,111
[-0.3862  0.3478 -0.1087  1.1332],0.027,0.005,111,117
[-0.3776  0.3346 -0.0829  1.1111],0.027,0.004,119,109
[-0.4204  0.3218 -0.0968  1.18  ],0.027,0.004,144,84
[-0.3471  0.3618 -0.116   1.0856],0.027,0.005,121,107
[-0.3813  0.3145 -0.0806  1.1327],0.027,0.004,136,92
[-0.3823  0.3451 -0.0969  1.1192],0.027,0.004,124,104
[-0.3483  0.3882 -0.1296  1.075 ],0.027,0.005,128,100
[-0.3536  0.2808 -0.0847  1.1398],0.027,0.006,119,109
[-0.3789  0.3699 -0.142   1.1378],0.027,0.005,126,102
[-0.3973  0.3289 -0.1044  1.1584],0.027,0.004,122,106
[-0.3633  0.3229 -0.1006  1.1249],0.027,0.005,147,81
[-0.3419  0.3311 -0.109   1.1034],0.027,0.006,118,110
[-0.404   0.3285 -0.0876  1.1487],0.027,0.006,119,109
[-0.3574  0.3244 -0.1106  1.1271],0.027,0.005,123,105
[-0.364   0.3396 -0.112   1.1215],0.027,0.004,119,109
[-0.384   0.309  -0.0994  1.1583],0.027,0.004,125,103
[-0.3665  0.3327 -0.1003  1.1187],0.027,0.004,117,111
[-0.3767  0.3611 -0.1089  1.1094],0.027,0.003,134,94
[-0.4098  0.3123 -0.0887  1.171 ],0.027,0.004,126,102
[-0.3617  0.389  -0.1614  1.1195],0.027,0.005,122,106
[-0.3708  0.3509 -0.1227  1.1277],0.027,0.003,116,112
[-0.4223  0.2907 -0.0596  1.1753],0.027,0.005,115,113
[-0.3624  0.3644 -0.1343  1.1169],0.027,0.004,128,100
[-0.3982  0.3088 -0.0972  1.1691],0.027,0.006,137,91
[-0.3681  0.3507 -0.1293  1.1328],0.027,0.005,126,102
[-0.387   0.3196 -0.0872  1.1405],0.027,0.006,134,94
[-0.3912  0.3    -0.082   1.1572],0.027,0.006,125,103
[-0.3716  0.3375 -0.1129  1.1341],0.027,0.005,117,111
[-0.3941  0.319  -0.0875  1.1477],0.027,0.004,118,110
[-0.396   0.3219 -0.0892  1.1493],0.027,0.005,111,117
[-0.3679  0.3331 -0.0942  1.1154],0.027,0.004,123,105
[-0.3786  0.3338 -0.1049  1.1342],0.027,0.003,128,100
[-0.3789  0.3318 -0.1081  1.1399],0.027,0.006,140,88
[-0.3542  0.3446 -0.1395  1.1319],0.027,0.004,133,95
[-0.3969  0.307  -0.0727  1.1469],0.027,0.003,128,100
[-0.34    0.3821 -0.1534  1.0958],0.027,0.007,144,84
[-0.3826  0.2996 -0.0705  1.1381],0.027,0.004,129,99
[-0.4017  0.322  -0.0938  1.1594],0.027,0.005,141,87
[-0.3913  0.3201 -0.0939  1.1506],0.027,0.003,113,115
[-0.3807  0.3144 -0.0907  1.142 ],0.027,0.005,128,100
[-0.3999  0.333  -0.1139  1.1652],0.027,0.006,126,102
[-0.352   0.3701 -0.1266  1.0937],0.027,0.007,113,115
[-0.411   0.296  -0.074   1.1731],0.027,0.005,118,110
[-0.3894  0.3197 -0.0807  1.1351],0.027,0.005,136,92
[-0.3803  0.3172 -0.0974  1.1439],0.027,0.004,129,99
[-0.3303  0.3877 -0.1554  1.083 ],0.027,0.003,124,104
[-0.3958  0.3199 -0.0816  1.1419],0.027,0.003,125,103
[-0.3865  0.3302 -0.096   1.1361],0.027,0.005,134,94
[-0.3769  0.3188 -0.0713  1.114 ],0.027,0.005,116,112
[-0.3986  0.3136 -0.0763  1.1461],0.027,0.004,118,110
[-0.4155  0.3402 -0.0944  1.1573],0.027,0.008,122,106
[-0.3798  0.3281 -0.0944  1.1306],0.027,0.004,139,89
[-0.391   0.3445 -0.1085  1.1402],0.027,0.006,136,92
[-0.3325  0.359  -0.1286  1.0857],0.028,0.006,122,106
[-0.3397  0.3803 -0.1407  1.0853],0.028,0.008,123,105
[-0.3897  0.341  -0.1171  1.1506],0.028,0.008,124,104
[-0.361   0.3455 -0.1181  1.1212],0.028,0.008,120,108
[-0.3726  0.3343 -0.115   1.1373],0.028,0.007,131,97
[-0.3795  0.3451 -0.1056  1.1252],0.028,0.004,124,104
[-0.3878  0.308  -0.0876  1.1506],0.028,0.004,127,101
[-0.3646  0.3295 -0.0998  1.1188],0.028,0.005,118,110
[-0.3516  0.3548 -0.1062  1.0881],0.028,0.005,124,104
[-0.3748  0.3392 -0.111   1.1329],0.028,0.005,124,104
[-0.4061  0.3304 -0.0973  1.1585],0.028,0.004,125,103
[-0.3942  0.3278 -0.0841  1.1347],0.028,0.006,123,105
[-0.3491  0.3126 -0.1165  1.1361],0.028,0.008,128,100
[-0.354   0.3283 -0.109   1.121 ],0.028,0.006,131,97
[-0.3952  0.332  -0.0977  1.1449],0.028,0.004,120,108
[-0.3532  0.3607 -0.1305  1.1087],0.028,0.004,121,107
[-0.3923  0.3211 -0.0858  1.1436],0.028,0.005,107,121
[-0.3629  0.375  -0.1332  1.1067],0.028,0.006,112,116
[-0.3771  0.3199 -0.0899  1.1318],0.028,0.005,125,103
[-0.3757  0.3495 -0.1227  1.1355],0.028,0.005,143,85
[-0.4066  0.3386 -0.0832  1.137 ],0.028,0.005,134,94
[-0.3848  0.3382 -0.1008  1.1325],0.028,0.005,122,106
[-0.3751  0.3331 -0.1058  1.1313],0.028,0.004,127,101
[-0.3778  0.3514 -0.0908  1.1026],0.028,0.005,122,106
[-0.3763  0.3422 -0.108   1.1268],0.028,0.004,127,101
[-0.4113  0.2879 -0.0579  1.1651],0.028,0.003,112,116
[-0.3302  0.3242 -0.1211  1.1099],0.028,0.006,130,98
[-0.3744  0.3668 -0.1289  1.1235],0.028,0.007,127,101
[-0.4206  0.3143 -0.0827  1.1738],0.028,0.005,141,87
[-0.3994  0.2951 -0.0667  1.156 ],0.028,0.007,118,110
[-0.3771  0.316  -0.108   1.1548],0.028,0.006,112,116
[-0.3632  0.3481 -0.1089  1.1084],0.028,0.005,135,93
[-0.3964  0.3339 -0.0965  1.1458],0.028,0.005,124,104
[-0.3676  0.3533 -0.1236  1.1228],0.028,0.004,123,105
[-0.3665  0.3109 -0.1022  1.1409],0.028,0.005,132,96
[-0.3925  0.3523 -0.105   1.1302],0.028,0.004,120,108
[-0.3623  0.3479 -0.1312  1.1296],0.028,0.005,122,106
[-0.3414  0.348  -0.1207  1.0972],0.028,0.006,134,94
[-0.3952  0.3146 -0.0944  1.1599],0.028,0.004,118,110
[-0.3913  0.3231 -0.0901  1.1426],0.028,0.003,123,105
[-0.3626  0.3258 -0.1148  1.1367],0.028,0.005,125,103
[-0.3754  0.335  -0.1043  1.1287],0.028,0.004,136,92
[-0.4231  0.3076 -0.0675  1.1702],0.028,0.007,130,98
[-0.3807  0.3127 -0.0952  1.148 ],0.028,0.005,115,113
[-0.3703  0.3273 -0.0957  1.1227],0.028,0.006,130,98
[-0.3584  0.3257 -0.1116  1.1281],0.028,0.004,122,106
[-0.3947  0.3194 -0.0952  1.1559],0.028,0.004,118,110
[-0.3885  0.3318 -0.0955  1.1391],0.028,0.005,117,111
[-0.3806  0.2981 -0.0679  1.1341],0.028,0.005,138,90
[-0.4069  0.3255 -0.0888  1.1577],0.028,0.006,124,104
[-0.4169  0.3021 -0.0544  1.1568],0.028,0.006,110,118
[-0.3557  0.3801 -0.1413  1.1009],0.028,0.004,138,90
[-0.3601  0.3497 -0.1295  1.1237],0.028,0.003,137,91
[-0.4185  0.3464 -0.1     1.1582],0.028,0.003,130,98
[-0.3741  0.3311 -0.1114  1.1399],0.028,0.005,124,104
[-0.3653  0.3386 -0.116   1.1264],0.028,0.004,125,103
[-0.3948  0.3165 -0.0974  1.1592],0.028,0.004,123,105
[-0.3551  0.379  -0.1492  1.1087],0.028,0.006,133,95
[-0.4042  0.3219 -0.084   1.1514],0.028,0.006,128,100
[-0.399   0.339  -0.1087  1.1553],0.028,0.006,130,98
[-0.3729  0.3103 -0.0899  1.1364],0.028,0.005,128,100
[-0.4142  0.3585 -0.1164  1.1593],0.028,0.007,125,103
[-0.4116  0.2876 -0.0602  1.1683],0.028,0.004,133,95
[-0.4097  0.3091 -0.059   1.1443],0.028,0.005,128,100
[-0.3995  0.3185 -0.0882  1.1537],0.028,0.004,124,104
[-0.3948  0.3387 -0.0994  1.1408],0.028,0.003,126,102
[-0.3966  0.3207 -0.0863  1.1471],0.028,0.005,104,124
[-0.3453  0.356  -0.1282  1.1016],0.028,0.005,122,106
[-0.379   0.3425 -0.1156  1.1363],0.028,0.004,125,103
[-0.4079  0.3204 -0.0913  1.1647],0.028,0.005,126,102
[-0.3937  0.3137 -0.0766  1.1415],0.028,0.003,128,100
[-0.3847  0.3226 -0.0993  1.1472],0.028,0.004,107,121
[-0.4011  0.2914 -0.0649  1.1596],0.028,0.004,115,113
[-0.4051  0.3471 -0.1008  1.1449],0.028,0.005,135,93
[-0.3853  0.3204 -0.1046  1.1542],0.028,0.004,131,97
[-0.3881  0.3386 -0.1028  1.1384],0.028,0.005,115,113
[-0.362   0.3099 -0.0891  1.1274],0.028,0.007,127,101
[-0.4047  0.2985 -0.0737  1.1655],0.028,0.005,117,111
[-0.3996  0.2978 -0.0846  1.1698],0.028,0.004,138,90
[-0.3756  0.3294 -0.099   1.1294],0.028,0.004,130,98
[-0.3751  0.3178 -0.0848  1.1246],0.028,0.005,128,100
[-0.3697  0.3437 -0.1127  1.1239],0.028,0.004,133,95
[-0.401   0.3602 -0.1176  1.1438],0.028,0.004,123,105
[-0.3764  0.348  -0.1161  1.1295],0.028,0.004,112,116
[-0.3805  0.3243 -0.0899  1.1299],0.028,0.004,135,93
[-0.3879  0.3204 -0.0872  1.1374],0.028,0.006,136,92
[-0.4313  0.3102 -0.059   1.1646],0.028,0.004,119,109
[-0.3596  0.347  -0.129   1.1272],0.028,0.006,117,111
[-0.3729  0.3508 -0.1244  1.1321],0.028,0.005,124,104
[-0.3758  0.3487 -0.1148  1.1288],0.028,0.005,130,98
[-0.3795  0.3822 -0.1158  1.0992],0.028,0.004,119,109
[-0.4132  0.3065 -0.0783  1.1695],0.028,0.007,118,110
[-0.4005  0.3318 -0.0975  1.1513],0.028,0.006,121,107
[-0.4247  0.3254 -0.0821  1.1667],0.028,0.005,117,111
[-0.3764  0.3289 -0.0959  1.1274],0.029,0.003,136,92
[-0.3852  0.3185 -0.1016  1.152 ],0.029,0.005,120,108
[-0.3863  0.3642 -0.1298  1.1389],0.029,0.006,113,115
[-0.3632  0.3513 -0.1128  1.1105],0.029,0.005,122,106
[-0.3633  0.343  -0.1153  1.1206],0.029,0.006,123,105
[-0.3589  0.3339 -0.1159  1.125 ],0.029,0.004,135,93
[-0.3734  0.3188 -0.0886  1.1268],0.029,0.005,114,114
[-0.3827  0.3573 -0.1187  1.1293],0.029,0.005,130,98
[-0.3882  0.3275 -0.1018  1.1486],0.029,0.007,118,110
[-0.3743  0.3298 -0.1065  1.1355],0.029,0.004,128,100
[-0.382   0.2985 -0.0852  1.1533],0.029,0.006,127,101
[-0.3923  0.3582 -0.1114  1.1327],0.029,0.006,111,117
[-0.4135  0.3049 -0.0756  1.1696],0.029,0.005,119,109
[-0.3798  0.3433 -0.1071  1.1278],0.029,0.004,131,97
[-0.3688  0.3416 -0.1052  1.1166],0.029,0.005,133,95
[-0.4063  0.3369 -0.095   1.1501],0.029,0.006,126,102
[-0.3874  0.3473 -0.1005  1.1268],0.029,0.006,120,108
[-0.359   0.3784 -0.1317  1.0969],0.029,0.004,135,93
[-0.3766  0.3377 -0.1166  1.1408],0.029,0.005,103,125
[-0.3233  0.404  -0.1527  1.059 ],0.029,0.009,129,99
[-0.3871  0.325  -0.0936  1.1413],0.029,0.004,123,105
[-0.411   0.3104 -0.0788  1.1627],0.029,0.005,128,100
[-0.3979  0.3257 -0.1014  1.1586],0.029,0.005,134,94
[-0.3833  0.2756 -0.0617  1.1533],0.029,0.005,116,112
[-0.4002  0.2938 -0.0359  1.1288],0.029,0.007,113,115
[-0.3689  0.3703 -0.1158  1.0995],0.029,0.004,122,106
[-0.4219  0.3486 -0.0871  1.1471],0.029,0.005,117,111
[-0.3928  0.3586 -0.1065  1.1257],0.029,0.004,130,98
[-0.3455  0.3708 -0.1389  1.0992],0.029,0.004,112,116
[-0.3871  0.3215 -0.1024  1.1531],0.029,0.006,134,94
[-0.3451  0.3679 -0.1426  1.1056],0.029,0.004,119,109
[-0.364   0.3501 -0.1266  1.1247],0.029,0.003,118,110
[-0.3788  0.3887 -0.1298  1.1062],0.029,0.005,138,90
[-0.341   0.3882 -0.1346  1.0729],0.029,0.003,122,106
[-0.3767  0.3416 -0.1032  1.1232],0.029,0.005,126,102
[-0.3637  0.3325 -0.1082  1.1242],0.029,0.005,134,94
[-0.364   0.3104 -0.0693  1.1067],0.029,0.007,128,100
[-0.3946  0.3212 -0.1007  1.1579],0.029,0.004,134,94
[-0.4007  0.3219 -0.0856  1.1495],0.029,0.005,124,104
[-0.376   0.3736 -0.1312  1.1205],0.029,0.005,134,94
[-0.4078  0.3248 -0.1007  1.17  ],0.029,0.004,121,107
[-0.4292  0.2683 -0.045   1.1907],0.029,0.004,131,97
[-0.3523  0.3527 -0.1168  1.103 ],0.029,0.006,105,123
[-0.4024  0.3398 -0.0943  1.1438],0.029,0.005,125,103
[-0.3707  0.331  -0.1081  1.1335],0.029,0.005,126,102
[-0.3675  0.3373 -0.1108  1.1255],0.029,0.004,120,108
[-0.3918  0.3137 -0.0942  1.157 ],0.029,0.004,138,90
[-0.3773  0.3283 -0.1009  1.1335],0.029,0.004,108,120
[-0.396   0.336  -0.0957  1.1406],0.029,0.004,125,103
[-0.3719  0.3392 -0.0998  1.1175],0.029,0.006,126,102
[-0.3587  0.3233 -0.099   1.1169],0.029,0.008,131,97
[-0.377   0.3472 -0.1116  1.1277],0.029,0.005,125,103
[-0.4192  0.3099 -0.0763  1.1718],0.029,0.006,116,112
[-0.3633  0.3273 -0.0992  1.12  ],0.029,0.005,128,100
[-0.3541  0.3684 -0.1431  1.1144],0.029,0.004,129,99
[-0.353   0.3791 -0.1455  1.1066],0.029,0.007,121,107
[-0.3455  0.3595 -0.1251  1.0958],0.029,0.004,127,101
[-0.36    0.3445 -0.104   1.1039],0.029,0.005,134,94
[-0.3949  0.332  -0.1061  1.1547],0.029,0.005,126,102
[-0.362   0.3404 -0.0893  1.0959],0.029,0.005,119,109
[-0.3491  0.3488 -0.1365  1.12  ],0.029,0.005,121,107
[-0.3614  0.319  -0.0974  1.1234],0.029,0.005,128,100
[-0.349   0.381  -0.1376  1.091 ],0.029,0.004,123,105
[-0.3573  0.3443 -0.1148  1.1132],0.029,0.006,122,106
[-0.3604  0.3592 -0.1294  1.1169],0.029,0.005,115,113
[-0.3555  0.3862 -0.1313  1.0867],0.029,0.006,126,102
[-0.4194  0.3188 -0.091   1.1768],0.029,0.004,132,96
[-0.3803  0.3251 -0.1113  1.1509],0.029,0.005,122,106
[-0.3688  0.3426 -0.113   1.1235],0.029,0.004,135,93
[-0.3697  0.3313 -0.1016  1.125 ],0.029,0.006,116,112
[-0.3441  0.4073 -0.1668  1.0894],0.029,0.006,141,87
[-0.3754  0.3515 -0.1128  1.1225],0.029,0.004,135,93
[-0.3443  0.4005 -0.1539  1.0822],0.029,0.004,117,111
[-0.35    0.3486 -0.1008  1.0872],0.029,0.005,116,112
[-0.4111  0.3401 -0.1033  1.1604],0.029,0.006,116,112
[-0.4102  0.3136 -0.0767  1.1579],0.029,0.004,137,91
[-0.3694  0.341  -0.1012  1.1143],0.029,0.005,121,107
[-0.3704  0.3556 -0.1097  1.1104],0.029,0.006,124,104
[-0.4183  0.3616 -0.0936  1.1384],0.029,0.007,116,112
[-0.4129  0.3192 -0.0938  1.1735],0.029,0.008,130,98
[-0.4004  0.3331 -0.1101  1.1622],0.029,0.004,126,102
[-0.3606  0.3512 -0.1268  1.121 ],0.029,0.004,130,98
[-0.3753  0.3118 -0.1049  1.1531],0.029,0.005,145,83
[-0.3761  0.3233 -0.1076  1.1449],0.029,0.005,138,90
[-0.3596  0.3696 -0.1345  1.1091],0.029,0.005,117,111
[-0.3987  0.3296 -0.0887  1.1426],0.029,0.005,128,100
[-0.3962  0.346  -0.1104  1.1471],0.029,0.005,130,98
[-0.3835  0.3567 -0.1186  1.1311],0.03,0.005,116,112
[-0.3661  0.3398 -0.1059  1.1158],0.03,0.004,118,110
[-0.4     0.322  -0.0642  1.1282],0.03,0.006,135,93
[-0.3879  0.3249 -0.0822  1.1303],0.03,0.004,133,95
[-0.3757  0.3011 -0.079   1.1364],0.03,0.007,118,110
[-0.4009  0.3315 -0.0846  1.1383],0.03,0.005,135,93
[-0.405   0.2946 -0.0626  1.1583],0.03,0.006,136,92
[-0.4045  0.3255 -0.087   1.1519],0.03,0.005,125,103
[-0.3626  0.3557 -0.1394  1.1305],0.03,0.004,126,102
[-0.3661  0.3353 -0.1103  1.1242],0.03,0.003,124,104
[-0.3565  0.3615 -0.126   1.1075],0.03,0.006,138,90
[-0.3542  0.3367 -0.1107  1.1132],0.03,0.005,132,96
[-0.3773  0.3271 -0.0963  1.1299],0.03,0.005,134,94
[-0.3497  0.3266 -0.1151  1.1218],0.03,0.006,111,117
[-0.3757  0.3372 -0.1067  1.1295],0.03,0.004,101,127
[-0.3835  0.3048 -0.0739  1.1373],0.03,0.003,121,107
[-0.4064  0.3345 -0.0921  1.1491],0.03,0.006,128,100
[-0.3693  0.3176 -0.0764  1.1145],0.03,0.006,110,118
[-0.3959  0.3066 -0.0904  1.1632],0.03,0.003,129,99
[-0.367   0.3282 -0.097   1.1206],0.03,0.006,129,99
[-0.3489  0.3315 -0.113   1.1138],0.03,0.006,125,103
[-0.3906  0.3265 -0.0942  1.1452],0.03,0.006,129,99
[-0.3724  0.3195 -0.0886  1.1251],0.03,0.007,120,108
[-0.364   0.323  -0.1016  1.1256],0.03,0.006,126,102
[-0.3983  0.3138 -0.0836  1.1542],0.03,0.005,132,96
[-0.3824  0.3204 -0.0948  1.1409],0.03,0.004,127,101
[-0.3784  0.3539 -0.1108  1.1224],0.03,0.006,121,107
[-0.3712  0.2971 -0.0861  1.1426],0.03,0.005,125,103
[-0.3444  0.331  -0.1027  1.1009],0.03,0.005,121,107
[-0.3759  0.3471 -0.1019  1.1165],0.03,0.005,126,102
[-0.4301  0.3116 -0.0702  1.1767],0.03,0.007,131,97
[-0.3788  0.3021 -0.0877  1.1488],0.03,0.006,111,117
[-0.3419  0.3508 -0.1264  1.1021],0.03,0.004,125,103
[-0.3631  0.3567 -0.1058  1.0966],0.03,0.005,128,100
[-0.3618  0.3368 -0.1017  1.1131],0.03,0.008,117,111
[-0.4523  0.2744 -0.041   1.2057],0.03,0.006,126,102
[-0.4116  0.3329 -0.0867  1.1518],0.03,0.005,135,93
[-0.3784  0.3055 -0.0705  1.1278],0.03,0.004,128,100
[-0.4055  0.3288 -0.0915  1.155 ],0.03,0.005,111,117
[-0.3651  0.3714 -0.1321  1.1108],0.03,0.004,139,89
[-0.3578  0.3684 -0.1335  1.1075],0.03,0.004,134,94
[-0.4086  0.3302 -0.0982  1.1637],0.03,0.005,129,99
[-0.4525  0.3435 -0.0838  1.1804],0.031,0.007,129,99
[-0.3889  0.3121 -0.0777  1.1376],0.031,0.007,124,104
[-0.4312  0.3138 -0.0783  1.1819],0.031,0.006,123,105
[-0.3549  0.355  -0.1249  1.1107],0.031,0.005,123,105
[-0.362   0.3509 -0.1212  1.1165],0.031,0.004,146,82
[-0.3951  0.3296 -0.1011  1.1517],0.031,0.004,123,105
[-0.4138  0.3529 -0.1023  1.1498],0.031,0.006,130,98
[-0.3831  0.3458 -0.1004  1.1236],0.031,0.005,129,99
[-0.4027  0.2946 -0.0695  1.1615],0.031,0.006,117,111
[-0.3589  0.3644 -0.1248  1.1049],0.031,0.005,134,94
[-0.3871  0.3362 -0.0824  1.1177],0.031,0.006,105,123
[-0.3678  0.3784 -0.139   1.1142],0.031,0.007,120,108
[-0.4023  0.3132 -0.0831  1.1591],0.031,0.006,120,108
[-0.4129  0.3022 -0.0729  1.1672],0.031,0.007,124,104
[-0.4291  0.2812 -0.0437  1.175 ],0.032,0.005,115,113
[-0.4112  0.3048 -0.0696  1.1606],0.032,0.003,125,103
[-0.3145  0.3564 -0.1383  1.0808],0.032,0.008,134,94
[-0.4243  0.2888 -0.0816  1.2015],0.032,0.005,124,104
[-0.3447  0.3383 -0.1099  1.1   ],0.033,0.008,122,106
[-0.3551  0.3212 -0.1061  1.1243],0.033,0.008,128,100
[-0.4065  0.3197 -0.0809  1.1531],0.034,0.006,119,109
[-0.3854  0.3473 -0.1101  1.1325],0.034,0.005,125,103
[-0.4053  0.3108 -0.0965  1.1742],0.034,0.005,131,97
