<!-- maven项目代码包和依赖jar分开打包 -->

<plugin>
    <groupId>org.apache.maven.plugins</groupId>
    <artifactId>maven-dependency-plugin</artifactId>
    <executions>
     <execution>
         <id>copy-installed</id>
         <phase>package</phase>
         <goals>
             <goal>copy</goal>
         </goals>
         <configuration>
             <artifactItems>
                 <artifactItem>
                     <groupId>${project.groupId}</groupId>
                     <artifactId>${project.artifactId}</artifactId>
                     <version>${project.version}</version>
                     <type>${project.packaging}</type>
                 </artifactItem>
             </artifactItems>
             <outputDirectory>target/lib</outputDirectory>
         </configuration>
     </execution>
     <execution>
         <id>copy-lib</id>
         <phase>prepare-package</phase>
         <goals>
             <goal>copy-dependencies</goal>
         </goals>
         <configuration>
             <outputDirectory>${project.build.directory}/lib</outputDirectory>
             <overWriteReleases>false</overWriteReleases>
             <overWriteSnapshots>false</overWriteSnapshots>
             <overWriteIfNewer>true</overWriteIfNewer>
             <includeScope>compile</includeScope>
         </configuration>
     </execution>
    </executions>
</plugin>
