new_price,today_increase_ratio,stock_index,stock_name,zhuli_liuru,chaodadan_liuru,chaodadan_liuru_ratio,dadan_liuru,dadan_liuru_ratio,zhongdan_liuru,zhongdan_liuru_ratio,xiaodan_liuru,xiaodan_liuru_ratio,test1,zhuli_liuru_ratio,test2,test3,test4,stock_date,dt,update_time
66.85,2.26,002594,比亚迪,-6.3269936E7,1.0337808E7,0.69,-7.3607744E7,-4.93,4.164088E7,2.79,2.1629056E7,1.45,1583134263,-4.24,-,-,-,2020-03-02,2020-03-02,2021-01-26 11:15:23
67.87,1.53,002594,比亚迪,-1.34872864E8,-1.3675112E8,-7.27,1878256.0,0.1,7.007552E7,3.73,6.4797328E7,3.45,1583220663,-7.17,-,-,-,2020-03-03,2020-03-03,2021-01-26 11:15:23
67.87,1.53,002594,比亚迪,-1.34872864E8,-1.3675112E8,-7.27,1878256.0,0.1,7.007552E7,3.73,6.4797328E7,3.45,1583220663,-7.17,-,-,-,2020-03-04,2020-03-04,2021-01-26 11:15:23
67.87,1.53,002594,比亚迪,-1.34872864E8,-1.3675112E8,-7.27,1878256.0,0.1,7.007552E7,3.73,6.4797328E7,3.45,1583220663,-7.17,-,-,-,2020-03-05,2020-03-05,2021-01-26 11:15:23
67.87,1.53,002594,比亚迪,-1.34872864E8,-1.3675112E8,-7.27,1878256.0,0.1,7.007552E7,3.73,6.4797328E7,3.45,1583220663,-7.17,-,-,-,2020-03-06,2020-03-06,2021-01-26 11:15:23
67.87,1.53,002594,比亚迪,-1.34872864E8,-1.3675112E8,-7.27,1878256.0,0.1,7.007552E7,3.73,6.4797328E7,3.45,1583220663,-7.17,-,-,-,2020-03-09,2020-03-09,2021-01-26 11:15:23
60.17,1.21,002594,比亚迪,-1.15413152E8,-1.01965056E8,-6.46,-1.3448096E7,-0.85,4.8705184E7,3.09,6.6707968E7,4.23,1583825463,-7.31,-,-,-,2020-03-10,2020-03-10,2021-01-26 11:15:23
60.17,1.21,002594,比亚迪,-1.15413152E8,-1.01965056E8,-6.46,-1.3448096E7,-0.85,4.8705184E7,3.09,6.6707968E7,4.23,1583825463,-7.31,-,-,-,2020-03-11,2020-03-11,2021-01-26 11:15:23
60.17,1.21,002594,比亚迪,-1.15413152E8,-1.01965056E8,-6.46,-1.3448096E7,-0.85,4.8705184E7,3.09,6.6707968E7,4.23,1583825463,-7.31,-,-,-,2020-03-12,2020-03-12,2021-01-26 11:15:23
60.17,1.21,002594,比亚迪,-1.15413152E8,-1.01965056E8,-6.46,-1.3448096E7,-0.85,4.8705184E7,3.09,6.6707968E7,4.23,1583825463,-7.31,-,-,-,2020-03-13,2020-03-13,2021-01-26 11:15:23
60.17,1.21,002594,比亚迪,-1.15413152E8,-1.01965056E8,-6.46,-1.3448096E7,-0.85,4.8705184E7,3.09,6.6707968E7,4.23,1583825463,-7.31,-,-,-,2020-03-16,2020-03-16,2021-01-26 11:15:23
60.17,1.21,002594,比亚迪,-1.15413152E8,-1.01965056E8,-6.46,-1.3448096E7,-0.85,4.8705184E7,3.09,6.6707968E7,4.23,1583825463,-7.31,-,-,-,2020-03-17,2020-03-17,2021-01-26 11:15:23
60.17,1.21,002594,比亚迪,-1.15413152E8,-1.01965056E8,-6.46,-1.3448096E7,-0.85,4.8705184E7,3.09,6.6707968E7,4.23,1583825463,-7.31,-,-,-,2020-03-18,2020-03-18,2021-01-26 11:15:23
60.17,1.21,002594,比亚迪,-1.15413152E8,-1.01965056E8,-6.46,-1.3448096E7,-0.85,4.8705184E7,3.09,6.6707968E7,4.23,1583825463,-7.31,-,-,-,2020-03-19,2020-03-19,2021-01-26 11:15:23
60.17,1.21,002594,比亚迪,-1.15413152E8,-1.01965056E8,-6.46,-1.3448096E7,-0.85,4.8705184E7,3.09,6.6707968E7,4.23,1583825463,-7.31,-,-,-,2020-03-20,2020-03-20,2021-01-26 11:15:23
48.15,-8.32,002594,比亚迪,-2.29034192E8,-8.350388E7,-7.01,-1.45530304E8,-12.22,6.7407296E7,5.66,1.6162688E8,13.58,1584948663,-19.24,-,-,-,2020-03-23,2020-03-23,2021-01-26 11:15:23
49.73,3.28,002594,比亚迪,1.3011227E7,4.2001692E7,4.19,-2.8990464E7,-2.89,-1.5713584E7,-1.57,2702374.0,0.27,1585035063,1.3,-,-,-,2020-03-24,2020-03-24,2021-01-26 11:15:23
52.25,5.07,002594,比亚迪,-1.4529412E7,-8602612.0,-0.57,-5926800.0,-0.39,-4355760.0,-0.29,1.8885168E7,1.26,1585121403,-0.97,-,-,-,2020-03-25,2020-03-25,2021-01-26 11:15:23
54.27,3.87,002594,比亚迪,7.501148E7,8.3066936E7,5.23,-8055456.0,-0.51,-2.521424E7,-1.59,-4.9797232E7,-3.13,1585207863,4.72,-,-,-,2020-03-26,2020-03-26,2021-01-26 11:15:23
54.78,0.94,002594,比亚迪,-2.5564766E7,-6949966.0,-0.55,-1.86148E7,-1.47,-2.2939936E7,-1.81,4.8504704E7,3.82,1585294263,-2.01,-,-,-,2020-03-27,2020-03-27,2021-01-26 11:15:23
56.23,2.65,002594,比亚迪,-1.06179008E8,-4.9332928E7,-2.66,-5.684608E7,-3.06,5.0624576E7,2.73,5.5554432E7,2.99,1585553463,-5.72,-,-,-,2020-03-30,2020-03-30,2021-01-26 11:15:23
59.97,6.65,002594,比亚迪,1.42543264E8,1.10731032E8,5.44,3.181224E7,1.56,-7.4592768E7,-3.66,-6.7950512E7,-3.34,1585639863,7.0,-,-,-,2020-03-31,2020-03-31,2021-01-26 11:15:23
57.12,-4.75,002594,比亚迪,-3.55496384E8,-2.17924224E8,-10.19,-1.37572144E8,-6.43,1.2969152E8,6.06,2.25804848E8,10.56,1585726263,-16.62,-,-,-,2020-04-01,2020-04-01,2021-01-26 11:15:23
56.59,-0.93,002594,比亚迪,-2.683818E7,-1.267034E7,-0.97,-1.416784E7,-1.09,-1.3700368E7,-1.05,4.0538544E7,3.12,1585812663,-2.06,-,-,-,2020-04-02,2020-04-02,2021-01-26 11:15:23
55.0,-2.81,002594,比亚迪,-1.2635948E8,-7.082816E7,-7.53,-5.5531324E7,-5.9,2.8248592E7,3.0,9.8110896E7,10.43,1585899063,-13.44,-,-,-,2020-04-03,2020-04-03,2021-01-26 11:15:23
55.0,-2.81,002594,比亚迪,-1.2635948E8,-7.082816E7,-7.53,-5.5531324E7,-5.9,2.8248592E7,3.0,9.8110896E7,10.43,1585899063,-13.44,-,-,-,2020-04-06,2020-04-06,2021-01-26 11:15:23
56.31,2.38,002594,比亚迪,2.8452634E7,1.9550026E7,1.84,8902608.0,0.84,-1.0808544E7,-1.02,-1.7644076E7,-1.66,1586244663,2.68,-,-,-,2020-04-07,2020-04-07,2021-01-26 11:15:23
55.32,-1.76,002594,比亚迪,-8.9527336E7,-4.3373052E7,-6.05,-4.6154284E7,-6.44,9346635.0,1.3,8.0180704E7,11.18,1586331063,-12.49,-,-,-,2020-04-08,2020-04-08,2021-01-26 11:15:23
55.65,0.6,002594,比亚迪,2.1685932E7,-4751856.0,-0.64,2.6437788E7,3.54,-3589180.0,-0.48,-1.8096752E7,-2.42,1586417463,2.9,-,-,-,2020-04-09,2020-04-09,2021-01-26 11:15:23
54.57,-1.94,002594,比亚迪,-9.2509064E7,-5.618874E7,-7.72,-3.6320328E7,-4.99,2.2570348E7,3.1,6.993872E7,9.61,1586503863,-12.71,-,-,-,2020-04-10,2020-04-10,2021-01-26 11:15:23
55.8,2.25,002594,比亚迪,2.714344E7,6930283.0,1.22,2.0213156E7,3.55,-1.163134E7,-2.04,-1.55121E7,-2.72,1586763063,4.76,-,-,-,2020-04-13,2020-04-13,2021-01-26 11:15:23
57.92,3.8,002594,比亚迪,1.00985712E8,2.4641632E7,1.84,7.634408E7,5.7,-2.1420096E7,-1.6,-7.9565616E7,-5.94,1586849463,7.54,-,-,-,2020-04-14,2020-04-14,2021-01-26 11:15:23
60.14,3.83,002594,比亚迪,1.36218368E8,6.2472452E7,3.38,7.374592E7,3.99,-3.4394544E7,-1.86,-1.01823824E8,-5.51,1586935863,7.37,-,-,-,2020-04-15,2020-04-15,2021-01-26 11:15:23
60.01,-0.22,002594,比亚迪,7859206.0,-3623514.0,-0.37,1.148272E7,1.16,-2.1838496E7,-2.2,1.3979279E7,1.41,1587022263,0.79,-,-,-,2020-04-16,2020-04-16,2021-01-26 11:15:23
58.8,-2.02,002594,比亚迪,-5.642912E7,-1.6902116E7,-1.81,-3.9527004E7,-4.24,1329776.0,0.14,5.509934E7,5.91,1587108663,-6.06,-,-,-,2020-04-17,2020-04-17,2021-01-26 11:15:23
58.86,0.1,002594,比亚迪,-5.5615248E7,-1.8689896E7,-2.96,-3.6925348E7,-5.86,1.9824382E7,3.14,3.5790864E7,5.68,1587367863,-8.82,-,-,-,2020-04-20,2020-04-20,2021-01-26 11:15:23
59.37,0.87,002594,比亚迪,-5692319.0,3.3671712E7,3.9,-3.9364032E7,-4.56,1695888.0,0.2,3996422.0,0.46,1587454263,-0.66,-,-,-,2020-04-21,2020-04-21,2021-01-26 11:15:23
59.43,0.1,002594,比亚迪,2.9424764E7,1.1982895E7,1.67,1.7441868E7,2.44,-1.4258944E7,-1.99,-1.5165818E7,-2.12,1587540663,4.11,-,-,-,2020-04-22,2020-04-22,2021-01-26 11:15:23
58.25,-1.99,002594,比亚迪,-1.05453128E8,-5.6382352E7,-8.22,-4.907078E7,-7.15,2.4708168E7,3.6,8.074496E7,11.77,1587627063,-15.37,-,-,-,2020-04-23,2020-04-23,2021-01-26 11:15:23
58.73,0.82,002594,比亚迪,-5628237.0,-7841754.0,-0.97,2213517.0,0.27,-7043952.0,-0.87,1.2672189E7,1.57,1587713463,-0.7,-,-,-,2020-04-24,2020-04-24,2021-01-26 11:15:23
56.98,-2.98,002594,比亚迪,-1.5899912E8,-9.968332E7,-12.46,-5.93158E7,-7.42,5.1043348E7,6.38,1.07955768E8,13.5,1587972663,-19.88,-,-,-,2020-04-27,2020-04-27,2021-01-26 11:15:23
56.98,0.0,002594,比亚迪,-5.2474968E7,-2.5442296E7,-3.51,-2.703267E7,-3.73,1.8261582E7,2.52,3.4213384E7,4.72,1588059063,-7.23,-,-,-,2020-04-28,2020-04-28,2021-01-26 11:15:23
58.0,1.79,002594,比亚迪,3.6819004E7,3.1676396E7,3.28,5142608.0,0.53,-4.0988528E7,-4.25,4169525.0,0.43,1588145463,3.82,-,-,-,2020-04-29,2020-04-29,2021-01-26 11:15:23
59.96,3.38,002594,比亚迪,2.19949584E8,1.94260512E8,14.9,2.5689072E7,1.97,-1.2861152E8,-9.87,-9.1338072E7,-7.01,1588231863,16.87,-,-,-,2020-04-30,2020-04-30,2021-01-26 11:15:23
59.96,3.38,002594,比亚迪,2.19949584E8,1.94260512E8,14.9,2.5689072E7,1.97,-1.2861152E8,-9.87,-9.1338072E7,-7.01,1588231863,16.87,-,-,-,2020-05-01,2020-05-01,2021-01-26 11:15:23
59.96,3.38,002594,比亚迪,2.19949584E8,1.94260512E8,14.9,2.5689072E7,1.97,-1.2861152E8,-9.87,-9.1338072E7,-7.01,1588231863,16.87,-,-,-,2020-05-04,2020-05-04,2021-01-26 11:15:23
59.96,3.38,002594,比亚迪,2.19949584E8,1.94260512E8,14.9,2.5689072E7,1.97,-1.2861152E8,-9.87,-9.1338072E7,-7.01,1588231863,16.87,-,-,-,2020-05-05,2020-05-05,2021-01-26 11:15:23
62.18,3.7,002594,比亚迪,1.00489016E8,1.10020824E8,7.75,-9531808.0,-0.67,-5.3617648E7,-3.78,-4.687136E7,-3.3,1588750263,7.08,-,-,-,2020-05-06,2020-05-06,2021-01-26 11:15:23
60.09,-3.36,002594,比亚迪,-2.92357024E8,-2.66828592E8,-19.58,-2.5528432E7,-1.87,1.23435344E8,9.06,1.68921696E8,12.39,1588836663,-21.45,-,-,-,2020-05-07,2020-05-07,2021-01-26 11:15:23
59.78,-0.52,002594,比亚迪,-1.37542944E8,-4.6557056E7,-4.54,-9.098588E7,-8.87,2.894264E7,2.82,1.08600312E8,10.59,1588923063,-13.41,-,-,-,2020-05-08,2020-05-08,2021-01-26 11:15:23
58.88,-1.51,002594,比亚迪,-1.64610944E8,-5.5421168E7,-4.94,-1.09189776E8,-9.73,3.4231648E7,3.05,1.30379296E8,11.62,1589182263,-14.67,-,-,-,2020-05-11,2020-05-11,2021-01-26 11:15:23
59.13,0.42,002594,比亚迪,-1.0614087E7,754837.0,0.12,-1.1368924E7,-1.86,-2.6410736E7,-4.33,3.7024824E7,6.07,1589268663,-1.74,-,-,-,2020-05-12,2020-05-12,2021-01-26 11:15:23
58.99,-0.24,002594,比亚迪,-1.5869091E7,-1.4757402E7,-2.24,-1111689.0,-0.17,-1.5690468E7,-2.39,3.155956E7,4.8,1589355063,-2.41,-,-,-,2020-05-13,2020-05-13,2021-01-26 11:15:23
57.69,-2.2,002594,比亚迪,-1.028554E8,-6.79242E7,-9.87,-3.49312E7,-5.07,-7047923.0,-1.02,1.0990332E8,15.97,1589441463,-14.94,-,-,-,2020-05-14,2020-05-14,2021-01-26 11:15:23
57.96,0.47,002594,比亚迪,-1710761.0,-1698537.0,-0.29,-12224.0,0.0,-1.8793576E7,-3.15,2.0504336E7,3.44,1589527863,-0.29,-,-,-,2020-05-15,2020-05-15,2021-01-26 11:15:23
57.18,-1.35,002594,比亚迪,-4.1555712E7,-3.6572816E7,-6.08,-4982899.0,-0.83,-1.1937688E7,-1.99,5.34934E7,8.9,1589787063,-6.91,-,-,-,2020-05-18,2020-05-18,2021-01-26 11:15:23
58.22,1.82,002594,比亚迪,1.8795148E7,1.493676E7,2.73,3858388.0,0.71,-1651008.0,-0.3,-1.714414E7,-3.13,1589873463,3.44,-,-,-,2020-05-19,2020-05-19,2021-01-26 11:15:23
59.01,1.36,002594,比亚迪,3.8771652E7,5.0999784E7,5.2,-1.222813E7,-1.25,-2.332144E7,-2.38,-1.5450223E7,-1.57,1589959863,3.95,-,-,-,2020-05-20,2020-05-20,2021-01-26 11:15:23
57.15,-3.15,002594,比亚迪,-1.556328E8,-7.3163752E7,-10.5,-8.2469056E7,-11.83,2.3773304E7,3.41,1.31859504E8,18.92,1590046263,-22.33,-,-,-,2020-05-21,2020-05-21,2021-01-26 11:15:23
56.03,-1.96,002594,比亚迪,-6.0793508E7,-2.4347308E7,-4.66,-3.64462E7,-6.97,2.0495656E7,3.92,4.0297848E7,7.71,1590132663,-11.63,-,-,-,2020-05-22,2020-05-22,2021-01-26 11:15:23
56.52,0.87,002594,比亚迪,-1.0592799E7,-3317472.0,-0.99,-7275327.0,-2.18,7385482.0,2.21,3207316.0,0.96,1590391860,-3.17,-,-,-,2020-05-25,2020-05-25,2021-01-26 11:15:23
58.3,3.15,002594,比亚迪,7.2187424E7,6.8989056E7,12.09,3198369.0,0.56,-2.167387E7,-3.8,-5.051356E7,-8.86,1590478263,12.66,-,-,-,2020-05-26,2020-05-26,2021-01-26 11:15:23
57.3,-1.72,002594,比亚迪,-5.9676508E7,-3.6890704E7,-5.57,-2.2785804E7,-3.44,582889.0,0.09,5.9093616E7,8.92,1590564663,-9.0,-,-,-,2020-05-27,2020-05-27,2021-01-26 11:15:23
57.48,0.31,002594,比亚迪,-4.0429588E7,-1.3702831E7,-2.77,-2.6726756E7,-5.4,8080627.0,1.63,3.2348962E7,6.54,1590651063,-8.17,-,-,-,2020-05-28,2020-05-28,2021-01-26 11:15:23
57.41,-0.12,002594,比亚迪,-6450937.0,1.4193274E7,3.63,-2.0644212E7,-5.28,-935575.0,-0.24,7386513.0,1.89,1590737463,-1.65,-,-,-,2020-05-29,2020-05-29,2021-01-26 11:15:23
59.33,3.34,002594,比亚迪,1.5372896E8,1.27607104E8,13.43,2.6121864E7,2.75,-6.6110784E7,-6.96,-8.7618184E7,-9.22,1590996663,16.18,-,-,-,2020-06-01,2020-06-01,2021-01-26 11:15:23
61.0,2.81,002594,比亚迪,7.0233336E7,7.4316632E7,6.02,-4083296.0,-0.33,-2.4409344E7,-1.98,-4.582398E7,-3.71,1591083063,5.68,-,-,-,2020-06-02,2020-06-02,2021-01-26 11:15:23
59.93,-1.75,002594,比亚迪,-6.3673028E7,-5.7241312E7,-6.49,-6431718.0,-0.73,1.9410288E7,2.2,4.4262736E7,5.02,1591169463,-7.21,-,-,-,2020-06-03,2020-06-03,2021-01-26 11:15:23
60.11,0.3,002594,比亚迪,-6896607.0,6356270.0,1.0,-1.3252877E7,-2.08,-4555618.0,-0.71,1.1452226E7,1.8,1591255863,-1.08,-,-,-,2020-06-04,2020-06-04,2021-01-26 11:15:23
63.2,5.14,002594,比亚迪,2.2447312E8,2.25416608E8,13.71,-943488.0,-0.06,-8.4191984E7,-5.12,-1.40281152E8,-8.53,1591342263,13.66,-,-,-,2020-06-05,2020-06-05,2021-01-26 11:15:23
62.79,-0.65,002594,比亚迪,-1.2545398E7,1.1110458E7,1.02,-2.3655856E7,-2.18,-3043984.0,-0.28,1.5589394E7,1.43,1591601403,-1.15,-,-,-,2020-06-08,2020-06-08,2021-01-26 11:15:23
61.98,-1.29,002594,比亚迪,-1.77693104E8,-1.11753288E8,-8.69,-6.5939824E7,-5.13,5.833488E7,4.54,1.19358232E8,9.28,1591687863,-13.82,-,-,-,2020-06-09,2020-06-09,2021-01-26 11:15:23
61.05,-1.5,002594,比亚迪,-2.14861216E8,-4.1999192E7,-3.68,-1.72862032E8,-15.15,4.3206496E7,3.79,1.7165472E8,15.05,1591774263,-18.84,-,-,-,2020-06-10,2020-06-10,2021-01-26 11:15:23
62.84,2.93,002594,比亚迪,1.22082024E8,1.09586744E8,6.21,1.249528E7,0.71,-8.1741328E7,-4.63,-4.0340688E7,-2.29,1591860663,6.92,-,-,-,2020-06-11,2020-06-11,2021-01-26 11:15:23
61.48,-2.16,002594,比亚迪,-7.4506656E7,-6.4793472E7,-6.02,-9713180.0,-0.9,-1024704.0,-0.1,7.5531352E7,7.02,1591947063,-6.93,-,-,-,2020-06-12,2020-06-12,2021-01-26 11:15:23
62.5,1.66,002594,比亚迪,3.9140256E7,4.4013392E7,3.59,-4873136.0,-0.4,-3208000.0,-0.26,-3.593224E7,-2.93,1592206263,3.19,-,-,-,2020-06-15,2020-06-15,2021-01-26 11:15:23
64.1,2.56,002594,比亚迪,2.0907288E7,9362743.0,0.68,1.1544544E7,0.84,-8191280.0,-0.6,-1.2716016E7,-0.93,1592292663,1.53,-,-,-,2020-06-16,2020-06-16,2021-01-26 11:15:23
64.11,0.02,002594,比亚迪,-5.78123E7,-4.2712944E7,-4.68,-1.5099357E7,-1.66,1.9911296E7,2.18,3.7901008E7,4.16,1592379063,-6.34,-,-,-,2020-06-17,2020-06-17,2021-01-26 11:15:23
66.74,4.1,002594,比亚迪,2.27204576E8,1.85210976E8,10.12,4.19936E7,2.29,-9.6438976E7,-5.27,-1.307656E8,-7.15,1592465463,12.42,-,-,-,2020-06-18,2020-06-18,2021-01-26 11:15:23
68.0,1.51,002594,比亚迪,2.3346436E7,3.8262532E7,2.89,-1.4916096E7,-1.13,-1.9647776E7,-1.48,-3698644.0,-0.28,1592811063,1.76,-,-,-,2020-06-22,2020-06-22,2021-01-26 11:15:23
71.03,4.46,002594,比亚迪,1.766692E8,1.31751368E8,7.27,4.491784E7,2.48,-8.9667632E7,-4.95,-8.7001568E7,-4.8,1592897463,9.75,-,-,-,2020-06-23,2020-06-23,2021-01-26 11:15:23
71.7,0.94,002594,比亚迪,4.5439864E7,9.0653032E7,6.41,-4.5213168E7,-3.2,-4.1706016E7,-2.95,-3733840.0,-0.26,1592984043,3.21,-,-,-,2020-06-24,2020-06-24,2021-01-26 11:15:23
70.6,-1.53,002594,比亚迪,-1.37174848E8,-9.5966272E7,-7.78,-4.1208576E7,-3.34,6.1692784E7,5.0,7.5482072E7,6.12,1593416043,-11.12,-,-,-,2020-06-29,2020-06-29,2021-01-26 11:15:23
71.8,1.7,002594,比亚迪,6773736.0,8.6393432E7,7.06,-7.9619696E7,-6.51,-1.1713104E7,-0.96,4939370.0,0.4,1593502443,0.55,-,-,-,2020-06-30,2020-06-30,2021-01-26 11:15:23
72.47,0.93,002594,比亚迪,-8.3331368E7,-5.8858488E7,-3.41,-2.447288E7,-1.42,3.6747584E7,2.13,4.6583792E7,2.7,1593588843,-4.83,-,-,-,2020-07-01,2020-07-01,2021-01-26 11:15:23
72.14,-0.46,002594,比亚迪,-1.47536352E8,-7.0878072E7,-4.54,-7.6658272E7,-4.91,3.7253712E7,2.39,1.1028264E8,7.07,1593675243,-9.46,-,-,-,2020-07-02,2020-07-02,2021-01-26 11:15:23
79.35,9.99,002594,比亚迪,3.7030944E8,4.74887168E8,13.58,-1.04577728E8,-2.99,-2.219568E8,-6.35,-1.48352608E8,-4.24,1593761643,10.59,-,-,-,2020-07-03,2020-07-03,2021-01-26 11:15:23
80.9,1.95,002594,比亚迪,-4.082448E8,-3.04609024E8,-8.32,-1.0363576E8,-2.83,2.23963616E8,6.12,1.84281152E8,5.03,1594020843,-11.15,-,-,-,2020-07-06,2020-07-06,2021-01-26 11:15:23
83.0,2.6,002594,比亚迪,-2.30934064E8,-2.5044464E7,-0.63,-2.058896E8,-5.17,9.0286432E7,2.27,1.40647648E8,3.54,1594107243,-5.8,-,-,-,2020-07-07,2020-07-07,2021-01-26 11:15:23
82.75,-0.3,002594,比亚迪,-2.2554488E8,-1.72429904E8,-6.51,-5.3114976E7,-2.01,1.30993328E8,4.95,9.4551536E7,3.57,1594193643,-8.52,-,-,-,2020-07-08,2020-07-08,2021-01-26 11:15:23
84.46,2.07,002594,比亚迪,-1.9001312E7,-8.0467104E7,-2.91,6.1465792E7,2.22,-3.4584032E7,-1.25,5.3585344E7,1.94,1594280043,-0.69,-,-,-,2020-07-09,2020-07-09,2021-01-26 11:15:23
89.0,5.38,002594,比亚迪,9.7909552E7,2.12105952E8,6.07,-1.141964E8,-3.27,-9.1871232E7,-2.63,-6038320.0,-0.17,1594366443,2.8,-,-,-,2020-07-10,2020-07-10,2021-01-26 11:15:23
97.9,10.0,002594,比亚迪,-2.13612416E8,-1.43688E7,-0.26,-1.99243616E8,-3.6,1.10818272E8,2.0,1.02794144E8,1.86,1594625643,-3.86,-,-,-,2020-07-13,2020-07-13,2021-01-26 11:15:23
96.55,-1.38,002594,比亚迪,-5.02403136E8,-4.44198336E8,-8.75,-5.8204768E7,-1.15,2.22005728E8,4.37,2.80397408E8,5.52,1594712043,-9.9,-,-,-,2020-07-14,2020-07-14,2021-01-26 11:15:23
94.5,-2.12,002594,比亚迪,3.082912E7,-4.5552976E7,-1.23,7.6382096E7,2.06,-7.04432E7,-1.9,3.961408E7,1.07,1594798443,0.83,-,-,-,2020-07-15,2020-07-15,2021-01-26 11:15:23
85.05,-10.0,002594,比亚迪,-6.7303539E8,-7.0666074E8,-14.18,3.3625344E7,0.67,3.38432032E8,6.79,3.34603392E8,6.71,1594884843,-13.5,-,-,-,2020-07-16,2020-07-16,2021-01-26 11:15:23
81.59,-4.07,002594,比亚迪,-2.72073088E8,-2.11176336E8,-5.95,-6.0896768E7,-1.72,1.05431168E8,2.97,1.66641904E8,4.7,1594971243,-7.67,-,-,-,2020-07-17,2020-07-17,2021-01-26 11:15:23
87.17,6.84,002594,比亚迪,3.5061808E7,1.85218352E8,5.03,-1.50156544E8,-4.08,-4.3933984E7,-1.19,8872160.0,0.24,1595230443,0.95,-,-,-,2020-07-20,2020-07-20,2021-01-26 11:15:23
88.09,1.06,002594,比亚迪,-1.49719744E8,-6.8757232E7,-2.43,-8.0962512E7,-2.86,7.7880224E7,2.75,7.183952E7,2.53,1595318343,-5.28,-,-,-,2020-07-21,2020-07-21,2021-01-26 11:15:23
87.19,-1.02,002594,比亚迪,-3.030608E8,-1.22319024E8,-5.17,-1.80741776E8,-7.63,1.7128576E8,7.23,1.3177504E8,5.56,1595403243,-12.8,-,-,-,2020-07-22,2020-07-22,2021-01-26 11:15:23
88.99,2.06,002594,比亚迪,4.6168096E7,9.8595792E7,3.44,-5.2427696E7,-1.83,-4.8260496E7,-1.68,2092400.0,0.07,1595489643,1.61,-,-,-,2020-07-23,2020-07-23,2021-01-26 11:15:23
83.0,-6.73,002594,比亚迪,-5.6619501E8,-4.32544896E8,-13.12,-1.33650096E8,-4.05,2.7385888E8,8.3,2.92336096E8,8.86,1595576043,-17.17,-,-,-,2020-07-24,2020-07-24,2021-01-26 11:15:23
83.52,0.63,002594,比亚迪,-8.1613216E7,-3.6376704E7,-2.07,-4.5236512E7,-2.58,4.5330192E7,2.59,3.628304E7,2.07,1595835243,-4.65,-,-,-,2020-07-27,2020-07-27,2021-01-26 11:15:23
83.91,0.47,002594,比亚迪,-2.1745752E8,-6.9071744E7,-3.78,-1.48385776E8,-8.11,1.20872032E8,6.61,9.6585488E7,5.28,1595921643,-11.89,-,-,-,2020-07-28,2020-07-28,2021-01-26 11:15:23
86.93,3.6,002594,比亚迪,2.61975264E8,2.12263888E8,8.61,4.9711376E7,2.02,-1.2539544E8,-5.09,-1.36579808E8,-5.54,1596008043,10.63,-,-,-,2020-07-29,2020-07-29,2021-01-26 11:15:23
85.0,-2.22,002594,比亚迪,-2.58668704E8,-1.7270968E8,-9.01,-8.5959024E7,-4.48,1.15327328E8,6.01,1.4334136E8,7.47,1596094443,-13.49,-,-,-,2020-07-30,2020-07-30,2021-01-26 11:15:23
85.39,0.46,002594,比亚迪,-1.40318112E8,-1.25193648E8,-5.69,-1.5124464E7,-0.69,8.855744E7,4.02,5.1760656E7,2.35,1596180843,-6.37,-,-,-,2020-07-31,2020-07-31,2021-01-26 11:15:23
86.17,0.91,002594,比亚迪,-1.13516912E8,-9.0394096E7,-3.78,-2.3122816E7,-0.97,5.7620736E7,2.41,5.5896176E7,2.33,1596440043,-4.74,-,-,-,2020-08-03,2020-08-03,2021-01-26 11:15:23
89.0,3.28,002594,比亚迪,1.64477152E8,6.2924432E7,1.84,1.0155272E8,2.97,-8.6400768E7,-2.53,-7.8076368E7,-2.29,1596526443,4.82,-,-,-,2020-08-04,2020-08-04,2021-01-26 11:15:23
88.15,-0.96,002594,比亚迪,-6.2704528E7,-8.065768E7,-4.84,1.7953152E7,1.08,3.04832E7,1.83,3.2221328E7,1.93,1596612843,-3.76,-,-,-,2020-08-05,2020-08-05,2021-01-26 11:15:23
88.73,0.66,002594,比亚迪,3.8137904E7,2.1922384E7,1.21,1.621552E7,0.89,-5.4642272E7,-3.01,1.6504352E7,0.91,1596699243,2.1,-,-,-,2020-08-06,2020-08-06,2021-01-26 11:15:23
85.38,-3.78,002594,比亚迪,-2.90316256E8,-2.79746304E8,-13.19,-1.0569952E7,-0.5,1.42497984E8,6.72,1.47818272E8,6.97,1596785643,-13.69,-,-,-,2020-08-07,2020-08-07,2021-01-26 11:15:23
81.98,-3.98,002594,比亚迪,-3.87567488E8,-3.010592E8,-10.94,-8.6508304E7,-3.14,1.45167568E8,5.27,2.4239992E8,8.81,1597044843,-14.08,-,-,-,2020-08-10,2020-08-10,2021-01-26 11:15:23
81.0,-1.2,002594,比亚迪,-1.36257168E8,-6.2787016E7,-3.93,-7.3470144E7,-4.6,5.4625808E7,3.42,8.1631344E7,5.11,1597131243,-8.54,-,-,-,2020-08-11,2020-08-11,2021-01-26 11:15:23
81.98,1.21,002594,比亚迪,-1.35800352E8,-8.6239616E7,-4.88,-4.9560736E7,-2.8,4.2924976E7,2.43,9.2875376E7,5.25,1597217643,-7.68,-,-,-,2020-08-12,2020-08-12,2021-01-26 11:15:23
81.8,-0.22,002594,比亚迪,1.102588E7,-2910328.0,-0.26,1.3936208E7,1.24,-8972384.0,-0.8,-2053504.0,-0.18,1597304043,0.98,-,-,-,2020-08-13,2020-08-13,2021-01-26 11:15:23
81.93,0.16,002594,比亚迪,-6.3921288E7,-5.078486E7,-5.18,-1.3136429E7,-1.34,1.4567888E7,1.48,4.9353404E7,5.03,1597390443,-6.51,-,-,-,2020-08-14,2020-08-14,2021-01-26 11:15:23
82.92,1.21,002594,比亚迪,1870448.0,4.0679136E7,3.26,-3.8808688E7,-3.11,1126848.0,0.09,-2997280.0,-0.24,1597649643,0.15,-,-,-,2020-08-17,2020-08-17,2021-01-26 11:15:23
82.18,-0.82,002594,比亚迪,-1.58164976E8,-1.06404712E8,-7.97,-5.1760272E7,-3.88,5.947304E7,4.45,9.8691928E7,7.39,1597736043,-11.84,-,-,-,2020-08-18,2020-08-18,2021-01-26 11:15:23
79.65,-3.08,002594,比亚迪,-3.57768128E8,-2.44817808E8,-16.27,-1.12950336E8,-7.51,1.22139408E8,8.12,2.35628736E8,15.66,1597822443,-23.78,-,-,-,2020-08-19,2020-08-19,2021-01-26 11:15:23
78.55,-1.38,002594,比亚迪,-1.38400304E8,-7.9315296E7,-8.2,-5.9085008E7,-6.1,2.962128E7,3.06,1.08779032E8,11.24,1597908843,-14.3,-,-,-,2020-08-20,2020-08-20,2021-01-26 11:15:23
79.58,1.31,002594,比亚迪,2.0968506E7,3903000.0,0.44,1.7065506E7,1.91,-2.8026432E7,-3.14,7057938.0,0.79,1597995243,2.35,-,-,-,2020-08-21,2020-08-21,2021-01-26 11:15:23
81.44,2.34,002594,比亚迪,1.26625136E8,1.16589376E8,8.42,1.003576E7,0.72,-6.1883648E7,-4.47,-6.4741504E7,-4.67,1598254443,9.14,-,-,-,2020-08-24,2020-08-24,2021-01-26 11:15:23
81.24,-0.25,002594,比亚迪,-1.3011674E7,6465030.0,0.55,-1.9476704E7,-1.65,2.503648E7,2.12,-1.2024812E7,-1.02,1598340843,-1.1,-,-,-,2020-08-25,2020-08-25,2021-01-26 11:15:23
83.42,2.68,002594,比亚迪,2.6681784E8,1.92182048E8,7.14,7.4635792E7,2.77,-1.56855184E8,-5.83,-1.0996264E8,-4.08,1598427243,9.91,-,-,-,2020-08-26,2020-08-26,2021-01-26 11:15:23
85.42,2.4,002594,比亚迪,6.187152E7,1.25075968E8,5.77,-6.3204448E7,-2.91,-4.7824432E7,-2.21,-1.4047088E7,-0.65,1598513643,2.85,-,-,-,2020-08-27,2020-08-27,2021-01-26 11:15:23
85.39,-0.04,002594,比亚迪,1234135.0,2.4601064E7,1.56,-2.3366928E7,-1.49,-1.4984864E7,-0.95,1.375072E7,0.87,1598600043,0.08,-,-,-,2020-08-28,2020-08-28,2021-01-26 11:15:23
85.0,-0.46,002594,比亚迪,-1.41242912E8,-8.6061872E7,-4.61,-5.518104E7,-2.96,5.8376288E7,3.13,8.2866624E7,4.44,1598859243,-7.57,-,-,-,2020-08-31,2020-08-31,2021-01-26 11:15:23
93.5,10.0,002594,比亚迪,7.5028243E8,8.8219904E8,24.69,-1.31916624E8,-3.69,-4.83334816E8,-13.53,-2.66947584E8,-7.47,1598945643,21.0,-,-,-,2020-09-01,2020-09-01,2021-01-26 11:15:23
94.3,0.86,002594,比亚迪,-1.02734672E8,-1.8367616E8,-4.94,8.0941488E7,2.18,8065968.0,0.22,9.466872E7,2.55,1599032043,-2.76,-,-,-,2020-09-02,2020-09-02,2021-01-26 11:15:23
92.59,-1.81,002594,比亚迪,-1.21280432E8,-6.7830816E7,-3.18,-5.3449616E7,-2.51,5.25236E7,2.47,6.8756832E7,3.23,1599118443,-5.69,-,-,-,2020-09-03,2020-09-03,2021-01-26 11:15:23
90.0,-2.8,002594,比亚迪,-1.1862368E8,-8.0410912E7,-4.06,-3.8212768E7,-1.93,2.4715872E7,1.25,9.3907824E7,4.74,1599204843,-5.99,-,-,-,2020-09-04,2020-09-04,2021-01-26 11:15:23
94.74,5.27,002594,比亚迪,3.0458144E8,3.27288192E8,8.47,-2.2706784E7,-0.59,-1.66177408E8,-4.3,-1.38404016E8,-3.58,1599464043,7.89,-,-,-,2020-09-07,2020-09-07,2021-01-26 11:15:23
91.0,-3.95,002594,比亚迪,-1.99686336E8,-1.813584E8,-7.0,-1.8327952E7,-0.71,7.9428656E7,3.07,1.20257664E8,4.64,1599550443,-7.71,-,-,-,2020-09-08,2020-09-08,2021-01-26 11:15:23
85.99,-5.51,002594,比亚迪,-1.87222736E8,-1.50057248E8,-6.58,-3.7165488E7,-1.63,6.136472E7,2.69,1.25858016E8,5.52,1599636843,-8.21,-,-,-,2020-09-09,2020-09-09,2021-01-26 11:15:23
87.09,1.28,002594,比亚迪,1.3328524E7,3.296022E7,1.71,-1.9631696E7,-1.02,-3.26568E7,-1.7,1.9328272E7,1.0,1599723243,0.69,-,-,-,2020-09-10,2020-09-10,2021-01-26 11:15:23
91.2,4.72,002594,比亚迪,1.3716936E8,1.36545744E8,7.41,623616.0,0.03,-8.106744E7,-4.4,-5.6101904E7,-3.04,1599809643,7.44,-,-,-,2020-09-11,2020-09-11,2021-01-26 11:15:23
92.5,1.43,002594,比亚迪,3.762648E7,1.2312352E7,0.59,2.5314128E7,1.22,-2.0142832E7,-0.97,-1.7483632E7,-0.84,1600068843,1.81,-,-,-,2020-09-14,2020-09-14,2021-01-26 11:15:23
101.3,9.51,002594,比亚迪,6.3839526E8,8.2139437E8,14.26,-1.82999072E8,-3.18,-4.26427424E8,-7.4,-2.11967872E8,-3.68,1600155243,11.08,-,-,-,2020-09-15,2020-09-15,2021-01-26 11:15:23
105.4,4.05,002594,比亚迪,-1.0725232E7,2.8131648E7,0.55,-3.885688E7,-0.75,2.4176128E7,0.47,-1.345088E7,-0.26,1600241643,-0.21,-,-,-,2020-09-16,2020-09-16,2021-01-26 11:15:23
115.94,10.0,002594,比亚迪,1.2938608E8,3.81044512E8,5.68,-2.51658432E8,-3.75,-8.1725776E7,-1.22,-4.7660288E7,-0.71,1600328043,1.93,-,-,-,2020-09-17,2020-09-17,2021-01-26 11:15:23
115.5,-0.38,002594,比亚迪,-6.2830448E7,-9.8470448E7,-1.84,3.564E7,0.66,1.637752E7,0.31,4.6452928E7,0.87,1600414443,-1.17,-,-,-,2020-09-18,2020-09-18,2021-01-26 11:15:23
105.77,-8.42,002594,比亚迪,-9.097655E8,-7.3558515E8,-11.26,-1.74180352E8,-2.67,4.26123616E8,6.52,4.83641856E8,7.4,1600673643,-13.92,-,-,-,2020-09-21,2020-09-21,2021-01-26 11:15:23
106.77,0.95,002594,比亚迪,2.3126896E7,-1016736.0,-0.02,2.4143632E7,0.49,-3.4661552E7,-0.7,1.1534656E7,0.23,1600760043,0.47,-,-,-,2020-09-22,2020-09-22,2021-01-26 11:15:23
110.4,3.4,002594,比亚迪,1.34386672E8,1.91124464E8,4.61,-5.6737792E7,-1.37,-1.2058672E8,-2.91,-1.3799968E7,-0.33,1600846443,3.24,-,-,-,2020-09-23,2020-09-23,2021-01-26 11:15:23
106.4,-3.62,002594,比亚迪,-1.22642672E8,-1.53615968E8,-5.36,3.0973296E7,1.08,5.2175488E7,1.82,7.0467184E7,2.46,1600932843,-4.28,-,-,-,2020-09-24,2020-09-24,2021-01-26 11:15:23
105.09,-1.23,002594,比亚迪,-2.70506656E8,-2.72823488E8,-7.89,2316832.0,0.07,1.0558352E8,3.05,1.6492312E8,4.77,1601019243,-7.82,-,-,-,2020-09-25,2020-09-25,2021-01-26 11:15:23
106.4,1.25,002594,比亚迪,2696304.0,8.2819216E7,3.66,-8.0122912E7,-3.54,-2.2179456E7,-0.98,1.9483152E7,0.86,1601278443,0.12,-,-,-,2020-09-28,2020-09-28,2021-01-26 11:15:23
107.89,1.4,002594,比亚迪,-8.6957744E7,-8.9058656E7,-3.09,2100912.0,0.07,3.4876176E7,1.21,5.2081568E7,1.81,1601364843,-3.02,-,-,-,2020-09-29,2020-09-29,2021-01-26 11:15:23
116.24,7.74,002594,比亚迪,3.96356096E8,4.09526688E8,8.07,-1.3170592E7,-0.26,-2.17561728E8,-4.29,-1.78794352E8,-3.52,1601451243,7.81,-,-,-,2020-09-30,2020-09-30,2021-01-26 11:15:23
116.24,7.74,002594,比亚迪,3.96356096E8,4.09526688E8,8.07,-1.3170592E7,-0.26,-2.17561728E8,-4.29,-1.78794352E8,-3.52,1601451243,7.81,-,-,-,2020-10-01,2020-10-01,2021-01-26 11:15:23
116.24,7.74,002594,比亚迪,3.96356096E8,4.09526688E8,8.07,-1.3170592E7,-0.26,-2.17561728E8,-4.29,-1.78794352E8,-3.52,1601451243,7.81,-,-,-,2020-10-02,2020-10-02,2021-01-26 11:15:23
116.24,7.74,002594,比亚迪,3.96356096E8,4.09526688E8,8.07,-1.3170592E7,-0.26,-2.17561728E8,-4.29,-1.78794352E8,-3.52,1601451243,7.81,-,-,-,2020-10-05,2020-10-05,2021-01-26 11:15:23
116.24,7.74,002594,比亚迪,3.96356096E8,4.09526688E8,8.07,-1.3170592E7,-0.26,-2.17561728E8,-4.29,-1.78794352E8,-3.52,1601451243,7.81,-,-,-,2020-10-06,2020-10-06,2021-01-26 11:15:23
116.24,7.74,002594,比亚迪,3.96356096E8,4.09526688E8,8.07,-1.3170592E7,-0.26,-2.17561728E8,-4.29,-1.78794352E8,-3.52,1601451243,7.81,-,-,-,2020-10-07,2020-10-07,2021-01-26 11:15:23
116.24,7.74,002594,比亚迪,3.96356096E8,4.09526688E8,8.07,-1.3170592E7,-0.26,-2.17561728E8,-4.29,-1.78794352E8,-3.52,1601451243,7.81,-,-,-,2020-10-08,2020-10-08,2021-01-26 11:15:23
120.35,3.54,002594,比亚迪,-2.52815472E8,-3.13892064E8,-4.57,6.1076592E7,0.89,6.6559936E7,0.97,1.86255552E8,2.71,1602228843,-3.68,-,-,-,2020-10-09,2020-10-09,2021-01-26 11:15:23
128.5,6.77,002594,比亚迪,1.3234096E7,2.08976704E8,3.2,-1.95742608E8,-3.0,-2.4037968E7,-0.37,1.0803872E7,0.17,1602488043,0.2,-,-,-,2020-10-12,2020-10-12,2021-01-26 11:15:23
129.29,0.61,002594,比亚迪,-3.53986272E8,-3.2609216E8,-5.47,-2.7894128E7,-0.47,2.03976432E8,3.42,1.5000984E8,2.52,1602574443,-5.94,-,-,-,2020-10-13,2020-10-13,2021-01-26 11:15:23
130.5,0.94,002594,比亚迪,-9.282336E7,7331760.0,0.18,-1.0015512E8,-2.48,3.254928E7,0.81,6.0274096E7,1.49,1602660843,-2.3,-,-,-,2020-10-14,2020-10-14,2021-01-26 11:15:23
131.55,0.8,002594,比亚迪,-3.8324032E8,-2.78276032E8,-5.13,-1.04964256E8,-1.93,1.76853456E8,3.26,2.06386864E8,3.8,1602747243,-7.06,-,-,-,2020-10-15,2020-10-15,2021-01-26 11:15:23
127.8,-2.85,002594,比亚迪,-5.03281152E8,-4.15441312E8,-7.84,-8.7839856E7,-1.66,1.81294352E8,3.42,3.21986816E8,6.07,1602833643,-9.49,-,-,-,2020-10-16,2020-10-16,2021-01-26 11:15:23
128.08,0.22,002594,比亚迪,-1.26895456E8,-1.09185424E8,-3.85,-1.7710032E7,-0.63,3.3537776E7,1.18,9.335768E7,3.3,1603092843,-4.48,-,-,-,2020-10-19,2020-10-19,2021-01-26 11:15:23
140.0,9.31,002594,比亚迪,4.06372864E8,2.79370336E8,3.86,1.27002512E8,1.75,-2.66307568E8,-3.68,-1.4006528E8,-1.93,1603179243,5.61,-,-,-,2020-10-20,2020-10-20,2021-01-26 11:15:23
137.5,-1.79,002594,比亚迪,-3.61971808E8,-4.07089344E8,-7.81,4.5117552E7,0.87,2.27720528E8,4.37,1.3425128E8,2.58,1603265643,-6.94,-,-,-,2020-10-21,2020-10-21,2021-01-26 11:15:23
143.79,4.57,002594,比亚迪,8560784.0,9.5184848E7,1.57,-8.6624064E7,-1.43,-4.2616656E7,-0.7,3.4055872E7,0.56,1603352043,0.14,-,-,-,2020-10-22,2020-10-22,2021-01-26 11:15:23
138.67,-3.56,002594,比亚迪,-9.1736678E8,-9.0507002E8,-16.03,-1.2296768E7,-0.22,4.75662976E8,8.43,4.41703808E8,7.82,1603438443,-16.25,-,-,-,2020-10-23,2020-10-23,2021-01-26 11:15:23
139.96,0.93,002594,比亚迪,-3.2514944E7,7.7884048E7,1.8,-1.10398992E8,-2.56,1.4921264E7,0.35,1.7593696E7,0.41,1603697643,-0.75,-,-,-,2020-10-26,2020-10-26,2021-01-26 11:15:23
140.28,0.23,002594,比亚迪,-9.1808064E7,-9.956384E7,-2.41,7755776.0,0.19,-1407744.0,-0.03,9.3215808E7,2.26,1603784043,-2.23,-,-,-,2020-10-27,2020-10-27,2021-01-26 11:15:23
151.6,8.07,002594,比亚迪,6.569369E8,7.4900832E8,9.77,-9.207144E7,-1.2,-4.12744416E8,-5.38,-2.4419248E8,-3.18,1603870443,8.57,-,-,-,2020-10-28,2020-10-28,2021-01-26 11:15:23
158.38,4.47,002594,比亚迪,-5.0848864E7,2.3322024E8,2.33,-2.8406912E8,-2.83,-8.1114512E7,-0.81,1.31963376E8,1.32,1603956843,-0.51,-,-,-,2020-10-29,2020-10-29,2021-01-26 11:15:23
159.81,0.9,002594,比亚迪,-5.6623821E8,-6.0609869E8,-5.57,3.9860496E7,0.37,2.25064512E8,2.07,3.41173696E8,3.14,1604043243,-5.2,-,-,-,2020-10-30,2020-10-30,2021-01-26 11:15:23
167.98,5.11,002594,比亚迪,-8.3556192E7,1.4283664E8,1.65,-2.26392832E8,-2.61,1.6288304E7,0.19,6.7267872E7,0.78,1604302443,-0.96,-,-,-,2020-11-02,2020-11-02,2021-01-26 11:15:23
164.08,-2.32,002594,比亚迪,-1.65513344E9,-1.82404826E9,-16.64,1.68914848E8,1.54,8.5562394E8,7.81,7.9950944E8,7.29,1604388843,-15.1,-,-,-,2020-11-03,2020-11-03,2021-01-26 11:15:23
168.03,2.41,002594,比亚迪,-2.6327032E8,-1.34331872E8,-1.75,-1.28938448E8,-1.68,1.13348016E8,1.47,1.49922304E8,1.95,1604475243,-3.42,-,-,-,2020-11-04,2020-11-04,2021-01-26 11:15:23
184.83,10.0,002594,比亚迪,5.5367149E8,1.00896614E9,8.44,-4.55294656E8,-3.81,-3.61975488E8,-3.03,-1.91696016E8,-1.6,1604561643,4.63,-,-,-,2020-11-05,2020-11-05,2021-01-26 11:15:23
190.44,3.04,002594,比亚迪,-1.48947712E9,-1.4253481E9,-9.34,-6.4129024E7,-0.42,6.7602182E8,4.43,8.134551E8,5.33,1604648043,-9.76,-,-,-,2020-11-06,2020-11-06,2021-01-26 11:15:23
190.95,0.27,002594,比亚迪,-3.83560768E8,-2.47335984E8,-2.49,-1.36224768E8,-1.37,9.0629168E7,0.91,2.92931584E8,2.95,1604908743,-3.86,-,-,-,2020-11-09,2020-11-09,2021-01-26 11:15:23
182.58,-4.38,002594,比亚迪,-1.26396454E9,-1.09026419E9,-9.44,-1.73700288E8,-1.5,5.32915904E8,4.62,7.3104858E8,6.33,1604993643,-10.95,-,-,-,2020-11-10,2020-11-10,2021-01-26 11:15:23
164.35,-9.98,002594,比亚迪,-1.87185421E9,-1.66830605E9,-12.05,-2.03548112E8,-1.47,6.5406554E8,4.73,1.21778867E9,8.8,1605080043,-13.52,-,-,-,2020-11-11,2020-11-11,2021-01-26 11:15:23
169.33,3.03,002594,比亚迪,-1.21176992E8,-1.20745392E8,-1.21,-431600.0,0.0,5.4728368E7,0.55,6.6448624E7,0.67,1605166443,-1.22,-,-,-,2020-11-12,2020-11-12,2021-01-26 11:15:23
175.9,3.88,002594,比亚迪,-7.8894944E7,-5285632.0,-0.05,-7.3609312E7,-0.68,6842032.0,0.06,7.2052912E7,0.67,1605252843,-0.73,-,-,-,2020-11-13,2020-11-13,2021-01-26 11:15:23
170.02,-3.34,002594,比亚迪,-6.9445037E8,-8.0115558E8,-8.81,1.06705216E8,1.17,3.31568928E8,3.65,3.62881472E8,3.99,1605512043,-7.64,-,-,-,2020-11-16,2020-11-16,2021-01-26 11:15:23
167.0,-1.78,002594,比亚迪,-1.0334345E9,-9.0834541E8,-9.42,-1.2508912E8,-1.3,4.1919488E8,4.35,6.1423962E8,6.37,1605598443,-10.72,-,-,-,2020-11-17,2020-11-17,2021-01-26 11:15:23
167.0,0.0,002594,比亚迪,-7.031872E7,-6.8399504E7,-0.99,-1919216.0,-0.03,5.036384E7,0.73,1.9954896E7,0.29,1605684843,-1.01,-,-,-,2020-11-18,2020-11-18,2021-01-26 11:15:23
161.62,-3.22,002594,比亚迪,-1.06468032E9,-9.7272883E8,-12.71,-9.1951472E7,-1.2,4.73229952E8,6.18,5.914503E8,7.73,1605771243,-13.91,-,-,-,2020-11-19,2020-11-19,2021-01-26 11:15:23
176.06,8.93,002594,比亚迪,1.65006413E9,1.87417766E9,15.53,-2.2411352E8,-1.86,-9.2103424E8,-7.63,-7.2902989E8,-6.04,1605857643,13.67,-,-,-,2020-11-20,2020-11-20,2021-01-26 11:15:23
184.2,4.62,002594,比亚迪,2.91570176E8,2.60415216E8,2.4,3.1154944E7,0.29,-1.89477072E8,-1.75,-1.02093104E8,-0.94,1606116843,2.69,-,-,-,2020-11-23,2020-11-23,2021-01-26 11:15:23
184.19,-0.01,002594,比亚迪,-1.98603392E8,-5.6796736E7,-0.47,-1.41806656E8,-1.16,-2.8166208E7,-0.23,2.26769584E8,1.86,1606203243,-1.63,-,-,-,2020-11-24,2020-11-24,2021-01-26 11:15:23
183.53,-0.36,002594,比亚迪,-3.53372032E8,-1.27622288E8,-1.45,-2.25749744E8,-2.57,6.5533904E7,0.74,2.87838144E8,3.27,1606289643,-4.02,-,-,-,2020-11-25,2020-11-25,2021-01-26 11:15:23
175.82,-4.2,002594,比亚迪,-7.2503155E8,-5.22758272E8,-5.97,-2.02273312E8,-2.31,2.74848128E8,3.14,4.50183456E8,5.14,1606376043,-8.28,-,-,-,2020-11-26,2020-11-26,2021-01-26 11:15:23
174.1,-0.98,002594,比亚迪,-8.2061856E8,-7.2435597E8,-10.55,-9.6262576E7,-1.4,2.83739424E8,4.13,5.368791E8,7.82,1606462443,-11.95,-,-,-,2020-11-27,2020-11-27,2021-01-26 11:15:23
172.15,-1.12,002594,比亚迪,-1.15734448E8,-1.05847264E8,-1.63,-9887184.0,-0.15,1.0187984E7,0.16,1.05546464E8,1.63,1606721643,-1.78,-,-,-,2020-11-30,2020-11-30,2021-01-26 11:15:23
176.81,2.71,002594,比亚迪,3.49268672E8,3.18279232E8,4.56,3.098944E7,0.44,-1.75124208E8,-2.51,-1.74144464E8,-2.49,1606808043,5.0,-,-,-,2020-12-01,2020-12-01,2021-01-26 11:15:23
169.75,-3.99,002594,比亚迪,-1.6238601E9,-1.51729062E9,-18.16,-1.06569488E8,-1.28,7.0758336E8,8.47,9.162768E8,10.97,1606894443,-19.44,-,-,-,2020-12-02,2020-12-02,2021-01-26 11:15:23
171.09,0.79,002594,比亚迪,3.79407808E8,3.91008064E8,6.25,-1.1600256E7,-0.19,-1.9771792E8,-3.16,-1.81689888E8,-2.91,1606980843,6.07,-9999,-9999,-9999,2020-12-03,2020-12-03,2021-01-26 11:15:23
171.86,0.45,002594,比亚迪,-1.62067952E8,-2.00199248E8,-2.91,3.8131296E7,0.55,4.0111456E7,0.58,1.2195648E8,1.77,1607067243,-2.35,-9999,-9999,-9999,2020-12-04,2020-12-04,2021-01-26 11:15:23
175.29,2.0,002594,比亚迪,5.09569184E8,4.73341824E8,8.43,3.622736E7,0.64,-2.69393792E8,-4.8,-2.40175376E8,-4.28,1607326443,9.07,-9999,-9999,-9999,2020-12-07,2020-12-07,2021-01-26 11:15:23
177.97,1.53,002594,比亚迪,-2.2951496E8,-1.2350504E8,-1.54,-1.0600992E8,-1.33,5.899008E7,0.74,1.7052488E8,2.13,1607412843,-2.87,-9999,-9999,-9999,2020-12-08,2020-12-08,2021-01-26 11:15:23
173.24,-2.66,002594,比亚迪,-6.8217107E8,-4.45314048E8,-8.0,-2.3685704E8,-4.26,2.12987136E8,3.83,4.69183936E8,8.43,1607500803,-12.26,-9999,-9999,-9999,2020-12-09,2020-12-09,2021-01-26 11:15:23
169.52,-2.15,002594,比亚迪,-7.4584928E8,-5.2886304E8,-8.47,-2.1698624E8,-3.48,2.3243696E8,3.72,5.13412352E8,8.22,1607585643,-11.95,-9999,-9999,-9999,2020-12-10,2020-12-10,2021-01-26 11:15:23
167.0,-1.49,002594,比亚迪,-1.35062899E9,-1.15203354E9,-19.52,-1.98595568E8,-3.36,4.94856192E8,8.38,8.557728E8,14.5,1607672043,-22.88,-9999,-9999,-9999,2020-12-11,2020-12-11,2021-01-26 11:15:23
170.2,1.92,002594,比亚迪,2.21853984E8,1.86710288E8,3.69,3.5143696E7,0.69,-1.43007328E8,-2.82,-7.884664E7,-1.56,1607931243,4.38,-9999,-9999,-9999,2020-12-14,2020-12-14,2021-01-26 11:15:23
174.7,2.64,002594,比亚迪,5.7997395E8,6.9999021E8,11.23,-1.20016288E8,-1.93,-3.41392128E8,-5.48,-2.3858184E8,-3.83,1608017643,9.3,-9999,-9999,-9999,2020-12-15,2020-12-15,2021-01-26 11:15:23
171.87,-1.62,002594,比亚迪,-3.77875456E8,-3.323792E8,-8.09,-4.549624E7,-1.11,1.12971312E8,2.75,2.64904128E8,6.44,1608104043,-9.19,-9999,-9999,-9999,2020-12-16,2020-12-16,2021-01-26 11:15:23
171.79,-0.05,002594,比亚迪,-1.38763392E8,-4.438936E7,-1.37,-9.4374032E7,-2.91,3.6671936E7,1.13,1.02091456E8,3.15,1608190443,-4.28,-9999,-9999,-9999,2020-12-17,2020-12-17,2021-01-26 11:15:23
176.0,2.45,002594,比亚迪,7.8537011E8,8.0360755E8,9.32,-1.823744E7,-0.21,-4.34489792E8,-5.04,-3.5088032E8,-4.07,1608276843,9.1,-9999,-9999,-9999,2020-12-18,2020-12-18,2021-01-26 11:15:23
193.6,10.0,002594,比亚迪,1.44845773E9,1.97118694E9,15.97,-5.22729312E8,-4.24,-8.3755398E8,-6.79,-6.1090374E8,-4.95,1608536043,11.74,-9999,-9999,-9999,2020-12-21,2020-12-21,2021-01-26 11:15:23
184.0,-4.96,002594,比亚迪,-1.16181658E9,-9.5849446E8,-8.68,-2.03322192E8,-1.84,4.78113856E8,4.33,6.8370278E8,6.19,1608622443,-10.52,-9999,-9999,-9999,2020-12-22,2020-12-22,2021-01-26 11:15:23
186.79,1.52,002594,比亚迪,-3.96342496E8,-2.71084704E8,-3.4,-1.25257792E8,-1.57,1.54665984E8,1.94,2.41676528E8,3.03,1608708843,-4.97,-9999,-9999,-9999,2020-12-23,2020-12-23,2021-01-26 11:15:23
183.0,-2.03,002594,比亚迪,-3.64085696E8,-3.57669952E8,-7.55,-6415776.0,-0.14,9.146616E7,1.93,2.7261952E8,5.75,1608795243,-7.68,-9999,-9999,-9999,2020-12-24,2020-12-24,2021-01-26 11:15:23
185.22,1.21,002594,比亚迪,1.9771216E7,8.9562064E7,2.3,-6.9790848E7,-1.79,-5588272.0,-0.14,-1.4182944E7,-0.36,1608881643,0.51,-9999,-9999,-9999,2020-12-25,2020-12-25,2021-01-26 11:15:23
187.93,1.46,002594,比亚迪,4.1986992E7,2.3536032E7,0.41,1.845096E7,0.33,-3.5997824E7,-0.63,-5989168.0,-0.11,1609140843,0.74,-9999,-9999,-9999,2020-12-28,2020-12-28,2021-01-26 11:15:23
178.6,-4.96,002594,比亚迪,-1.52083187E9,-1.34904819E9,-20.66,-1.71783696E8,-2.63,6.0166272E8,9.21,9.1916915E8,14.07,1609227243,-23.29,-9999,-9999,-9999,2020-12-29,2020-12-29,2021-01-26 11:15:23
186.0,4.14,002594,比亚迪,1.29976218E9,1.54169651E9,16.13,-2.41934352E8,-2.53,-7.2864154E8,-7.62,-5.7112064E8,-5.97,1609313643,13.6,-9999,-9999,-9999,2020-12-30,2020-12-30,2021-01-26 11:15:23
194.3,4.46,002594,比亚迪,6.159968E8,7.3565734E8,7.61,-1.19660544E8,-1.24,-3.60172288E8,-3.73,-2.55824464E8,-2.65,1609400043,6.37,-9999,-9999,-9999,2020-12-31,2020-12-31,2021-01-26 11:15:23
194.3,4.46,002594,比亚迪,6.159968E8,7.3565734E8,7.61,-1.19660544E8,-1.24,-3.60172288E8,-3.73,-2.55824464E8,-2.65,1609400043,6.37,-9999,-9999,-9999,2021-01-01,2021-01-01,2021-01-26 11:15:23
206.76,6.41,002594,比亚迪,-2.6823744E7,-402816.0,0.0,-2.6420928E7,-0.22,9657648.0,0.08,1.7166096E7,0.15,1609745643,-0.23,-9999,-9999,-9999,2021-01-04,2021-01-04,2021-01-26 11:15:23
219.9,6.36,002594,比亚迪,1.55236832E8,3.23344448E8,2.78,-1.68107632E8,-1.44,-1.09482448E8,-0.94,-4.5754368E7,-0.39,1609832043,1.33,-9999,-9999,-9999,2021-01-05,2021-01-05,2021-01-26 11:15:23
216.3,-1.64,002594,比亚迪,-1.17929293E9,-1.26934362E9,-13.54,9.0050672E7,0.96,6.3341638E8,6.76,5.4587661E8,5.82,1609918443,-12.58,-9999,-9999,-9999,2021-01-06,2021-01-06,2021-01-26 11:15:23
225.04,4.04,002594,比亚迪,-2.5975776E7,1.38824528E8,1.46,-1.64800304E8,-1.73,-1.092096E7,-0.11,3.6896752E7,0.39,1610004843,-0.27,-9999,-9999,-9999,2021-01-07,2021-01-07,2021-01-26 11:15:23
227.51,1.1,002594,比亚迪,-5.3872877E8,-3.74276032E8,-3.86,-1.64452752E8,-1.69,2.41546624E8,2.49,2.97182144E8,3.06,1610091243,-5.55,-9999,-9999,-9999,2021-01-08,2021-01-08,2021-01-26 11:15:23
234.86,3.23,002594,比亚迪,-3.83705888E8,-3.95565184E8,-3.12,1.1859312E7,0.09,1.31221344E8,1.03,2.52484528E8,1.99,1610350443,-3.03,-9999,-9999,-9999,2021-01-11,2021-01-11,2021-01-26 11:15:23
236.99,0.91,002594,比亚迪,-3.6459792E8,-3.20643008E8,-3.21,-4.3954896E7,-0.44,1.70252848E8,1.71,1.94345072E8,1.95,1610436843,-3.65,-9999,-9999,-9999,2021-01-12,2021-01-12,2021-01-26 11:15:23
239.3,0.97,002594,比亚迪,-7.2746138E8,-5.838345E8,-5.04,-1.43626832E8,-1.24,3.40075648E8,2.93,3.87385696E8,3.34,1610523243,-6.28,-9999,-9999,-9999,2021-01-13,2021-01-13,2021-01-26 11:15:23
223.95,-6.41,002594,比亚迪,-1.1498281E9,-1.07043795E9,-10.52,-7.9390144E7,-0.78,5.5062758E8,5.41,5.9920051E8,5.89,1610609643,-11.3,-9999,-9999,-9999,2021-01-14,2021-01-14,2021-01-26 11:15:23
225.2,0.56,002594,比亚迪,-1.24998352E8,-9.945488E7,-1.18,-2.5543472E7,-0.3,1.0491392E7,0.12,1.14506944E8,1.36,1610696043,-1.48,-9999,-9999,-9999,2021-01-15,2021-01-15,2021-01-26 11:15:23
221.69,-1.56,002594,比亚迪,-3.46282752E8,-3.94259904E8,-6.77,4.7977136E7,0.82,1.56556768E8,2.69,1.89726016E8,3.26,1610955243,-5.94,-9999,-9999,-9999,2021-01-18,2021-01-18,2021-01-26 11:15:23
216.2,-2.48,002594,比亚迪,-7.9315642E8,-7.1646003E8,-11.87,-7.6696352E7,-1.27,3.09395392E8,5.13,4.83761024E8,8.02,1611043203,-13.14,-9999,-9999,-9999,2021-01-19,2021-01-19,2021-01-26 11:15:23
222.0,2.68,002594,比亚迪,-1.62417952E8,-5.6099424E7,-0.66,-1.06318528E8,-1.25,9.7505392E7,1.15,6.491256E7,0.77,1611128043,-1.91,-9999,-9999,-9999,2021-01-20,2021-01-20,2021-01-26 11:15:23
235.52,6.09,002594,比亚迪,3.34113152E8,3.40366144E8,2.54,-6252976.0,-0.05,-1.7090864E8,-1.28,-1.63204512E8,-1.22,1611214443,2.5,-9999,-9999,-9999,2021-01-21,2021-01-21,2021-01-26 11:15:23
242.92,3.14,002594,比亚迪,1.39538368E8,3.37474112E8,3.34,-1.9793576E8,-1.96,-1.27891936E8,-1.26,-1.1646432E7,-0.12,1611300843,1.38,-9999,-9999,-9999,2021-01-22,2021-01-22,2021-01-26 11:15:23
260.0,7.03,002594,比亚迪,2.51348848E8,5.8479616E7,0.41,1.92869232E8,1.36,-1.87914608E8,-1.32,-6.3434368E7,-0.45,1611560043,1.77,-9999,-9999,-9999,2021-01-25,2021-01-25,2021-01-26 11:15:23
