corr_list,future_corr_list,curr_slope,stock_index1,stock_index2,curr_date_index1,curr_date_index2
0.96,0.89,0.00941,2460,333,2020-07-30,2020-07-28
0.96,0.4,0.01052,2371,601155,2018-12-10,2019-07-25
0.96,-0.0,0.01052,2371,601216,2018-12-10,2020-05-12
0.96,-0.55,0.01052,2371,601555,2018-12-10,2020-04-14
0.96,0.39,0.01052,2371,601698,2018-12-10,2019-11-14
0.96,0.63,0.01052,2371,601818,2018-12-10,2019-07-17
0.96,-0.15,0.01052,2371,601878,2018-12-10,2020-04-14
0.96,-0.0,0.01052,2371,601888,2018-12-10,2020-04-13
0.96,0.03,0.01052,2371,603369,2018-12-10,2018-12-13
0.96,-0.13,0.01052,2371,661,2018-12-10,2018-12-06
0.96,-0.8,0.01052,2371,783,2018-12-10,2020-04-15
0.96,-0.65,0.01052,2371,860,2018-12-10,2018-12-20
0.96,-0.55,0.01052,2371,860,2018-12-10,2018-12-21
0.96,-0.03,0.01052,2371,2304,2018-12-10,2020-04-13
0.96,0.15,0.01052,2371,601108,2018-12-10,2018-12-11
0.96,0.37,0.01052,2371,2555,2018-12-10,2019-06-19
0.96,-0.06,0.01052,2371,300433,2018-12-10,2020-04-10
0.96,-0.18,0.01052,2371,300433,2018-12-10,2020-04-13
0.96,-0.51,0.01052,2371,300676,2018-12-10,2018-11-28
0.96,0.67,-0.00694,601390,600115,2019-04-12,2019-04-11
0.96,0.85,-0.00694,601390,601198,2019-04-12,2019-04-12
0.96,0.85,-0.00694,601390,601216,2019-04-12,2019-04-15
0.96,0.86,-0.00694,601390,601800,2019-04-12,2019-04-11
0.96,0.44,0.00948,600519,600600,2020-02-21,2020-02-21
0.96,-0.03,0.00948,600519,600600,2020-02-21,2020-02-20
0.96,-0.41,0.00948,600519,600809,2020-02-21,2020-03-02
0.96,-0.59,0.00948,600519,601012,2020-02-21,2020-04-22
0.96,0.29,0.00948,600519,601012,2020-02-21,2020-05-18
0.96,0.41,0.00948,600519,601808,2020-02-21,2019-08-27
0.96,0.39,0.01052,2371,2594,2018-12-10,2020-08-03
0.96,0.28,0.00948,600519,601899,2020-02-21,2020-04-29
0.96,0.01,0.01052,2371,601100,2018-12-10,2018-12-06
0.96,-0.58,0.01052,2371,600369,2018-12-10,2020-04-13
0.96,-0.18,0.01014,601899,603501,2020-09-16,2019-09-27
0.96,0.04,0.01014,601899,1,2020-09-16,2018-12-12
0.96,-0.1,0.01014,601899,568,2020-09-16,2020-05-14
0.96,-0.3,0.01014,601899,786,2020-09-16,2019-09-16
0.96,-0.21,0.01014,601899,786,2020-09-16,2019-09-11
0.96,0.54,0.01014,601899,2352,2020-09-16,2020-05-12
0.96,0.29,0.01014,601899,300142,2020-09-16,2020-02-28
0.96,0.2,0.01014,601899,300142,2020-09-16,2020-02-27
0.96,0.85,-0.00913,601077,601077,2020-07-28,2020-07-24
0.96,0.79,-0.00913,601077,601077,2020-07-28,2020-07-30
0.96,-0.18,-0.00913,601077,601318,2020-07-28,2019-12-11
0.96,0.66,-0.01162,600029,600025,2019-12-24,2019-12-20
0.96,0.65,-0.01162,600029,600025,2019-12-24,2019-12-23
0.96,0.37,0.01052,2371,600745,2018-12-10,2019-06-24
0.96,0.16,-0.01162,600029,600705,2019-12-24,2019-12-25
0.96,-0.4,-0.01162,600029,601077,2019-12-24,2020-02-17
0.96,0.43,-0.01162,600029,601077,2019-12-24,2019-12-23
0.96,-0.33,-0.01162,600029,601077,2019-12-24,2020-02-14
0.96,0.75,-0.01162,600029,601111,2019-12-24,2019-12-20
0.96,0.49,-0.01162,600029,601198,2019-12-24,2018-05-23
0.96,0.6,-0.01162,600029,601600,2019-12-24,2019-12-23
0.96,-0.14,-0.01162,600029,601916,2019-12-24,2019-12-23
0.96,-0.02,-0.01162,600029,601916,2019-12-24,2019-12-25
0.96,0.67,-0.01162,600029,2027,2019-12-24,2019-12-24
0.96,0.51,-0.00853,600036,600606,2019-12-12,2019-12-12
0.96,-0.48,-0.00853,600036,600795,2019-12-12,2019-08-13
0.96,0.44,0.01052,2371,600019,2018-12-10,2020-08-10
0.96,-0.36,0.01052,2371,600050,2018-12-10,2018-12-10
0.96,-0.15,-0.01162,600029,600919,2019-12-24,2019-12-26
0.96,0.57,0.00948,600519,1,2020-02-21,2018-11-30
0.96,0.6,0.00948,600519,1,2020-02-21,2018-11-29
0.96,-0.22,0.00948,600519,568,2020-02-21,2020-08-21
0.96,-0.6,0.01023,600809,860,2020-06-01,2018-03-08
0.96,-0.91,0.01023,600809,2352,2020-06-01,2020-06-02
0.96,-0.74,0.01094,2600,600118,2019-06-17,2018-12-05
0.96,-0.62,0.01094,2600,600118,2019-06-17,2018-12-06
0.96,-0.28,0.01094,2600,600438,2019-06-17,2020-04-23
0.96,-0.3,0.01094,2600,600438,2019-06-17,2020-04-22
0.96,-0.1,0.01094,2600,601216,2019-06-17,2020-05-12
0.96,-0.23,0.01094,2600,601216,2019-06-17,2018-12-05
0.96,-0.18,0.01094,2600,601878,2019-06-17,2018-12-07
0.96,0.25,0.01094,2600,661,2019-06-17,2018-12-06
0.96,-0.46,0.01094,2600,768,2019-06-17,2020-04-23
0.96,-0.46,0.01094,2600,938,2019-06-17,2018-12-06
0.96,-0.05,0.01094,2600,2241,2019-06-17,2018-12-07
0.96,0.21,0.01023,600809,688009,2020-06-01,2020-03-23
0.96,-0.19,0.01094,2600,2311,2019-06-17,2020-05-11
0.96,-0.44,0.01094,2600,2601,2019-06-17,2020-04-10
0.96,0.02,0.01094,2600,2938,2019-06-17,2018-12-05
0.96,0.13,0.01094,2600,300059,2019-06-17,2020-04-14
0.96,0.98,0.008,2024,600029,2018-11-27,2018-11-27
0.96,0.96,0.008,2024,601881,2018-11-27,2018-11-26
0.96,0.94,0.008,2024,601881,2018-11-27,2018-11-28
0.96,0.96,0.008,2024,601989,2018-11-27,2018-11-27
0.96,0.57,0.008,2024,651,2018-11-27,2018-11-27
0.96,-0.86,0.008,2024,708,2018-11-27,2019-06-20
0.96,0.56,0.008,2024,2142,2018-11-27,2018-11-23
0.96,0.66,-0.00665,600606,601878,2018-01-25,2018-01-25
0.96,0.52,0.00934,600000,600015,2018-12-11,2018-12-11
0.96,0.61,0.00934,600000,601628,2018-12-11,2018-12-11
0.96,0.09,0.01094,2600,2414,2019-06-17,2020-04-24
0.96,-0.0,0.01023,600809,601100,2020-06-01,2019-08-07
0.96,0.86,0.01023,600809,600887,2020-06-01,2018-12-27
0.96,-0.33,0.01023,600809,600763,2020-06-01,2019-01-28
0.96,-0.54,0.00948,600519,661,2020-02-21,2020-02-17
0.96,-0.46,0.00948,600519,876,2020-02-21,2018-09-18
0.96,0.59,0.00948,600519,963,2020-02-21,2018-01-11
0.96,0.49,0.00948,600519,963,2020-02-21,2018-01-09
0.96,0.43,0.00948,600519,963,2020-02-21,2018-01-12
0.96,0.57,0.00948,600519,963,2020-02-21,2018-01-10
0.96,-0.38,0.00948,600519,2050,2020-02-21,2019-07-11
0.96,-0.32,0.00948,600519,2050,2020-02-21,2019-07-10
0.96,0.24,0.00948,600519,2179,2020-02-21,2020-08-20
0.96,-0.34,0.00948,600519,2179,2020-02-21,2020-04-27
0.96,0.37,0.00948,600519,2304,2020-02-21,2020-08-20
0.96,0.22,0.00948,600519,2304,2020-02-21,2020-08-21
0.96,0.48,0.00948,600519,2475,2020-02-21,2018-12-05
0.96,0.58,0.00948,600519,2475,2020-02-21,2018-12-04
0.96,0.49,0.00948,600519,2555,2020-02-21,2019-09-19
0.96,0.55,0.00948,600519,2555,2020-02-21,2019-09-18
0.96,0.32,0.00948,600519,2555,2020-02-21,2019-09-20
0.96,-0.46,0.00948,600519,2607,2020-02-21,2019-12-25
0.96,0.43,0.00948,600519,2841,2020-02-21,2018-01-08
0.96,-0.03,0.00948,600519,2841,2020-02-21,2020-03-30
0.96,-0.53,0.00948,600519,300122,2020-02-21,2020-02-14
0.96,-0.53,0.00948,600519,300122,2020-02-21,2020-02-17
0.96,0.09,0.00948,600519,300136,2020-02-21,2019-06-19
0.96,0.26,0.00948,600519,300136,2020-02-21,2019-06-12
0.96,-0.61,0.00948,600519,300601,2020-02-21,2020-02-17
0.96,0.71,0.01023,600809,600031,2020-06-01,2020-08-10
0.96,-0.85,0.01023,600809,600436,2020-06-01,2020-06-02
0.96,-0.13,0.01023,600809,600600,2020-06-01,2020-03-27
0.96,0.81,0.01023,600809,600763,2020-06-01,2020-03-12
0.96,0.54,0.01014,601899,601919,2020-09-16,2020-09-18
0.96,0.72,0.01014,601899,601899,2020-09-16,2020-09-18
0.96,-0.01,0.01014,601899,601155,2020-09-16,2019-08-20
0.96,0.4,0.01014,601899,601100,2020-09-16,2019-07-26
0.96,-0.61,-0.01049,600015,600010,2018-04-09,2018-03-12
0.96,0.79,-0.01049,600015,600016,2018-04-09,2018-04-04
0.96,0.29,-0.01049,600015,600309,2018-04-09,2018-07-20
0.96,0.66,-0.01049,600015,600482,2018-04-09,2018-03-27
0.96,0.65,-0.01049,600015,600489,2018-04-09,2018-04-13
0.96,0.92,-0.01049,600015,600919,2018-04-09,2018-04-09
0.96,0.04,-0.01049,600015,600999,2018-04-09,2018-04-04
0.96,-0.12,-0.01049,600015,601066,2018-04-09,2020-08-11
0.96,0.22,-0.01049,600015,601933,2018-04-09,2019-08-22
0.96,0.68,-0.01049,600015,601989,2018-04-09,2018-04-03
0.96,0.49,-0.01049,600015,601989,2018-04-09,2018-03-29
0.96,0.71,-0.01049,600015,601989,2018-04-09,2018-04-09
0.96,0.36,-0.01049,600015,776,2018-04-09,2018-03-29
0.96,0.67,0.00755,601607,600299,2020-05-20,2020-05-20
0.96,0.21,-0.01049,600015,2555,2018-04-09,2020-08-13
0.96,0.11,-0.01049,600015,2673,2018-04-09,2018-03-23
0.96,-0.36,-0.01049,600015,300033,2018-04-09,2018-04-11
0.96,-0.48,-0.01049,600015,300433,2018-04-09,2018-07-20
0.96,-0.45,-0.01049,600015,300433,2018-04-09,2018-07-27
0.96,-0.42,-0.01049,600015,300433,2018-04-09,2018-07-25
0.96,0.0,0.00891,2555,600438,2019-08-16,2020-03-23
0.96,0.81,0.00891,2555,601012,2019-08-16,2020-04-02
0.96,-0.88,0.00891,2555,2050,2019-08-16,2019-10-09
0.96,0.01,0.00891,2555,2271,2019-08-16,2020-03-30
0.96,-0.73,0.00891,2555,2311,2019-08-16,2020-04-10
0.96,-0.6,0.00891,2555,2493,2019-08-16,2020-04-02
0.96,0.23,0.0098,2179,2271,2020-05-22,2020-05-22
0.96,0.46,0.01048,2142,601888,2019-07-31,2020-04-28
0.96,0.12,-0.01049,600015,2673,2018-04-09,2018-03-22
0.96,0.92,0.01063,300015,300413,2020-04-08,2020-04-09
0.96,0.12,0.01063,300015,300015,2020-04-08,2020-04-14
0.96,-0.55,0.01063,300015,300015,2020-04-08,2020-03-20
0.96,-0.6,-0.01121,601857,2024,2019-02-25,2020-11-03
0.96,-0.39,-0.01121,601857,2024,2019-02-25,2020-11-06
0.96,-0.41,-0.01121,601857,2024,2019-02-25,2020-11-05
0.96,0.42,-0.01121,601857,2027,2019-02-25,2019-02-25
0.96,0.77,-0.01121,601857,2602,2019-02-25,2020-07-24
0.96,0.51,-0.01121,601857,300498,2019-02-25,2020-07-07
0.96,0.89,-0.01121,601857,300676,2019-02-25,2018-04-13
0.96,0.56,-0.01121,601857,300676,2019-02-25,2018-04-02
0.96,-0.43,0.01063,300015,600176,2020-04-08,2020-05-26
0.96,-0.17,0.01063,300015,600276,2020-04-08,2019-01-02
0.96,-0.09,0.01063,300015,600276,2020-04-08,2018-12-27
0.96,-0.13,0.01063,300015,600276,2020-04-08,2018-12-28
0.96,0.51,0.01063,300015,601012,2020-04-08,2018-12-11
0.96,-0.3,0.01063,300015,601919,2020-04-08,2020-06-08
0.96,-0.44,0.01063,300015,596,2020-04-08,2019-01-08
0.96,-0.45,0.01063,300015,596,2020-04-08,2019-01-04
0.96,-0.06,0.01063,300015,858,2020-04-08,2019-01-23
0.96,-0.26,0.01063,300015,858,2020-04-08,2019-01-15
0.96,-0.5,0.01063,300015,858,2020-04-08,2020-05-07
0.96,0.09,0.01063,300015,2271,2020-04-08,2020-05-11
0.96,0.58,0.01063,300015,2410,2020-04-08,2020-04-10
0.96,-0.43,0.01063,300015,2463,2020-04-08,2018-12-17
0.96,-0.44,0.01063,300015,2607,2020-04-08,2018-12-21
0.96,0.19,0.01063,300015,2624,2020-04-08,2019-10-25
0.96,0.12,0.01063,300015,2916,2020-04-08,2018-12-06
0.96,0.33,0.01063,300015,2916,2020-04-08,2018-12-12
0.96,0.17,0.01063,300015,2916,2020-04-08,2018-12-07
0.96,0.28,0.01063,300015,2916,2020-04-08,2018-12-13
0.96,0.3,0.01063,300015,2916,2020-04-08,2018-12-11
0.96,-0.18,0.01048,2142,603501,2019-07-31,2018-12-28
0.96,0.47,0.01045,600176,600276,2020-04-13,2019-05-21
0.96,-0.37,0.01048,2142,2271,2019-07-31,2018-12-13
0.96,-0.32,0.00941,2460,600309,2020-07-30,2019-09-05
0.96,-0.22,0.00878,300498,601919,2018-11-15,2020-08-06
0.96,-0.07,0.00878,300498,603019,2018-11-15,2019-10-24
0.96,-0.36,0.00878,300498,603369,2018-11-15,2018-11-23
0.96,0.2,0.00878,300498,603369,2018-11-15,2018-11-27
0.96,-0.34,0.00878,300498,538,2018-11-15,2020-03-20
0.96,0.68,0.00878,300498,625,2018-11-15,2020-08-07
0.96,0.66,0.00878,300498,661,2018-11-15,2020-03-20
0.96,-0.61,0.00878,300498,708,2018-11-15,2019-05-30
0.96,-0.17,0.00878,300498,858,2018-11-15,2020-03-23
0.96,0.59,0.00878,300498,860,2018-11-15,2018-11-29
0.96,0.42,0.00878,300498,2414,2018-11-15,2020-04-08
0.96,0.73,0.00878,300498,2460,2018-11-15,2019-09-19
0.96,0.45,0.00878,300498,2460,2018-11-15,2020-09-23
0.96,-0.02,0.00878,300498,601888,2018-11-15,2020-03-16
0.96,0.66,0.00878,300498,2460,2018-11-15,2019-09-18
0.96,-0.63,0.00878,300498,2594,2018-11-15,2020-03-19
0.96,0.64,0.00878,300498,300014,2018-11-15,2018-11-14
0.96,0.61,0.00878,300498,300014,2018-11-15,2020-03-20
0.96,0.54,0.00878,300498,300014,2018-11-15,2020-03-17
0.96,-0.71,0.00878,300498,300124,2018-11-15,2020-07-20
0.96,-0.69,0.00746,596,601231,2018-01-25,2018-11-09
0.96,-0.17,0.01014,601899,600276,2020-09-16,2019-07-12
0.96,0.04,0.01014,601899,600436,2020-09-16,2018-12-12
0.96,0.12,0.01014,601899,600585,2020-09-16,2018-12-12
0.96,0.15,0.01014,601899,600585,2020-09-16,2018-12-13
0.96,0.42,0.01014,601899,600660,2020-09-16,2020-06-03
0.96,-0.48,0.01014,601899,600845,2020-09-16,2020-03-20
0.96,-0.02,0.01014,601899,600887,2020-09-16,2018-12-13
0.96,0.24,0.00878,300498,2460,2018-11-15,2019-10-23
0.96,0.63,0.00878,300498,601633,2018-11-15,2020-06-01
0.96,0.43,0.00878,300498,601100,2018-11-15,2018-11-20
0.96,0.28,0.00878,300498,601100,2018-11-15,2018-11-21
0.96,-0.26,0.00941,2460,600332,2020-07-30,2018-01-23
0.96,0.06,0.00941,2460,601216,2020-07-30,2020-04-27
0.96,-0.74,0.00941,2460,603501,2020-07-30,2018-11-27
0.96,0.33,0.01221,601108,300433,2018-12-11,2020-04-13
0.96,0.03,0.00941,2460,661,2020-07-30,2018-11-16
0.96,-0.93,0.00941,2460,728,2020-07-30,2018-11-16
0.96,-0.25,0.00941,2460,2271,2020-07-30,2018-11-21
0.96,-0.64,0.00941,2460,2475,2020-07-30,2018-11-21
0.96,-0.73,0.00941,2460,2475,2020-07-30,2018-11-22
0.96,-0.58,0.00941,2460,2475,2020-07-30,2018-11-19
0.96,0.7,0.00941,2460,2594,2020-07-30,2020-07-15
0.96,-0.43,0.00941,2460,2624,2020-07-30,2019-09-10
0.96,-0.87,0.00941,2460,300033,2020-07-30,2018-11-14
0.96,-0.91,0.00941,2460,300033,2020-07-30,2018-11-15
0.96,-0.64,0.00837,860,2821,2019-05-14,2019-05-14
0.96,0.7,0.00878,300498,600031,2018-11-15,2020-09-21
0.96,0.37,0.00878,300498,600104,2018-11-15,2020-07-16
0.96,0.52,0.00878,300498,600118,2018-11-15,2018-11-16
0.96,0.06,0.00878,300498,600118,2018-11-15,2018-11-23
0.96,-0.09,0.00878,300498,600176,2018-11-15,2020-04-13
0.96,-0.23,0.00878,300498,600309,2018-11-15,2020-04-07
0.96,-0.62,0.00878,300498,600438,2018-11-15,2020-04-07
0.96,-0.4,0.00878,300498,600570,2018-11-15,2020-03-12
0.96,0.44,0.00878,300498,600655,2018-11-15,2020-03-18
0.96,-0.76,0.00878,300498,600809,2018-11-15,2020-02-14
0.96,0.48,0.00878,300498,600809,2018-11-15,2020-09-16
0.96,-0.78,0.00878,300498,600809,2018-11-15,2020-02-13
0.96,-0.12,0.00878,300498,600989,2018-11-15,2020-04-28
0.96,0.12,0.00878,300498,600989,2018-11-15,2020-04-23
0.96,-0.22,0.00941,2460,600309,2020-07-30,2019-09-06
0.96,0.0,0.01045,600176,600309,2020-04-13,2020-04-07
0.96,0.23,0.01045,600176,600309,2020-04-13,2020-03-27
0.96,-0.26,0.01045,600176,600809,2020-04-13,2020-09-14
0.96,0.94,0.00792,600705,776,2018-11-20,2018-11-20
0.96,0.68,0.00792,600705,2607,2018-11-20,2018-11-19
0.96,0.9,0.00792,600705,300033,2018-11-20,2018-11-19
0.96,-0.77,-0.00802,600489,603993,2020-09-15,2018-05-15
0.96,-0.7,-0.00802,600489,603993,2020-09-15,2018-05-16
0.96,-0.59,-0.01132,601229,600011,2019-12-13,2019-12-16
0.96,0.45,-0.01132,601229,600019,2019-12-13,2019-12-13
0.96,0.03,-0.01132,601229,600795,2019-12-13,2019-12-17
0.96,0.31,-0.01132,601229,601328,2019-12-13,2019-12-13
0.96,-0.42,-0.01132,601229,601658,2019-12-13,2019-12-17
0.96,-0.15,-0.01132,601229,601916,2019-12-13,2019-12-17
0.96,0.71,-0.00939,596,858,2018-07-23,2018-07-19
0.96,0.67,-0.00516,600015,600015,2019-01-30,2019-01-29
0.96,0.95,0.00792,600705,728,2018-11-20,2018-11-21
0.96,0.91,-0.00516,600015,601390,2019-01-30,2019-01-30
0.96,0.58,-0.01187,601211,600016,2018-04-09,2018-04-09
0.96,0.72,-0.01187,601211,600030,2018-04-09,2018-04-10
0.96,0.48,-0.01187,601211,600482,2018-04-09,2018-03-22
0.96,0.55,-0.01187,601211,600919,2018-04-09,2018-04-09
0.96,0.27,-0.01187,601211,63,2018-04-09,2018-02-02
0.96,0.59,-0.01187,601211,728,2018-04-09,2018-04-03
0.96,0.2,-0.01187,601211,977,2018-04-09,2018-07-30
0.96,0.58,-0.01187,601211,2736,2018-04-09,2018-04-10
0.96,0.14,-0.01187,601211,300033,2018-04-09,2018-04-11
0.96,0.78,0.01127,596,600176,2019-01-08,2020-05-25
0.96,0.85,0.01127,596,600176,2019-01-08,2020-05-26
0.96,-0.5,0.01127,596,600519,2019-01-08,2020-04-15
0.96,0.21,0.01127,596,600519,2019-01-08,2020-04-23
0.96,0.74,-0.00516,600015,601669,2019-01-30,2019-01-30
0.96,0.42,0.00792,600705,63,2018-11-20,2018-11-19
0.96,0.97,0.00792,600705,601990,2018-11-20,2018-11-20
0.96,0.95,0.00792,600705,601788,2018-11-20,2018-11-20
0.96,-0.4,0.0111,2475,300014,2019-07-08,2019-10-23
0.96,0.24,0.0111,2475,300014,2019-07-08,2018-10-18
0.96,0.46,0.0111,2475,300124,2019-07-08,2020-03-24
0.96,0.76,0.0111,2475,300142,2019-07-08,2020-02-28
0.96,0.76,0.0111,2475,300142,2019-07-08,2020-02-27
0.96,0.0,0.0111,2475,300142,2019-07-08,2020-03-09
0.96,-0.6,0.0111,2475,300142,2019-07-08,2020-03-13
0.96,-0.24,0.0111,2475,300676,2019-07-08,2020-03-04
0.96,-0.32,0.0111,2475,300676,2019-07-08,2020-03-05
0.96,-0.23,0.01113,600346,600031,2020-05-08,2018-12-06
0.96,0.4,0.01113,600346,600118,2020-05-08,2018-12-06
0.96,-0.38,0.01113,600346,600183,2020-05-08,2019-05-28
0.96,0.4,0.01113,600346,600763,2020-05-08,2020-05-08
0.96,0.02,0.01113,600346,601155,2020-05-08,2018-12-05
0.96,-0.2,0.01113,600346,601888,2020-05-08,2020-04-07
0.96,-0.56,0.01113,600346,603259,2020-05-08,2020-04-07
0.96,-0.29,0.01113,600346,603259,2020-05-08,2020-04-13
0.96,0.27,0.01113,600346,603501,2020-05-08,2019-05-29
0.96,0.33,0.01113,600346,603501,2020-05-08,2019-05-27
0.96,0.22,0.01113,600346,603501,2020-05-08,2019-05-30
0.96,-0.15,0.01113,600346,568,2020-05-08,2018-12-26
0.96,-0.39,0.01113,600346,625,2020-05-08,2020-08-17
0.96,-0.41,0.01113,600346,661,2020-05-08,2020-04-08
0.96,-0.56,0.01113,600346,858,2020-05-08,2020-04-03
0.96,-0.45,0.01113,600346,860,2020-05-08,2018-12-12
0.96,-0.29,0.01113,600346,2241,2020-05-08,2020-04-03
0.96,0.32,0.01113,600346,2594,2020-05-08,2020-07-30
0.96,-0.26,0.01113,600346,2812,2020-05-08,2019-10-09
0.96,0.85,0.00264,2939,2939,2018-11-02,2018-11-01
0.96,-0.63,0.01127,596,600600,2019-01-08,2020-04-14
0.96,-0.16,0.0111,2475,2938,2019-07-08,2019-07-09
0.96,-0.76,0.01127,596,600600,2019-01-08,2020-04-03
0.96,0.79,0.01127,596,600763,2019-01-08,2020-03-12
0.96,0.79,0.01127,596,2938,2019-01-08,2019-05-13
0.96,0.26,0.01127,596,300015,2019-01-08,2020-04-14
0.96,-0.44,0.01127,596,300015,2019-01-08,2020-04-08
0.96,0.45,0.01127,596,300433,2019-01-08,2019-07-16
0.96,0.3,0.01221,601108,600050,2018-12-11,2018-12-10
0.96,-0.2,0.01221,601108,600118,2018-12-11,2018-12-13
0.96,0.2,0.01221,601108,600176,2018-12-11,2020-05-12
0.96,-0.16,0.01221,601108,600745,2018-12-11,2019-06-24
0.96,0.19,0.01221,601108,601162,2018-12-11,2018-12-11
0.96,0.26,0.01221,601108,601216,2018-12-11,2018-12-12
0.96,0.21,0.01221,601108,601319,2018-12-11,2018-12-07
0.96,0.27,0.01221,601108,601319,2018-12-11,2018-12-11
0.96,-0.18,0.01221,601108,601888,2018-12-11,2020-04-15
0.96,0.78,0.01127,596,2938,2019-01-08,2019-05-16
0.96,-0.17,0.01221,601108,601888,2018-12-11,2020-04-13
0.96,0.19,0.01221,601108,166,2018-12-11,2020-04-13
0.96,0.18,0.01221,601108,166,2018-12-11,2020-04-14
0.96,-0.31,0.01221,601108,661,2018-12-11,2018-12-06
0.96,0.1,0.01221,601108,725,2018-12-11,2019-09-25
0.96,0.12,0.01221,601108,728,2018-12-11,2020-04-16
0.96,0.21,0.01221,601108,783,2018-12-11,2020-04-13
0.96,0.47,0.01221,601108,977,2018-12-11,2018-12-07
0.96,0.15,0.01221,601108,2371,2018-12-11,2018-12-10
0.96,-0.28,0.01221,601108,2601,2018-12-11,2020-04-22
0.96,0.53,0.01221,601108,300059,2018-12-11,2018-12-10
0.96,0.25,0.01221,601108,300059,2018-12-11,2018-12-05
0.96,-0.11,0.01221,601108,300124,2018-12-11,2020-04-27
0.96,0.39,0.01221,601108,300433,2018-12-11,2020-04-10
0.96,0.12,0.01221,601108,603501,2018-12-11,2018-12-14
0.96,-0.4,0.01127,596,2916,2019-01-08,2019-06-25
0.96,-0.63,0.01127,596,2916,2019-01-08,2019-06-20
0.96,-0.15,0.01127,596,2916,2019-01-08,2019-07-02
0.96,0.15,0.01127,596,600809,2019-01-08,2020-04-13
0.96,0.51,0.01127,596,600837,2019-01-08,2018-12-13
0.96,0.63,0.01127,596,600845,2019-01-08,2018-12-14
0.96,-0.52,0.01127,596,600900,2019-01-08,2018-11-15
0.96,-0.81,0.01127,596,601888,2019-01-08,2020-04-28
0.96,0.85,0.01127,596,601919,2019-01-08,2020-06-08
0.96,0.83,0.01127,596,603259,2019-01-08,2020-04-28
0.96,0.67,0.01127,596,603501,2019-01-08,2019-06-14
0.96,-0.04,0.01127,596,603658,2019-01-08,2018-03-14
0.96,-0.04,0.01127,596,603658,2019-01-08,2018-03-13
0.96,-0.09,0.01127,596,603658,2019-01-08,2018-03-08
0.96,0.15,0.01127,596,100,2019-01-08,2020-03-30
0.96,0.84,0.01127,596,661,2019-01-08,2018-12-21
0.96,0.74,0.01127,596,661,2019-01-08,2018-12-14
0.96,-0.48,0.01127,596,661,2019-01-08,2020-04-15
0.96,0.77,0.01127,596,858,2019-01-08,2019-01-15
0.96,0.71,0.01127,596,858,2019-01-08,2020-04-23
0.96,0.94,0.01127,596,860,2019-01-08,2019-01-07
0.96,0.19,0.01127,596,860,2019-01-08,2018-03-28
0.96,0.17,0.01127,596,860,2019-01-08,2018-03-29
0.96,-0.21,0.01127,596,2157,2019-01-08,2018-12-19
0.96,0.09,0.01127,596,2241,2019-01-08,2020-05-22
0.96,0.19,0.01127,596,2241,2019-01-08,2019-07-23
0.96,0.45,0.01127,596,2463,2019-01-08,2018-12-17
0.96,0.68,0.01127,596,2594,2019-01-08,2020-08-20
0.96,0.48,0.01127,596,2624,2019-01-08,2019-10-25
0.96,0.39,0.01127,596,2714,2019-01-08,2018-12-19
0.96,-0.19,0.01127,596,2812,2019-01-08,2019-10-21
0.96,-0.58,0.01127,596,2916,2019-01-08,2018-12-06
0.96,-0.72,0.01127,596,600600,2019-01-08,2020-04-10
0.96,-0.53,-0.01121,601857,776,2019-02-25,2018-03-23
0.96,0.07,0.0111,2475,2916,2019-07-08,2019-05-28
0.96,-0.21,0.0111,2475,2812,2019-07-08,2019-09-09
0.96,-0.39,0.01045,600176,300014,2020-04-13,2018-11-16
0.96,-0.18,0.01045,600176,300014,2020-04-13,2020-09-21
0.96,0.01,0.01045,600176,300014,2020-04-13,2020-03-20
0.96,-0.23,0.01045,600176,300014,2020-04-13,2020-03-17
0.96,-0.44,0.01045,600176,300014,2020-04-13,2018-11-21
0.96,0.07,0.01045,600176,300124,2020-04-13,2020-03-24
0.96,-0.38,0.01045,600176,300347,2020-04-13,2020-09-10
0.96,0.46,0.01045,600176,300347,2020-04-13,2020-03-20
0.96,-0.16,0.01045,600176,300408,2020-04-13,2020-03-19
0.96,-0.01,0.01045,600176,300498,2020-04-13,2018-11-14
0.96,-0.09,0.01045,600176,300498,2020-04-13,2018-11-15
0.96,0.54,0.0111,2475,600009,2019-07-08,2019-01-07
0.96,-0.02,0.0111,2475,600009,2019-07-08,2019-02-28
0.96,0.08,0.01045,600176,2714,2020-04-13,2018-11-01
0.96,-0.24,0.0111,2475,600009,2019-07-08,2019-03-04
0.96,0.71,0.0111,2475,600031,2019-07-08,2020-08-05
0.96,0.73,0.0111,2475,600031,2019-07-08,2020-08-10
0.96,-0.25,0.0111,2475,600276,2019-07-08,2019-07-12
0.96,0.63,0.0111,2475,600309,2019-07-08,2020-03-27
0.96,0.45,0.0111,2475,600309,2019-07-08,2020-03-19
0.96,-0.68,0.0111,2475,600346,2019-07-08,2020-09-21
0.96,-0.66,0.0111,2475,600346,2019-07-08,2020-09-18
0.96,0.67,0.0111,2475,600436,2019-07-08,2020-03-25
0.96,-0.13,0.0111,2475,600519,2019-07-08,2018-12-20
0.96,0.15,0.0111,2475,600519,2019-07-08,2020-03-09
0.96,0.51,0.0111,2475,600809,2019-07-08,2020-05-12
0.96,-0.06,0.0111,2475,600809,2019-07-08,2020-09-07
0.96,-0.13,0.0111,2475,600845,2019-07-08,2020-03-20
0.96,-0.55,0.0111,2475,600031,2019-07-08,2020-09-21
0.96,0.17,0.01045,600176,2714,2020-04-13,2018-10-31
0.96,0.28,0.01045,600176,2594,2020-04-13,2020-07-15
0.96,-0.02,0.01045,600176,2493,2020-04-13,2018-12-11
0.96,-0.29,0.01045,600176,600872,2020-04-13,2020-04-03
0.96,0.31,0.01045,600176,601012,2020-04-13,2020-03-25
0.96,0.15,0.01045,600176,601012,2020-04-13,2020-04-02
0.96,0.04,0.01045,600176,601012,2020-04-13,2020-03-30
0.96,-0.12,0.01045,600176,601066,2020-04-13,2018-11-15
0.96,-0.01,0.01045,600176,601919,2020-04-13,2020-08-06
0.96,-0.31,0.01045,600176,603259,2020-04-13,2020-03-13
0.96,-0.31,0.01045,600176,603259,2020-04-13,2020-03-16
0.96,-0.2,0.01045,600176,603259,2020-04-13,2019-05-15
0.96,-0.15,0.01045,600176,603259,2020-04-13,2019-05-16
0.96,-0.06,0.01045,600176,603369,2020-04-13,2018-11-23
0.96,-0.35,0.01045,600176,603993,2020-04-13,2020-09-16
0.96,0.62,0.01045,600176,538,2020-04-13,2020-03-20
0.96,-0.44,0.01045,600176,625,2020-04-13,2020-08-07
0.96,0.09,0.01045,600176,661,2020-04-13,2020-03-20
0.96,0.1,0.01045,600176,708,2020-04-13,2019-05-30
0.96,-0.31,0.01045,600176,860,2020-04-13,2018-12-04
0.96,-0.05,0.01045,600176,2050,2020-04-13,2019-09-12
0.96,0.31,0.01045,600176,2241,2020-04-13,2020-03-20
0.96,0.21,0.01045,600176,2241,2020-04-13,2020-03-13
0.96,0.18,0.01045,600176,2241,2020-04-13,2020-03-18
0.96,-0.11,0.01045,600176,2271,2020-04-13,2020-03-30
0.96,-0.58,0.01045,600176,2271,2020-04-13,2020-04-01
0.96,0.45,0.01045,600176,2271,2020-04-13,2020-03-25
0.96,-0.13,0.01045,600176,2311,2020-04-13,2020-04-10
0.96,0.15,0.01045,600176,2311,2020-04-13,2020-04-22
0.96,-0.19,0.01045,600176,2460,2020-04-13,2019-09-19
0.96,-0.32,0.01045,600176,2460,2020-04-13,2020-09-23
0.96,-0.28,0.01045,600176,2460,2020-04-13,2019-09-18
0.96,-0.58,0.0111,2475,600872,2019-07-08,2020-04-03
0.96,-0.59,0.0111,2475,2812,2019-07-08,2019-10-09
0.96,-0.74,0.0111,2475,600872,2019-07-08,2020-04-08
0.96,-0.03,0.0111,2475,600887,2019-07-08,2018-12-13
0.96,-0.62,0.0111,2475,708,2019-07-08,2019-07-25
0.96,0.13,0.0111,2475,708,2019-07-08,2019-08-08
0.96,0.09,0.0111,2475,708,2019-07-08,2019-08-05
0.96,0.33,0.0111,2475,786,2019-07-08,2019-09-11
0.96,0.53,0.0111,2475,860,2019-07-08,2018-02-22
0.96,-0.54,0.0111,2475,895,2019-07-08,2019-12-18
0.96,-0.25,0.0111,2475,963,2019-07-08,2020-03-18
0.96,-0.44,0.0111,2475,963,2019-07-08,2020-03-16
0.96,0.4,0.0111,2475,2027,2019-07-08,2020-07-03
0.96,-0.09,0.0111,2475,2050,2019-07-08,2019-09-09
0.96,0.01,0.0111,2475,2129,2019-07-08,2018-10-23
0.96,0.47,0.0111,2475,2241,2019-07-08,2020-03-20
0.96,0.26,0.0111,2475,2241,2019-07-08,2020-03-13
0.96,-0.57,0.0111,2475,708,2019-07-08,2020-09-22
0.96,0.73,0.0111,2475,2241,2019-07-08,2019-06-03
0.96,-0.43,0.0111,2475,2241,2019-07-08,2020-04-13
0.96,0.3,0.0111,2475,2241,2019-07-08,2020-03-18
0.96,0.21,0.0111,2475,2241,2019-07-08,2019-05-17
0.96,-0.22,0.0111,2475,2414,2019-07-08,2018-11-08
0.96,-0.31,0.0111,2475,2414,2019-07-08,2018-11-09
0.96,-0.53,0.0111,2475,2414,2019-07-08,2020-03-19
0.96,-0.08,0.0111,2475,2414,2019-07-08,2018-10-29
0.96,-0.84,0.0111,2475,2460,2019-07-08,2019-10-15
0.96,-0.8,0.0111,2475,2460,2019-07-08,2019-10-14
0.96,-0.42,0.0111,2475,2460,2019-07-08,2019-10-23
0.96,-0.63,0.0111,2475,2463,2019-07-08,2019-05-27
0.96,-0.42,0.0111,2475,2463,2019-07-08,2019-05-10
0.96,-0.66,0.0111,2475,2463,2019-07-08,2019-05-28
0.96,0.91,0.0111,2475,2241,2019-07-08,2019-07-08
0.96,-0.37,0.0111,2475,661,2019-07-08,2020-03-20
0.96,0.07,0.0111,2475,661,2019-07-08,2020-03-03
0.96,-0.41,0.0111,2475,661,2019-07-08,2019-07-10
0.96,0.55,0.0111,2475,601012,2019-07-08,2020-03-25
0.96,-0.45,0.0111,2475,601012,2019-07-08,2020-05-18
0.96,-0.71,0.0111,2475,601100,2019-07-08,2020-09-18
0.96,0.21,0.0111,2475,601225,2019-07-08,2020-07-28
0.96,-0.25,0.0111,2475,601808,2019-07-08,2019-08-27
0.96,0.64,0.0111,2475,601808,2019-07-08,2019-07-22
0.96,-0.03,0.0111,2475,601808,2019-07-08,2019-08-28
0.96,0.6,0.0111,2475,601808,2019-07-08,2019-07-18
0.96,0.14,0.0111,2475,601808,2019-07-08,2019-08-30
0.96,0.21,0.0111,2475,601808,2019-07-08,2019-09-03
0.96,0.14,0.0111,2475,603160,2019-07-08,2018-12-28
0.96,-0.65,0.0111,2475,603259,2019-07-08,2020-03-16
0.96,-0.38,0.0111,2475,603288,2019-07-08,2019-02-18
0.96,-0.64,0.0111,2475,603501,2019-07-08,2019-09-26
0.96,-0.6,0.0111,2475,603501,2019-07-08,2019-10-09
0.96,-0.7,0.0111,2475,603501,2019-07-08,2019-09-27
0.96,0.01,0.0111,2475,603501,2019-07-08,2019-05-15
0.96,0.1,0.0111,2475,603501,2019-07-08,2019-05-16
0.96,0.43,0.0111,2475,603501,2019-07-08,2019-05-27
0.96,-0.73,0.0111,2475,603501,2019-07-08,2019-10-15
0.96,-0.18,0.0111,2475,603658,2019-07-08,2019-07-10
0.96,-0.09,0.0111,2475,603658,2019-07-08,2018-02-07
0.96,-0.63,0.0111,2475,603799,2019-07-08,2020-09-18
0.96,-0.31,0.0111,2475,688009,2019-07-08,2020-03-04
0.96,-0.64,0.0111,2475,100,2019-07-08,2019-10-23
0.96,-0.22,0.0111,2475,333,2019-07-08,2020-03-24
0.96,-0.25,0.0111,2475,333,2019-07-08,2020-03-23
0.96,-0.34,0.0111,2475,338,2019-07-08,2018-12-05
0.96,-0.46,0.0111,2475,625,2019-07-08,2020-08-04
0.96,0.56,0.0111,2475,600872,2019-07-08,2020-03-13
0.96,0.79,-0.01121,601857,625,2019-02-25,2018-01-12
0.96,0.25,0.01221,601108,300498,2018-12-11,2018-12-12
0.96,0.48,-0.01121,601857,601669,2019-02-25,2018-01-16
0.96,0.08,0.00964,601808,2463,2019-08-28,2019-05-24
0.96,0.25,0.00964,601808,2475,2019-08-28,2018-11-30
0.96,0.25,0.00964,601808,2475,2019-08-28,2018-12-03
0.96,-0.03,0.00964,601808,2475,2019-08-28,2019-07-08
0.96,0.25,0.00964,601808,2475,2019-08-28,2018-12-05
0.96,0.24,0.00964,601808,2475,2019-08-28,2018-12-04
0.96,-0.07,0.00964,601808,2555,2019-08-28,2019-09-19
0.96,0.0,0.00964,601808,2555,2019-08-28,2019-09-18
0.96,0.13,0.00964,601808,2555,2019-08-28,2019-09-11
0.96,-0.05,0.00964,601808,2555,2019-08-28,2019-09-20
0.96,0.17,0.00964,601808,2555,2019-08-28,2019-09-26
0.96,0.08,0.00964,601808,2602,2019-08-28,2019-10-15
0.96,0.39,0.00964,601808,2607,2019-08-28,2019-07-05
0.96,0.55,0.00964,601808,2463,2019-08-28,2019-05-10
0.96,0.56,0.00964,601808,2607,2019-08-28,2019-06-27
0.96,0.19,0.00964,601808,2812,2019-08-28,2019-10-09
0.96,-0.24,0.00964,601808,2812,2019-08-28,2019-08-29
0.96,0.31,0.00964,601808,2812,2019-08-28,2019-10-17
0.96,-0.29,0.00964,601808,2916,2019-08-28,2019-05-22
0.96,0.19,0.00964,601808,2916,2019-08-28,2019-05-07
0.96,-0.22,0.00964,601808,2916,2019-08-28,2019-05-24
0.96,0.15,0.00964,601808,300015,2019-08-28,2019-07-05
0.96,-0.22,0.00964,601808,300122,2019-08-28,2020-02-14
0.96,-0.2,0.00964,601808,300122,2019-08-28,2020-02-17
0.96,-0.28,0.00964,601808,300136,2019-08-28,2019-06-19
0.96,0.04,0.00964,601808,300142,2019-08-28,2020-02-27
0.96,-0.34,0.00964,601808,300142,2019-08-28,2020-02-10
0.96,0.06,0.00964,601808,300601,2019-08-28,2019-04-29
0.96,0.12,0.00964,601808,2812,2019-08-28,2019-09-09
0.96,0.91,0.0092,2352,600436,2020-06-02,2020-06-03
0.96,0.46,0.00964,601808,2460,2019-08-28,2019-10-23
0.96,0.25,0.00964,601808,2460,2019-08-28,2019-10-15
0.96,0.38,0.00964,601808,100,2019-08-28,2019-10-23
0.96,0.22,0.00964,601808,100,2019-08-28,2019-10-09
0.96,0.24,0.00964,601808,333,2019-08-28,2020-03-16
0.96,0.04,0.00964,601808,568,2019-08-28,2018-12-19
0.96,-0.23,0.00964,601808,568,2019-08-28,2018-12-11
0.96,0.16,0.00964,601808,568,2019-08-28,2020-08-21
0.96,0.1,0.00964,601808,596,2019-08-28,2018-11-29
0.96,-0.57,0.00964,601808,661,2019-08-28,2020-02-17
0.96,-0.18,0.00964,601808,661,2019-08-28,2019-07-10
0.96,0.61,0.00964,601808,661,2019-08-28,2019-07-03
0.96,0.45,0.00964,601808,708,2019-08-28,2019-08-05
0.96,0.52,0.00964,601808,786,2019-08-28,2019-08-26
0.96,-0.12,0.00964,601808,786,2019-08-28,2019-09-11
0.96,0.14,0.00964,601808,2460,2019-08-28,2019-10-14
0.96,0.34,0.00964,601808,858,2019-08-28,2018-11-28
0.96,0.1,0.00964,601808,895,2019-08-28,2019-12-09
0.96,0.53,0.00964,601808,963,2019-08-28,2018-01-09
0.96,0.17,0.00964,601808,963,2019-08-28,2018-01-12
0.96,0.16,0.00964,601808,2007,2019-08-28,2019-12-05
0.96,-0.15,0.00964,601808,2142,2019-08-28,2018-12-11
0.96,-0.36,0.00964,601808,2241,2019-08-28,2019-06-10
0.96,0.18,0.00964,601808,2241,2019-08-28,2020-03-13
0.96,-0.03,0.00964,601808,2241,2019-08-28,2019-07-08
0.96,0.15,0.00964,601808,2241,2019-08-28,2020-04-13
0.96,-0.45,0.00964,601808,2241,2019-08-28,2020-03-26
0.96,0.48,0.00964,601808,2304,2019-08-28,2020-08-20
0.96,0.57,0.00964,601808,2304,2019-08-28,2020-08-21
0.96,0.01,0.00964,601808,2460,2019-08-28,2020-08-26
0.96,0.06,0.00964,601808,895,2019-08-28,2019-12-10
0.96,0.24,0.00964,601808,100,2019-08-28,2019-09-30
0.96,0.89,0.0092,2352,600436,2020-06-02,2020-06-02
0.96,-0.91,0.0092,2352,600809,2020-06-02,2020-06-01
0.96,-0.71,0.01135,600600,600886,2020-04-03,2020-06-01
0.96,-0.67,0.01135,600600,600887,2020-04-03,2019-01-07
0.96,-0.55,0.01135,600600,600887,2020-04-03,2019-01-15
0.96,-0.82,0.01135,600600,600887,2020-04-03,2018-12-27
0.96,0.59,0.01135,600600,600900,2020-04-03,2019-05-09
0.96,0.26,0.01135,600600,601012,2020-04-03,2020-06-12
0.96,0.55,0.01135,600600,601012,2020-04-03,2020-06-10
0.96,-0.32,0.01135,600600,601100,2020-04-03,2018-12-11
0.96,-0.44,0.01135,600600,601100,2020-04-03,2018-12-06
0.96,-0.65,0.01135,600600,601155,2020-04-03,2018-12-14
0.96,-0.63,0.01135,600600,601318,2020-04-03,2018-12-24
0.96,-0.72,0.01135,600600,601318,2020-04-03,2019-01-04
0.96,-0.61,0.01135,600600,601633,2020-04-03,2020-06-19
0.96,-0.68,0.01135,600600,600809,2020-04-03,2019-07-30
0.96,-0.73,0.01135,600600,601919,2020-04-03,2020-05-27
0.96,0.73,0.01135,600600,603369,2020-04-03,2020-04-02
0.96,0.69,0.01135,600600,603369,2020-04-03,2018-12-14
0.96,-0.6,0.01135,600600,603501,2020-04-03,2019-06-14
0.96,-0.5,0.01135,600600,603501,2020-04-03,2019-06-19
0.96,0.44,0.01135,600600,603658,2020-04-03,2019-07-18
0.96,0.42,0.01135,600600,603833,2020-04-03,2018-12-25
0.96,0.74,0.01135,600600,100,2020-04-03,2018-12-10
0.96,-0.59,0.01135,600600,338,2020-04-03,2018-12-27
0.96,-0.5,0.01135,600600,338,2020-04-03,2018-12-20
0.96,-0.74,0.01135,600600,568,2020-04-03,2019-01-11
0.96,-0.68,0.01135,600600,568,2020-04-03,2019-01-02
0.96,-0.33,0.01135,600600,568,2020-04-03,2018-12-26
0.96,-0.51,0.01135,600600,568,2020-04-03,2018-12-27
0.96,0.86,0.01135,600600,603369,2020-04-03,2020-04-03
0.96,0.18,0.0092,2352,600763,2020-06-02,2019-01-28
0.96,0.23,0.01135,600600,600600,2020-04-03,2020-03-27
0.96,0.6,0.01135,600600,600547,2020-04-03,2019-05-20
0.96,0.62,0.0092,2352,603369,2020-06-02,2020-04-08
0.96,-0.81,0.0092,2352,568,2020-06-02,2020-06-02
0.96,-0.86,0.0092,2352,568,2020-06-02,2020-06-01
0.96,0.36,0.0092,2352,860,2020-06-02,2018-03-08
0.96,0.89,0.00721,600703,600703,2020-09-17,2020-09-18
0.96,0.82,0.01031,2938,600763,2019-05-29,2019-01-09
0.96,0.47,0.01031,2938,600809,2019-05-29,2020-05-06
0.96,0.45,0.01031,2938,600809,2019-05-29,2020-04-30
0.96,0.53,0.01031,2938,601919,2019-05-29,2020-06-17
0.96,0.6,0.01031,2938,858,2019-05-29,2020-05-08
0.96,0.77,0.01031,2938,858,2019-05-29,2019-01-15
0.96,0.35,0.01031,2938,2120,2019-05-29,2018-12-06
0.96,0.55,0.01031,2938,2352,2019-05-29,2020-05-12
0.96,0.51,0.01135,600600,600547,2020-04-03,2019-05-22
0.96,0.52,0.01031,2938,300015,2019-05-29,2020-03-20
0.96,0.37,0.01031,2938,300015,2019-05-29,2020-03-25
0.96,0.94,-0.00998,600068,600176,2019-02-27,2019-02-27
0.96,0.92,-0.00998,600068,600297,2019-02-27,2019-02-27
0.96,-0.93,-0.00998,600068,601155,2019-02-27,2019-05-09
0.96,0.89,-0.00998,600068,601198,2019-02-27,2019-02-27
0.96,0.98,-0.00998,600068,601216,2019-02-27,2019-02-27
0.96,0.75,0.0079,600872,600872,2019-04-01,2019-04-02
0.96,0.08,0.0079,600872,601633,2019-04-01,2020-11-30
0.96,-0.03,0.01135,600600,600177,2020-04-03,2018-12-26
0.96,-0.18,0.01135,600600,600276,2020-04-03,2019-07-22
0.96,-0.65,0.01135,600600,600519,2020-04-03,2018-12-27
0.96,0.7,0.01135,600600,600519,2020-04-03,2020-04-09
0.96,0.57,0.01135,600600,600547,2020-04-03,2019-05-17
0.96,0.36,0.01031,2938,300015,2019-05-29,2020-03-26
0.96,-0.2,0.00964,601808,1,2019-08-28,2020-07-24
0.96,-0.33,0.00964,601808,688009,2019-08-28,2020-03-04
0.96,0.07,0.00964,601808,603799,2019-08-28,2020-09-18
0.96,0.01,-0.0107,600115,300498,2018-05-21,2020-08-04
0.96,-0.04,-0.0107,600115,300498,2018-05-21,2020-08-03
0.96,0.26,-0.00993,2601,601390,2018-01-25,2019-03-07
0.96,0.16,-0.00993,2601,300498,2018-01-25,2020-07-23
0.96,0.5,-0.00976,2673,601989,2018-02-23,2018-02-23
0.96,0.14,-0.00976,2673,783,2018-02-23,2018-03-01
0.96,0.4,0.01033,600845,600547,2019-05-28,2019-05-22
0.96,0.64,0.01033,600845,601012,2019-05-28,2020-06-10
0.96,0.16,0.01033,600845,601012,2019-05-28,2020-06-05
0.96,-0.33,0.01033,600845,603501,2019-05-28,2019-05-29
0.96,-0.27,0.01033,600845,603501,2019-05-28,2019-05-27
0.96,-0.41,0.01033,600845,603501,2019-05-28,2019-05-30
0.96,0.07,0.01033,600845,603658,2019-05-28,2019-07-18
0.96,0.02,-0.0107,600115,300498,2018-05-21,2020-08-05
0.96,-0.1,0.01033,600845,333,2019-05-28,2020-04-17
0.96,0.66,0.01033,600845,568,2019-05-28,2020-09-18
0.96,0.78,0.01033,600845,568,2019-05-28,2020-09-22
0.96,-0.59,0.01033,600845,568,2019-05-28,2020-07-28
0.96,0.73,0.01033,600845,2460,2019-05-28,2020-09-23
0.96,0.6,0.01033,600845,2463,2019-05-28,2019-05-27
0.96,0.56,0.01033,600845,2475,2019-05-28,2019-10-08
0.96,-0.25,0.01033,600845,2555,2019-05-28,2019-10-23
0.96,-0.57,0.01033,600845,2607,2019-05-28,2020-02-07
0.96,-0.24,0.01033,600845,300124,2019-05-28,2020-03-30
0.96,0.46,0.01033,600845,300676,2019-05-28,2020-03-24
0.96,0.72,0.01033,600845,300676,2019-05-28,2020-03-18
0.96,0.21,0.00791,776,600109,2020-04-21,2020-04-21
0.96,0.59,0.00791,776,601169,2020-04-21,2020-04-21
0.96,0.72,0.01033,600845,568,2019-05-28,2020-09-21
0.96,0.41,0.00791,776,166,2020-04-21,2020-04-20
0.96,0.8,-0.0107,600115,600600,2018-05-21,2018-06-28
0.96,-0.21,0.0087,300433,300122,2020-03-11,2020-04-02
0.96,-0.85,0.00783,603195,300413,2020-09-16,2019-07-29
0.96,0.03,0.01061,2311,600036,2020-05-18,2020-08-14
0.96,0.06,0.01061,2311,601100,2020-05-18,2018-12-11
0.96,0.01,0.01061,2311,601155,2020-05-18,2018-12-14
0.96,0.16,0.01061,2311,601231,2020-05-18,2018-12-13
0.96,-0.31,0.01061,2311,603986,2020-05-18,2018-12-13
0.96,-0.1,0.01061,2311,671,2020-05-18,2018-12-12
0.96,0.08,0.01061,2311,2271,2020-05-18,2018-12-11
0.96,0.27,0.01061,2311,2384,2020-05-18,2019-06-05
0.96,0.21,0.01061,2311,2414,2020-05-18,2019-11-19
0.96,0.92,-0.00077,2202,2202,2019-01-10,2019-01-11
0.96,0.88,-0.00838,600795,601390,2019-03-06,2019-03-06
0.96,0.74,-0.00941,601766,601766,2020-02-18,2020-02-19
0.96,0.42,0.0087,300433,300628,2020-03-11,2018-11-08
0.96,-0.55,-0.00616,333,2024,2019-11-18,2019-11-18
0.96,-0.59,0.0087,300433,600118,2020-03-11,2018-11-15
0.96,-0.51,0.0087,300433,600118,2020-03-11,2018-11-16
0.96,-0.3,0.0087,300433,600346,2020-03-11,2019-05-21
0.96,-0.54,0.0087,300433,600519,2020-03-11,2020-09-10
0.96,-0.04,0.0087,300433,600893,2020-03-11,2020-04-14
0.96,-0.19,0.0087,300433,601888,2020-03-11,2020-03-06
0.96,0.0,0.0087,300433,338,2020-03-11,2018-11-01
0.96,0.57,0.0087,300433,338,2020-03-11,2018-10-18
0.96,-0.34,0.0087,300433,938,2020-03-11,2019-10-24
0.96,-0.33,0.0087,300433,938,2020-03-11,2019-10-25
0.96,-0.33,0.0087,300433,2311,2020-03-11,2020-04-10
0.96,-0.04,0.0087,300433,2414,2020-03-11,2019-10-23
0.96,0.52,0.0087,300433,2594,2020-03-11,2020-03-11
0.96,-0.54,0.0087,300433,600031,2020-03-11,2018-10-31
0.96,0.49,0.00791,776,2146,2020-04-21,2020-04-21
0.96,0.1,0.00791,776,2958,2020-04-21,2020-04-22
0.96,0.42,0.00791,776,2958,2020-04-21,2020-04-21
0.96,0.58,0.00992,2050,2916,2020-04-03,2019-06-20
0.96,0.53,0.00992,2050,2916,2020-04-03,2019-06-25
0.96,-0.14,0.00992,2050,300015,2020-04-03,2020-03-17
0.96,0.41,0.00992,2050,300122,2020-04-03,2018-02-09
0.96,0.2,0.00992,2050,300413,2020-04-03,2019-11-05
0.96,0.22,0.00964,601808,600031,2019-08-28,2018-11-28
0.96,0.22,0.00964,601808,600031,2019-08-28,2018-11-30
0.96,-0.11,0.00964,601808,600519,2019-08-28,2018-11-13
0.96,-0.15,0.00964,601808,600519,2019-08-28,2020-02-18
0.96,0.7,0.00964,601808,600585,2019-08-28,2018-12-05
0.96,0.56,0.00964,601808,600600,2019-08-28,2020-03-17
0.96,0.4,0.00964,601808,600600,2019-08-28,2020-03-13
0.96,0.02,0.00964,601808,600660,2019-08-28,2020-05-25
0.96,-0.11,0.00992,2050,2916,2020-04-03,2019-06-14
0.96,-0.3,0.00964,601808,600763,2019-08-28,2020-03-03
0.96,-0.5,0.00964,601808,600809,2019-08-28,2020-05-12
0.96,-0.17,0.00964,601808,600809,2019-08-28,2020-02-18
0.96,0.31,0.00964,601808,600872,2019-08-28,2020-04-17
0.96,-0.07,0.00964,601808,600872,2019-08-28,2020-03-25
0.96,0.29,0.00964,601808,600887,2019-08-28,2018-12-03
0.96,-0.01,0.00964,601808,601012,2019-08-28,2020-05-18
0.96,0.12,0.00964,601808,601012,2019-08-28,2020-04-27
0.96,0.11,0.00964,601808,601225,2019-08-28,2020-07-16
0.96,-0.44,0.00964,601808,603160,2019-08-28,2018-12-28
0.96,0.33,0.00964,601808,603288,2019-08-28,2020-04-28
0.96,0.61,0.00964,601808,603658,2019-08-28,2019-07-05
0.96,-0.05,0.00964,601808,603658,2019-08-28,2019-06-24
0.96,0.57,0.00964,601808,603658,2019-08-28,2018-01-30
0.96,-0.16,0.00964,601808,600763,2019-08-28,2020-02-25
0.96,-0.19,0.00992,2050,2463,2020-04-03,2019-06-13
0.96,0.6,0.00992,2050,2422,2020-04-03,2018-12-27
0.96,-0.19,0.00992,2050,2230,2020-04-03,2018-12-04
0.96,0.76,0.00899,600436,601628,2018-03-02,2018-12-06
0.96,-0.54,0.00899,600436,2475,2018-03-02,2020-04-17
0.96,-0.53,0.00899,600436,2475,2018-03-02,2020-04-16
0.96,-0.2,0.00899,600436,2600,2018-03-02,2018-12-12
0.96,0.17,0.00899,600436,300433,2018-03-02,2020-04-17
0.96,0.67,-0.00648,601229,600795,2019-10-25,2019-10-25
0.96,0.52,-0.00648,601229,601288,2019-10-25,2019-10-25
0.96,0.33,0.00992,2050,600547,2020-04-03,2019-05-31
0.96,-0.08,0.00992,2050,600600,2020-04-03,2020-04-14
0.96,0.37,0.00992,2050,600600,2020-04-03,2020-04-08
0.96,0.13,0.00992,2050,600600,2020-04-03,2020-04-10
0.96,0.5,0.00992,2050,600600,2020-04-03,2020-04-02
0.96,0.49,0.00992,2050,600600,2020-04-03,2020-04-01
0.96,-0.19,0.00992,2050,600887,2020-04-03,2019-01-15
0.96,0.22,0.00992,2050,600900,2020-04-03,2019-05-08
0.96,-0.4,0.00992,2050,601100,2020-04-03,2018-12-11
0.96,-0.41,0.00992,2050,601318,2020-04-03,2019-01-10
0.96,-0.13,0.00992,2050,601919,2020-04-03,2020-06-08
0.96,0.15,0.00992,2050,603288,2020-04-03,2019-03-05
0.96,-0.02,0.00992,2050,603288,2020-04-03,2019-03-06
0.96,-0.08,0.00992,2050,603501,2020-04-03,2019-06-14
0.96,-0.01,0.00992,2050,603833,2020-04-03,2018-12-25
0.96,-0.32,0.00992,2050,338,2020-04-03,2018-12-27
0.96,-0.3,0.00992,2050,568,2020-04-03,2019-01-11
0.96,0.38,0.00992,2050,661,2020-04-03,2020-04-08
0.96,0.23,0.00992,2050,860,2020-04-03,2018-12-20
0.96,0.22,0.00992,2050,860,2020-04-03,2018-12-21
0.96,0.24,0.00992,2050,2142,2020-04-03,2018-12-26
0.96,0.24,0.00992,2050,2179,2020-04-03,2019-06-05
0.96,-0.76,0.01135,600600,596,2020-04-03,2019-01-08
0.96,0.78,0.01135,600600,661,2020-04-03,2020-04-08
0.96,-0.31,0.0092,2352,603160,2020-06-02,2019-05-24
0.96,-0.64,0.00871,2415,596,2020-09-07,2020-03-12
0.96,-0.07,-0.01139,603833,600025,2018-05-14,2019-12-04
0.96,0.73,-0.01139,603833,600196,2018-05-14,2018-05-14
0.96,-0.06,-0.01139,603833,600489,2018-05-14,2019-08-06
0.96,0.19,-0.01139,603833,600919,2018-05-14,2019-12-18
0.96,-0.11,-0.01139,603833,600919,2018-05-14,2019-12-05
0.96,0.52,-0.01139,603833,601077,2018-05-14,2019-12-12
0.96,0.61,-0.01139,603833,601077,2018-05-14,2019-12-11
0.96,0.31,0.01209,603501,977,2018-12-11,2018-12-06
0.96,0.45,-0.01139,603833,601077,2018-05-14,2019-12-13
0.96,-0.17,-0.01139,603833,601398,2018-05-14,2019-12-10
0.96,-0.28,-0.01139,603833,601398,2018-05-14,2019-12-12
0.96,0.81,0.01209,603501,603501,2018-12-11,2018-12-14
0.96,0.57,-0.01139,603833,300676,2018-05-14,2018-04-13
0.96,0.5,-0.01139,603833,601669,2018-05-14,2018-01-17
0.96,-0.46,-0.01139,603833,601669,2018-05-14,2018-03-01
0.96,0.61,-0.01139,603833,601669,2018-05-14,2018-01-16
0.96,0.33,-0.01139,603833,601198,2018-05-14,2018-05-14
0.96,0.34,0.01209,603501,600176,2018-12-11,2020-05-06
0.96,-0.13,-0.01139,603833,600025,2018-05-14,2019-12-06
0.96,0.62,-0.01139,603833,600015,2018-05-14,2019-12-12
0.96,0.16,0.00871,2415,600036,2020-09-07,2020-09-14
0.96,0.61,0.01209,603501,600233,2018-12-11,2018-11-13
0.96,0.82,0.01209,603501,876,2018-12-11,2019-12-10
0.96,-0.01,0.00871,2415,600309,2020-09-07,2020-09-08
0.96,-0.07,-0.01139,603833,625,2018-05-14,2018-04-20
0.96,0.73,0.01209,603501,600233,2018-12-11,2018-11-14
0.96,0.71,0.01209,603501,876,2018-12-11,2019-12-13
0.96,0.83,0.01209,603501,876,2018-12-11,2019-12-09
0.96,-0.68,-0.01053,600066,601108,2018-07-18,2018-03-29
0.96,-0.7,-0.01053,600066,601108,2018-07-18,2018-03-23
0.96,-0.42,-0.01053,600066,600489,2018-07-18,2019-08-06
0.96,-0.81,-0.01139,603833,600000,2018-05-14,2018-02-07
0.96,-0.18,-0.01053,600066,600436,2018-07-18,2018-07-20
0.96,0.79,0.01209,603501,600183,2018-12-11,2019-05-28
0.96,-0.55,-0.01053,600066,600340,2018-07-18,2020-07-13
0.96,-0.03,-0.01139,603833,600011,2018-05-14,2019-12-16
0.96,0.82,0.01209,603501,300529,2018-12-11,2018-12-13
0.96,0.03,-0.01139,603833,3816,2018-05-14,2019-12-11
0.96,0.94,0.00551,600690,600690,2019-07-17,2019-07-18
0.96,-0.53,-0.01139,603833,601669,2018-05-14,2018-02-06
0.96,-0.89,0.01209,603501,300124,2018-12-11,2020-04-27
0.96,0.63,-0.01139,603833,2508,2018-05-14,2018-05-07
0.96,-0.58,0.01209,603501,2493,2018-12-11,2020-04-23
0.96,0.88,-0.01139,603833,601857,2018-05-14,2019-03-06
0.96,0.83,0.01209,603501,2475,2018-12-11,2018-12-04
0.96,-0.42,-0.01139,603833,601939,2018-05-14,2019-12-12
0.96,-0.36,-0.01139,603833,601939,2018-05-14,2019-12-06
0.96,-0.38,-0.01139,603833,601939,2018-05-14,2019-12-09
0.96,0.7,0.01209,603501,2241,2018-12-11,2018-12-07
0.96,0.81,0.01209,603501,2475,2018-12-11,2018-12-05
0.96,0.49,-0.01139,603833,2027,2018-05-14,2018-07-16
0.96,-0.35,-0.01139,603833,725,2018-05-14,2018-02-23
0.96,-0.53,-0.01139,603833,725,2018-05-14,2018-02-13
0.96,0.79,0.01209,603501,2463,2018-12-11,2018-11-28
0.96,0.63,-0.01139,603833,603993,2018-05-14,2018-05-03
0.96,0.04,0.01209,603501,2271,2018-12-11,2020-04-17
0.96,0.17,0.01209,603501,2271,2018-12-11,2020-04-28
0.96,0.18,-0.01139,603833,2236,2018-05-14,2018-06-21
0.96,0.78,0.01209,603501,2120,2018-12-11,2018-11-13
0.96,0.66,0.01209,603501,2624,2018-12-11,2019-09-16
0.96,0.38,-0.01139,603833,2508,2018-05-14,2018-05-17
0.96,-0.61,-0.01139,603833,601857,2018-05-14,2020-02-07
0.96,-0.66,0.01209,603501,300122,2018-12-11,2020-01-16
0.96,-0.85,0.01209,603501,300122,2018-12-11,2019-10-29
0.96,0.77,-0.01139,603833,2602,2018-05-14,2020-08-19
0.96,0.54,0.01209,603501,300059,2018-12-11,2020-04-13
0.96,0.39,0.01209,603501,300059,2018-12-11,2020-04-14
0.96,0.3,-0.01139,603833,2600,2018-05-14,2018-04-25
0.96,0.32,0.01209,603501,977,2018-12-11,2018-12-07
0.96,0.36,0.01209,603501,1979,2018-12-11,2018-11-28
0.96,0.71,0.01209,603501,2938,2018-12-11,2018-12-05
0.96,0.65,0.01209,603501,2916,2018-12-11,2018-11-20
0.96,0.74,0.01209,603501,2916,2018-12-11,2018-11-14
0.96,0.66,0.01209,603501,2916,2018-12-11,2018-11-19
0.96,-0.75,-0.01139,603833,601857,2018-05-14,2020-01-23
0.96,0.64,-0.01139,603833,2558,2018-05-14,2018-02-27
0.96,0.34,0.01209,603501,2050,2018-12-11,2019-10-23
0.96,-0.03,0.01209,603501,2821,2018-12-11,2018-01-05
0.96,-0.38,0.01209,603501,300124,2018-12-11,2020-08-13
0.96,-0.88,0.01135,600600,661,2020-04-03,2019-07-30
0.96,0.07,-0.01139,603833,725,2018-05-14,2018-02-28
0.96,0.21,0.01209,603501,600570,2018-12-11,2018-11-28
0.96,0.18,0.01135,600600,2812,2020-04-03,2019-10-21
0.96,0.62,0.01209,603501,601231,2018-12-11,2018-11-30
0.96,0.56,0.01209,603501,601231,2018-12-11,2018-12-04
0.96,-0.92,-0.01121,601857,600998,2019-02-25,2019-03-12
0.96,0.29,0.01135,600600,2714,2020-04-03,2019-01-02
0.96,0.61,-0.01121,601857,600809,2019-02-25,2018-05-31
0.96,-0.63,-0.01053,600066,625,2018-07-18,2018-01-18
0.96,0.2,0.01209,603501,651,2018-12-11,2018-11-12
0.96,0.48,-0.01053,600066,723,2018-07-18,2018-01-03
0.96,-0.73,0.01209,603501,600436,2018-12-11,2020-02-10
0.96,-0.66,0.01135,600600,2714,2020-04-03,2018-12-19
0.96,0.04,-0.01053,600066,2024,2018-07-18,2020-11-03
0.96,-0.43,0.01209,603501,66,2018-12-11,2018-12-11
0.96,-0.5,-0.01053,600066,2602,2018-07-18,2020-07-24
0.96,0.42,-0.01053,600066,2673,2018-07-18,2018-03-09
0.96,-0.17,0.01135,600600,2463,2020-04-03,2019-06-13
0.96,0.74,0.01209,603501,688008,2018-12-11,2018-12-14
0.96,-0.24,0.01209,603501,601888,2018-12-11,2020-04-15
0.96,-0.3,0.01135,600600,2142,2020-04-03,2018-12-26
0.96,-0.37,-0.01121,601857,600011,2019-02-25,2019-11-21
0.96,-0.24,0.01209,603501,601555,2018-12-11,2020-04-14
0.96,0.07,0.01135,600600,2230,2020-04-03,2018-12-04
0.96,0.94,-0.007,776,601555,2018-01-16,2018-01-15
0.96,0.61,0.01209,603501,601216,2018-12-11,2018-12-05
0.96,0.73,0.01135,600600,2304,2020-04-03,2020-04-13
0.96,-0.54,0.01135,600600,2410,2020-04-03,2020-03-27
0.96,0.31,0.01135,600600,2410,2020-04-03,2020-04-08
0.96,0.0,0.01135,600600,2422,2020-04-03,2019-01-02
0.96,0.89,-0.007,776,600837,2018-01-16,2018-01-17
0.96,-0.43,-0.01053,600066,300136,2018-07-18,2020-09-28
0.96,0.18,0.01135,600600,2422,2020-04-03,2018-12-27
0.96,-0.06,0.01135,600600,2027,2020-04-03,2020-04-02
0.96,-0.67,0.01135,600600,2007,2020-04-03,2019-12-31
0.96,0.38,0.01135,600600,2812,2020-04-03,2019-10-17
0.96,0.41,-0.01053,600066,538,2018-07-18,2018-05-31
0.96,-0.75,0.01135,600600,300015,2020-04-03,2018-01-31
0.96,-0.62,0.01135,600600,300015,2020-04-03,2020-03-25
0.96,-0.61,0.01135,600600,300015,2020-04-03,2020-03-17
0.96,0.62,0.01135,600600,300122,2020-04-03,2018-02-06
0.96,-0.36,0.01135,600600,300413,2020-04-03,2020-03-30
0.96,0.43,0.01135,600600,661,2020-04-03,2020-04-15
0.96,0.43,0.01135,600600,963,2020-04-03,2020-04-13
0.96,-0.49,0.01135,600600,300433,2020-04-03,2019-07-24
0.96,0.31,0.01209,603501,600848,2018-12-11,2018-12-14
0.96,-0.02,-0.01053,600066,601669,2018-07-18,2018-03-01
0.96,-0.4,0.01135,600600,300433,2020-04-03,2019-07-16
0.96,0.5,0.01209,603501,600848,2018-12-11,2018-12-17
0.96,-0.26,-0.01053,600066,601633,2018-07-18,2018-05-10
0.96,0.43,0.01135,600600,300601,2020-04-03,2018-01-31
0.96,-0.43,0.01209,603501,786,2018-12-11,2020-04-27
0.96,-0.25,0.01135,600600,786,2020-04-03,2019-09-23
0.96,0.23,0.01209,603501,600887,2018-12-11,2020-04-14
0.96,0.77,-0.01121,601857,601669,2019-02-25,2018-01-09
0.96,0.82,0.01135,600600,2916,2020-04-03,2019-06-20
0.96,0.56,0.01135,600600,2916,2020-04-03,2019-06-25
0.96,-0.78,0.01209,603501,601155,2018-12-11,2019-07-25
0.96,0.22,0.01135,600600,2938,2020-04-03,2020-03-12
0.96,0.44,-0.01121,601857,601669,2019-02-25,2018-01-17
0.96,0.44,0.01209,603501,601155,2018-12-11,2018-12-05
0.96,-0.37,0.01209,603501,601888,2018-12-11,2020-04-13
0.96,0.82,0.01135,600600,858,2020-04-03,2020-04-03
0.96,-0.32,-0.01121,601857,600011,2019-02-25,2019-11-20
0.96,0.12,0.01135,600600,2938,2020-04-03,2020-03-13
0.96,-0.02,0.01209,603501,661,2018-12-11,2018-12-06
0.96,0.07,0.01209,603501,768,2018-12-11,2018-12-07
0.96,-0.69,0.01135,600600,300015,2020-04-03,2020-03-20
0.96,-0.49,0.01135,600600,300015,2020-04-03,2020-03-26
0.97,-0.61,0.00899,600436,600745,2018-03-02,2019-07-04
0.97,0.78,0.01209,603501,688008,2018-12-11,2018-12-13
0.97,0.98,-0.00646,601211,600837,2018-01-17,2018-01-17
0.97,0.11,0.00992,2050,603501,2020-04-03,2019-06-19
0.97,-0.36,0.01113,600346,600183,2020-05-08,2019-06-03
0.97,0.64,0.01209,603501,688008,2018-12-11,2018-12-11
0.97,0.05,0.01113,600346,601888,2020-05-08,2020-04-02
0.97,0.75,0.00891,2555,601012,2019-08-16,2020-03-25
0.97,0.56,0.00992,2050,600600,2020-04-03,2020-04-03
0.97,-0.07,0.01209,603501,938,2018-12-11,2018-12-11
0.97,-0.59,0.01209,603501,786,2018-12-11,2020-04-29
0.97,0.29,0.00992,2050,600570,2020-04-03,2020-04-01
0.97,0.53,0.00992,2050,600570,2020-04-03,2020-04-07
0.97,-0.52,0.01113,600346,603259,2020-05-08,2020-04-08
0.97,-0.42,0.01113,600346,300014,2020-05-08,2020-04-02
0.97,0.97,0.00792,600705,600061,2018-11-20,2018-11-20
0.97,0.93,0.00792,600705,600362,2018-11-20,2018-11-21
0.97,0.93,0.00792,600705,600390,2018-11-20,2018-11-20
0.97,0.8,0.00941,2460,600600,2020-07-30,2020-02-07
0.97,0.94,0.00792,600705,601377,2018-11-20,2018-11-21
0.97,-0.42,0.01113,600346,601100,2020-05-08,2018-11-20
0.97,0.73,0.00891,2555,601012,2019-08-16,2020-03-30
0.97,-0.54,0.01113,600346,601100,2020-05-08,2018-11-21
0.97,0.27,0.00941,2460,661,2020-07-30,2018-11-21
0.97,-0.01,0.01113,600346,600660,2020-05-08,2020-05-11
0.97,0.35,0.01113,600346,600346,2020-05-08,2020-05-06
0.97,0.62,0.00948,600519,858,2020-02-21,2020-02-21
0.97,0.87,0.01127,596,601919,2019-01-08,2020-05-27
0.97,0.67,-0.01132,601229,601077,2019-12-13,2019-12-17
0.97,-0.48,0.01127,596,300601,2019-01-08,2018-02-28
0.97,-0.55,0.01127,596,300601,2019-01-08,2018-02-27
0.97,0.7,-0.01053,600066,601933,2018-07-18,2019-08-16
0.97,0.71,0.01127,596,300015,2019-01-08,2020-03-20
0.97,-0.16,-0.01053,600066,601878,2018-07-18,2018-03-28
0.97,0.32,0.0087,300433,2157,2020-03-11,2018-11-09
0.97,-0.29,0.01063,300015,596,2020-04-08,2019-01-16
0.97,-0.34,0.01127,596,2916,2019-01-08,2018-12-11
0.97,-0.51,0.01127,596,2916,2019-01-08,2018-12-07
0.97,-0.29,0.01127,596,2916,2019-01-08,2018-12-12
0.97,-0.36,0.01063,300015,2241,2020-04-08,2020-05-22
0.97,-0.11,0.01127,596,2916,2019-01-08,2019-07-03
0.97,0.66,-0.01053,600066,601360,2018-07-18,2018-03-08
0.97,0.62,0.0087,300433,300433,2020-03-11,2020-03-09
0.97,-0.25,0.01127,596,2916,2019-01-08,2018-12-13
0.97,-0.15,0.01063,300015,2594,2020-04-08,2020-08-20
0.97,-0.27,0.01063,300015,596,2020-04-08,2019-01-18
0.97,-0.19,0.01221,601108,601108,2018-12-11,2018-12-13
0.97,0.96,0.00783,603195,603195,2020-09-16,2020-09-17
0.97,-0.01,-0.01121,601857,625,2019-02-25,2018-04-10
0.97,0.28,0.01221,601108,300059,2018-12-11,2020-04-13
0.97,0.26,0.01221,601108,2241,2018-12-11,2018-12-07
0.97,0.09,0.01221,601108,783,2018-12-11,2020-04-15
0.97,-0.32,-0.01121,601857,600011,2019-02-25,2019-11-22
0.97,0.66,0.01221,601108,600588,2018-12-11,2018-12-11
0.97,0.72,-0.01121,601857,300498,2019-02-25,2020-07-09
0.97,0.19,0.01061,2311,2414,2020-05-18,2019-11-15
0.97,0.22,0.01221,601108,603501,2018-12-11,2018-12-11
0.97,0.36,0.01221,601108,601990,2018-12-11,2018-12-10
0.97,0.43,0.01221,601108,601878,2018-12-11,2018-12-07
0.97,-0.0,0.01221,601108,601555,2018-12-11,2020-04-14
0.97,-0.24,0.01063,300015,601633,2020-04-08,2020-06-19
0.97,0.19,-0.007,776,2673,2018-01-16,2018-01-16
0.97,0.72,0.01127,596,2594,2019-01-08,2020-08-19
0.97,0.72,0.01127,596,2594,2019-01-08,2020-08-17
0.97,0.73,-0.0107,600115,600115,2018-05-21,2018-05-23
0.97,0.73,0.01127,596,600309,2019-01-08,2020-05-20
0.97,-0.15,0.01209,603501,300033,2018-12-11,2018-12-11
0.97,0.7,0.01033,600845,2463,2019-05-28,2019-05-28
0.97,0.51,-0.01187,601211,425,2018-04-09,2018-07-26
0.97,0.26,-0.01187,601211,600999,2018-04-09,2018-04-04
0.97,0.48,0.01209,603501,2607,2018-12-11,2018-11-28
0.97,0.95,-0.01049,600015,600016,2018-04-09,2018-04-09
0.97,0.32,0.01033,600845,2916,2019-05-28,2019-05-28
0.97,0.61,0.01033,600845,300676,2019-05-28,2020-03-20
0.97,0.93,0.00714,2371,2129,2019-11-26,2019-11-26
0.97,0.2,-0.01132,601229,601998,2019-12-13,2019-12-12
0.97,0.82,0.01209,603501,2475,2018-12-11,2018-12-03
0.97,0.44,-0.01132,601229,601600,2019-12-13,2019-12-13
0.97,0.87,0.01209,603501,2475,2018-12-11,2018-11-30
0.97,0.47,0.01209,603501,2607,2018-12-11,2018-11-29
0.97,0.28,0.01033,600845,333,2019-05-28,2020-04-13
0.97,0.78,0.00755,601607,601607,2020-05-20,2020-05-19
0.97,0.8,0.01127,596,601633,2019-01-08,2020-06-19
0.97,0.59,0.01127,596,2475,2019-01-08,2019-08-15
0.97,-0.02,0.01127,596,2463,2019-01-08,2018-12-10
0.97,-0.06,0.01063,300015,2594,2020-04-08,2020-08-19
0.97,0.87,-0.00993,2601,2601,2018-01-25,2018-01-26
0.97,-0.09,-0.01053,600066,600436,2018-07-18,2018-07-19
0.97,-0.08,-0.00976,2673,601766,2018-02-23,2018-03-08
0.97,0.86,0.01127,596,568,2019-01-08,2019-01-11
0.97,0.24,-0.00814,625,600362,2018-07-19,2018-07-19
0.97,-0.63,0.01033,600845,600436,2019-05-28,2018-01-31
0.97,-0.7,0.01033,600845,600436,2019-05-28,2018-02-01
0.97,0.83,0.01127,596,603501,2019-01-08,2019-06-19
0.97,0.22,0.01033,600845,600519,2019-05-28,2018-12-20
0.97,0.52,0.01033,600845,600547,2019-05-28,2019-05-17
0.97,0.9,0.01127,596,601919,2019-01-08,2020-06-01
0.97,0.4,0.01033,600845,600547,2019-05-28,2019-05-20
0.97,0.01,-0.01132,601229,600010,2019-12-13,2019-12-13
0.97,-0.68,0.0111,2475,300676,2019-07-08,2020-03-11
0.97,0.54,0.00964,601808,600519,2019-08-28,2018-12-05
0.97,-0.62,0.0111,2475,300413,2019-07-08,2019-09-30
0.97,-0.7,-0.01139,603833,600011,2018-05-14,2019-12-04
0.97,0.1,-0.01162,600029,600919,2019-12-24,2019-12-25
0.97,-0.4,-0.01139,603833,600011,2018-05-14,2019-12-11
0.97,-0.17,0.01045,600176,2050,2020-04-13,2019-09-23
0.97,-0.39,0.00964,601808,300142,2019-08-28,2020-02-14
0.97,0.48,0.01045,600176,858,2020-04-13,2020-03-23
0.97,-0.75,0.00871,2415,300124,2020-09-07,2020-03-11
0.97,0.72,0.00871,2415,2415,2020-09-07,2020-09-09
0.97,0.52,-0.01162,600029,601111,2019-12-24,2019-12-25
0.97,0.94,-0.01121,601857,601857,2019-02-25,2019-02-27
0.97,-0.1,-0.01162,600029,601857,2019-12-24,2019-12-24
0.97,-0.06,-0.01162,600029,601916,2019-12-24,2019-12-24
0.97,0.8,0.0092,2352,2352,2020-06-02,2020-06-04
0.97,-0.22,0.01045,600176,601888,2020-04-13,2020-03-16
0.97,-0.44,0.01135,600600,300433,2020-04-03,2019-07-23
0.97,-0.02,-0.01162,600029,600795,2019-12-24,2019-12-23
0.97,0.71,-0.00853,600036,601398,2019-12-12,2019-12-12
0.97,0.69,-0.01162,600029,600362,2019-12-24,2019-12-23
0.97,0.84,-0.00802,688012,688012,2018-10-15,2018-10-12
0.97,0.62,0.0111,2475,600600,2019-07-08,2020-03-19
0.97,-0.55,0.0111,2475,600547,2019-07-08,2019-05-08
0.97,-0.33,0.00964,601808,2157,2019-08-28,2018-09-07
0.97,-0.44,0.0111,2475,600519,2019-07-08,2018-12-05
0.97,-0.44,0.01014,601899,600309,2020-09-16,2018-12-13
0.97,0.36,0.0111,2475,600519,2019-07-08,2020-03-16
0.97,0.08,0.0111,2475,600436,2019-07-08,2020-03-11
0.97,0.02,0.00964,601808,2241,2019-08-28,2019-06-03
0.97,0.73,-0.01139,603833,601857,2018-05-14,2019-03-15
0.97,0.12,-0.01139,603833,601669,2018-05-14,2018-01-24
0.97,-0.33,-0.01139,603833,601669,2018-05-14,2018-01-31
0.97,0.87,-0.01139,603833,601633,2018-05-14,2018-05-10
0.97,-0.39,0.01045,600176,300124,2020-04-13,2020-03-30
0.97,0.84,-0.00802,688012,601607,2018-10-15,2018-10-16
0.97,0.84,-0.00802,688012,688012,2018-10-15,2018-10-16
0.97,-0.34,-0.01162,600029,600015,2019-12-24,2019-12-25
0.97,0.27,0.0111,2475,600600,2019-07-08,2020-03-17
0.97,0.72,-0.00853,600036,601601,2019-12-12,2019-12-13
0.97,0.92,-0.00665,600606,600383,2018-01-25,2018-01-25
0.97,-0.49,0.01052,2371,300059,2018-12-10,2020-04-13
0.97,-0.81,0.01023,600809,600436,2020-06-01,2020-06-01
0.97,0.84,-0.00694,601390,600271,2019-04-12,2019-04-12
0.97,-0.42,0.01135,600600,603288,2020-04-03,2019-03-05
0.97,-0.54,0.01135,600600,603288,2020-04-03,2019-03-06
0.97,0.56,0.01135,600600,2050,2020-04-03,2020-04-03
0.97,-0.42,0.00948,600519,2607,2020-02-21,2019-12-27
0.97,-0.08,0.00948,600519,600519,2020-02-21,2020-02-18
0.97,-0.61,0.01135,600600,603501,2020-04-03,2019-06-10
0.97,0.48,0.01135,600600,2050,2020-04-03,2020-04-02
0.97,0.22,0.01135,600600,603658,2020-04-03,2019-07-22
0.97,-0.39,0.00948,600519,600763,2020-02-21,2020-02-25
0.97,-0.05,0.00948,600519,601012,2020-02-21,2020-04-27
0.97,-0.4,0.01135,600600,860,2020-04-03,2018-12-26
0.97,-0.47,0.00948,600519,876,2020-02-21,2018-09-12
0.97,-0.66,0.01052,2371,300059,2018-12-10,2020-04-14
0.97,0.44,0.01045,600176,600436,2020-04-13,2020-03-25
0.97,-0.66,0.01023,600809,601012,2020-06-01,2020-06-02
0.97,-0.45,0.01135,600600,2555,2020-04-03,2019-10-29
0.97,-0.08,0.01052,2371,601155,2018-12-10,2018-12-14
0.97,0.63,0.008,2024,651,2018-11-27,2018-11-26
0.97,-0.37,0.01135,600600,300003,2020-04-03,2018-01-26
0.97,0.24,0.01052,2371,601788,2018-12-10,2020-04-13
0.97,0.79,0.008,2024,601555,2018-11-27,2018-11-27
0.97,0.31,0.01094,2600,300059,2019-06-17,2020-04-13
0.97,0.4,0.01052,2371,603019,2018-12-10,2018-12-12
0.97,-0.18,0.01052,2371,603369,2018-12-10,2018-12-14
0.97,-0.01,0.01094,2600,2032,2019-06-17,2020-04-17
0.97,-0.54,0.01052,2371,783,2018-12-10,2020-04-13
0.97,0.57,0.01135,600600,600600,2020-04-03,2020-04-10
0.97,-0.38,0.01135,600600,600809,2020-04-03,2020-04-10
0.97,-0.43,0.01135,600600,600809,2020-04-03,2020-04-13
0.97,-0.36,0.01135,600600,2607,2020-04-03,2019-07-24
0.97,0.68,0.01052,2371,895,2018-12-10,2019-07-24
0.97,0.58,0.01135,600600,600900,2020-04-03,2019-05-08
0.97,-0.13,0.0111,2475,600600,2019-07-08,2020-03-13
0.97,-0.12,0.01014,601899,601155,2020-09-16,2019-08-21
0.97,-0.54,0.0111,2475,600763,2019-07-08,2020-04-14
0.97,0.64,0.0111,2475,2142,2019-07-08,2018-12-11
0.97,0.06,0.00878,300498,600660,2018-11-15,2020-04-21
0.97,-0.11,0.00964,601808,600763,2019-08-28,2020-02-21
0.97,-0.63,0.00964,601808,600809,2019-08-28,2020-03-02
0.97,0.14,0.00964,601808,600809,2019-08-28,2020-03-16
0.97,0.71,0.0111,2475,860,2019-07-08,2018-02-08
0.97,0.74,0.0111,2475,858,2019-07-08,2020-03-23
0.97,0.34,0.0111,2475,2241,2019-07-08,2019-06-13
0.97,0.75,0.01209,603501,600176,2018-12-11,2020-05-12
0.97,-0.29,0.0111,2475,600763,2019-07-08,2020-04-17
0.97,-0.57,0.0111,2475,661,2019-07-08,2020-03-11
0.97,-0.37,0.0111,2475,661,2019-07-08,2020-03-10
0.97,0.65,0.00964,601808,601808,2019-08-28,2019-08-30
0.97,0.83,-0.01139,603833,2508,2018-05-14,2018-05-11
0.97,0.7,-0.01139,603833,2508,2018-05-14,2018-05-08
0.97,-0.61,0.0111,2475,688009,2019-07-08,2020-03-16
0.97,-0.55,0.0111,2475,708,2019-07-08,2020-09-21
0.97,-0.23,0.0111,2475,603658,2019-07-08,2019-07-05
0.97,0.64,0.0111,2475,2241,2019-07-08,2019-06-10
0.97,0.52,-0.00642,601766,601186,2020-08-13,2020-08-13
0.97,0.06,0.00992,2050,860,2020-04-03,2018-12-26
0.97,0.39,0.01209,603501,603019,2018-12-11,2018-12-12
0.97,0.04,0.00992,2050,2129,2020-04-03,2020-04-07
0.97,-0.48,0.0111,2475,300015,2019-07-08,2019-07-05
0.97,-0.61,0.00941,2460,2475,2020-07-30,2018-11-20
0.97,-0.15,0.0111,2475,2916,2019-07-08,2019-05-24
0.97,0.21,0.00992,2050,2410,2020-04-03,2020-04-08
0.97,-0.35,0.00964,601808,600600,2019-08-28,2020-03-02
0.97,-0.07,0.0111,2475,2916,2019-07-08,2019-05-22
0.97,-0.74,0.00941,2460,2607,2020-07-30,2018-11-19
0.97,-0.15,0.0111,2475,2607,2019-07-08,2019-07-05
0.97,-0.65,0.0111,2475,2493,2019-07-08,2020-09-24
0.97,-0.62,0.0111,2475,2463,2019-07-08,2019-05-24
0.97,-0.24,0.0111,2475,2460,2019-07-08,2020-09-10
0.97,0.22,0.01209,603501,601108,2018-12-11,2018-12-11
0.97,-0.22,0.0111,2475,2414,2019-07-08,2018-11-02
0.97,0.21,0.00992,2050,2422,2020-04-03,2019-01-02
0.97,0.27,-0.01139,603833,625,2018-05-14,2018-04-27
0.97,0.96,0.00783,603195,603195,2020-09-16,2020-09-15
0.97,0.84,-0.01139,603833,601857,2018-05-14,2019-03-11
0.97,-0.72,0.0111,2475,601100,2019-07-08,2020-09-16
0.97,-0.18,0.00964,601808,860,2019-08-28,2018-02-08
0.97,0.3,0.00878,300498,300014,2018-11-15,2018-11-16
0.97,-0.06,0.00964,601808,860,2019-08-28,2018-02-01
0.97,0.55,-0.00682,600989,600989,2019-07-05,2019-07-04
0.97,0.34,0.00964,601808,963,2019-08-28,2018-01-11
0.97,0.71,-0.01016,2812,2812,2018-03-15,2018-03-16
0.97,0.38,-0.01139,603833,625,2018-05-14,2018-05-02
0.97,0.29,0.0111,2475,600872,2019-07-08,2020-03-25
0.97,-0.15,0.01014,601899,600036,2020-09-16,2018-12-13
0.97,-0.59,0.00878,300498,2594,2018-11-15,2020-07-15
0.97,0.57,-0.01139,603833,601998,2018-05-14,2019-12-12
0.97,0.73,0.0111,2475,601633,2019-07-08,2020-08-13
0.97,0.39,0.00964,601808,338,2019-08-28,2018-12-05
0.97,0.16,0.0111,2475,600809,2019-07-08,2020-03-16
0.97,0.65,-0.01139,603833,603833,2018-05-14,2018-05-08
0.97,-0.45,0.01014,601899,600309,2020-09-16,2018-12-11
0.97,0.45,0.00964,601808,963,2019-08-28,2018-01-10
0.98,0.25,-0.01139,603833,600919,2018-05-14,2019-12-11
0.98,0.08,0.00992,2050,300122,2020-04-03,2018-02-06
0.98,0.95,0.00941,2460,2460,2020-07-30,2020-07-29
0.98,0.31,0.01135,600600,860,2020-04-03,2018-12-20
0.98,0.85,-0.01049,600015,600015,2018-04-09,2018-04-04
0.98,0.93,-0.007,776,601555,2018-01-16,2018-01-16
0.98,0.71,0.00746,596,596,2018-01-25,2018-01-24
0.98,0.18,0.01221,601108,300059,2018-12-11,2020-04-14
0.98,0.16,0.01135,600600,860,2020-04-03,2018-12-21
0.98,0.73,-0.01187,601211,728,2018-04-09,2018-04-09
0.98,-0.46,0.01113,600346,600183,2020-05-08,2019-05-30
0.98,-0.38,0.00948,600519,600763,2020-02-21,2020-02-21
0.98,0.05,0.01221,601108,603019,2018-12-11,2018-12-12
0.98,0.79,-0.00694,601390,600068,2019-04-12,2019-04-12
0.98,0.86,-0.0107,600115,600115,2018-05-21,2018-05-22
0.98,0.83,0.00878,300498,300498,2018-11-15,2018-11-14
0.98,0.94,0.00899,600436,600436,2018-03-02,2018-03-01
0.98,0.88,-0.0107,600115,600029,2018-05-21,2018-05-18
0.98,0.94,-0.0107,600115,601111,2018-05-21,2018-05-21
0.98,0.46,-0.01162,600029,601077,2019-12-24,2019-12-24
0.98,0.42,-0.01162,600029,3816,2019-12-24,2019-12-24
0.98,0.8,0.00964,601808,601808,2019-08-28,2019-08-27
0.98,0.52,-0.01132,601229,601077,2019-12-13,2019-12-13
0.98,0.79,-0.01139,603833,603833,2018-05-14,2018-05-17
0.98,0.67,-0.01132,601229,601577,2019-12-13,2019-12-13
0.98,0.69,0.00792,600705,601555,2018-11-20,2018-11-20
0.98,0.32,-0.01162,600029,600919,2019-12-24,2019-12-24
0.98,-0.73,0.01033,600845,600519,2019-05-28,2020-03-25
0.98,0.45,0.0111,2475,858,2019-07-08,2020-03-16
0.98,0.3,0.01127,596,300015,2019-01-08,2020-03-26
0.98,0.88,0.01127,596,596,2019-01-08,2019-01-04
0.98,0.4,0.01127,596,300015,2019-01-08,2020-03-25
0.98,-0.54,0.0087,300433,723,2020-03-11,2018-12-17
0.98,-0.35,-0.01132,601229,601916,2019-12-13,2019-12-13
0.98,0.53,0.00878,300498,600809,2018-11-15,2020-09-14
0.98,0.63,-0.00976,2673,2673,2018-02-23,2018-02-22
0.98,0.8,0.01135,600600,600600,2020-04-03,2020-04-08
0.98,0.39,-0.01132,601229,601939,2019-12-13,2019-12-13
0.98,0.74,0.01135,600600,600600,2020-04-03,2020-04-01
0.98,0.57,0.01221,601108,601066,2018-12-11,2018-12-11
0.98,0.4,-0.01162,600029,600606,2019-12-24,2019-12-24
0.98,0.68,-0.01139,603833,2600,2018-05-14,2018-05-03
0.99,0.39,0.01221,601108,938,2018-12-11,2018-12-11
0.99,0.69,0.00992,2050,2050,2020-04-03,2020-04-02
0.99,0.89,0.01135,600600,600600,2020-04-03,2020-04-02
