gainian,stock_index,stock_name,list
美团概念,5,5,600755||300245||977||2439||300251
钛白粉,7,7,545||629||2386||2145||2140||2136||2601
IPv6,8,8,938||600498||63||600198||600050||2396||2268||16
人脑工程,8,8,600211||600624||600855||2362||300244||300238||300003||300030
全息技术,9,9,600363||600260||600288||50||988||300167||2308||2189||2414
3D摄像头,9,9,2036||2475||2189||2273||2456||300400||603005||603501||2962
医废处理,9,9,826||2672||601199||2483||300055||300266||603588||2973||300815
HIT电池,10,10,600546||2129||2610||601012||300118||2079||600438||603396||300724||300751
阿兹海默,10,10,766||600227||600789||756||2020||2082||2262||2513||2693||2773
食品安全,10,10,2030||530||300165||300271||300012||300260||300469||2637||2967||688068
纳米银,11,11,823||600135||300057||2149||2456||2389||300209||300331||2652||2761||300131
乳业,11,11,600419||600597||600429||600887||2570||300106||2719||2770||2732||2910||2946
超导概念,11,11,600468||600595||600203||600522||600973||600770||600105||2130||2149||2498||688122
转基因,12,12,600371||600596||600597||600755||2041||600796||713||600313||2100||300087||998||2385
在线旅游,12,12,600138||796||888||2033||600640||524||300144||601888||300005||300178||2707||600088
青蒿素,12,12,600216||600267||600422||600196||600062||600332||593||2437||2001||2821||2923||603880
京东金融,13,13,600590||600606||890||728||555||2065||2437||2301||300311||601169||300300||600919||300663
医疗美容,13,13,963||600223||908||718||2004||300015||2345||2612||300255||688366||2900||300238||688363
中超概念,13,13,600158||600606||839||600287||720||600018||652||600881||625||2395||2461||300162||600340
参股360,13,13,600606||839||917||600807||600153||2409||2445||2489||300015||2516||2555||300360||601360
Facebook,13,13,600242||2174||2241||300051||2586||300058||300052||300038||300031||2635||600804||300467||300602
油价相关,13,13,822||600029||600221||600028||600115||600688||985||554||600777||601857||601111||601808||2629
赛马概念,14,14,600158||600168||600361||821||592||600533||600692||600684||735||600398||600777||2264||600555||2596
海工装备,14,14,600583||600150||852||600320||39||600685||600072||2483||601800||601808||2445||601989||300065||300810
氟化工,14,14,600160||600277||426||732||600636||2012||2407||2326||2915||603379||601678||300037||2442||300343
超级真菌,15,15,790||600267||600613||600276||600521||600513||600789||600664||600332||597||518||2581||300267||2755||2923
消毒剂,15,15,818||819||915||600409||2002||523||635||2223||601678||2584||600141||300109||300343||300422||300801
超级电容,16,16,600110||9||600563||600237||723||600773||2091||2480||2389||300037||300068||2484||300174||603989||603993||2012
水利建设,16,16,600283||600116||600502||600068||2060||2205||601669||2457||2532||2131||2271||2266||2586||300021||603969||300490
油改概念,16,16,600175||600256||703||554||96||600339||600856||2094||637||600871||2207||601028||300121||601678||2629||2492
云游戏,16,16,600640||2174||2425||2343||2602||300264||300288||300148||600804||300043||300113||2555||300356||300472||300494||300459
WiFi,17,17,938||600050||2023||2396||2296||2369||300136||300099||300327||603118||300458||300563||300504||603083||300719||603068||688018
共享经济,17,17,17||936||600818||800||600679||600754||572||2298||601777||2285||601258||2105||2590||300198||2605||300317||603776
进口博览,17,17,600822||600826||600597||600278||600115||600648||600628||600630||2024||2183||600655||2401||2640||603777||601828||600637||603648
降解塑料,17,17,930||600486||600267||600143||2019||2408||300325||2256||2263||300221||300281||300343||2735||300586||2831||2886||300717
UWB概念,17,17,948||600501||600131||725||2298||2065||2383||601231||300184||300050||300177||300275||300322||300024||300448||300678||2869
MiniLED,17,17,600703||100||300269||2654||300303||2587||300219||2579||2449||300232||300241||300296||2429||300102||300162||300323||300389
数字孪生,17,17,2230||2410||2573||2178||300161||34||601668||300045||300020||2421||603859||300440||300556||603895||662||300466||300025
胎压监测,18,18,2593||2073||2405||300014||2666||300304||2079||603197||603023||300507||603266||300445||2766||2906||688208||300643||300667||603390
白酒,18,18,600809||799||600197||600199||600519||600702||600559||858||860||568||600779||596||2304||2646||603198||603369||603589||603919
光刻胶,19,19,300032||300031||300236||2326||2584||300331||300346||300521||300398||300537||2741||300429||300538||300623||300576||603078||300655||300721||688037
租售同权,19,19,27||600604||600606||600895||2||11||732||90||560||600848||671||600048||300295||2280||2285||2377||2305||2713||56
可燃冰,20,20,600583||852||39||600378||554||600871||300191||2207||601168||2140||2221||2278||601808||2353||300084||2554||300309||300517||603727||603699
万达概念,20,20,600187||897||600708||600073||717||600981||2024||559||600104||600845||620||631||600884||601390||2437||600705||2516||300336||2329||601968
超级品牌,21,21,600600||2594||895||600690||423||600519||600085||858||100||600305||568||600104||651||600887||2304||2216||2507||538||603288||333||603515
传感器,21,21,2011||988||300114||2241||300259||300007||300323||300112||2079||300354||603005||603197||300507||300417||300445||603986||603160||603501||300701||688208||603662
通用航空,21,21,600523||600893||768||600029||738||600990||2023||600316||99||601111||601727||2111||2146||300135||2253||2297||2542||600038||600862||600705||601021
海洋经济,21,21,600467||600097||798||600428||600320||39||600026||600798||601866||2086||300094||2483||601872||300065||2320||2069||601808||601890||601919||2447||2639
分拆预期,21,21,967||600535||600196||600739||600073||2004||630||601727||300269||2152||601777||300070||2149||2171||16||2117||300003||300043||2488||2717||603987
快递概念,21,21,600119||600125||600057||600233||2024||973||600787||2183||2468||2120||2210||300240||2352||2312||603128||300350||2800||603056||601598||2376||300771
VPN,22,22,971||2238||2467||2268||2212||300175||601789||2439||300297||600804||300311||600602||300352||300383||300369||2757||300494||603019||300768||300454||688158||688030
远程办公,22,22,600588||2230||2236||2467||2123||300051||2474||2301||300287||300081||300074||600804||300250||300352||603660||2841||603039||300578||300605||300628||688111||688369
口罩,23,23,955||600527||999||78||650||652||2614||2362||2221||2280||2223||2382||2351||2341||2503||300030||600400||2838||603601||603880||603301||688026||2950
生物疫苗,23,23,600812||600216||600572||600267||600195||600201||2038||600739||600079||2007||600332||600851||661||300318||2680||2581||300122||2688||2727||603718||300601||2880||300142
流感,23,23,600812||600572||600222||600380||600789||600557||600566||600664||999||2007||2022||2030||600332||661||300026||2422||2317||600673||2603||300147||2349||2737||300434
无线充电,23,23,32||2594||63||600690||49||600699||600330||2217||2056||2475||2138||2055||2590||300207||300136||2635||300083||2577||300327||300322||300461||2861||603595
精准医疗,23,23,2044||710||2022||2030||513||2172||2086||2550||2118||300016||2642||2390||300244||300216||600645||300009||300122||300109||300151||300300||300558||300598||300685
滨海新区,23,23,965||600488||537||600821||836||897||600751||415||600800||600082||600322||600329||600335||600787||695||652||600874||300026||2337||2129||2134||600225||300375
增强现实,24,24,836||2036||600745||600345||638||300223||2189||2273||2450||300098||2253||601231||300076||2681||300005||2632||300020||300296||300074||300148||300331||300367||2699||603005
数字中国,24,24,997||555||2093||2230||2396||2279||300096||300051||300036||2368||300075||2474||300297||300188||300047||300212||300579||603383||300465||603636||300525||300560||300605||2908
独家药品,25,25,600211||600594||756||600080||999||600976||2019||600329||601607||600867||650||300181||300158||2219||2287||300204||300039||2603||2424||300122||2675||538||300357||2728||688278
蓝宝石,25,25,600172||600468||2049||600703||859||600237||600666||969||988||600330||413||2189||2273||300285||2199||2129||2617||300032||2559||300029||2388||300323||300316||300433||603595
社保重仓,26,26,600486||600138||600426||2044||600797||600858||2614||2454||2368||2507||2343||300003||2341||600872||2701||2539||300357||300577||2301||661||600529||2626||2250||2078||300274||603599
北京冬奥,26,26,923||600158||600358||786||600258||600266||600137||802||600376||2035||601588||600008||600729||600851||600859||638||2186||300055||2105||300005||2658||300137||600086||600715||2083||2721
透明工厂,27,27,600172||600448||600352||600203||600387||600410||300165||2126||2347||2184||2335||2334||2380||300275||2658||300126||600400||300378||300270||2349||300358||300370||300466||601127||300514||300687||300735
广电,27,27,600373||810||600831||839||917||600088||600037||600640||600637||156||665||2238||601098||2519||300079||300264||300211||601929||300182||2052||600959||300555||600936||600996||603721||300710||300770
触摸屏,27,27,600360||823||600584||2045||50||12||600563||727||636||2056||2273||2119||2055||2289||2456||300282||2106||300120||300256||300088||2559||600460||300083||603160||300545||2845||600552
富士康,28,28,600207||727||2217||2600||2241||601137||2681||300227||2388||2341||2429||300400||300537||603929||2845||300567||2861||603626||300476||300632||300503||2885||603595||2903||2913||300731||2916||603890
上海自贸,29,29,600284||600895||600822||600826||600278||600119||600689||600009||600708||600639||600648||600650||600651||600663||600676||600626||600630||600018||600836||600848||2183||603128||603009||600637||603648||603329||603535||2210||603068
量子通信,29,29,600468||600260||839||600487||600120||600522||600973||988||543||555||600764||600770||600776||600105||2281||2222||2115||2126||2224||2089||2369||2335||2498||300008||300297||300112||603703||603660||603019
电子竞技,30,30,600358||58||601588||600652||600633||2024||2027||558||600880||300104||300144||2174||2143||2280||2558||2624||300052||2354||300027||2447||300315||300113||2517||2539||300336||603258||600637||300494||2356||2602
知识产权,30,30,600818||600831||600757||681||607||300229||2235||300079||300183||300182||300188||300356||300386||603999||300579||601858||936||2073||300042||300006||603000||2712||300449||603383||300364||603888||601949||603533||603607||300781
冷链物流,30,30,811||600597||39||600113||600125||600708||735||600650||600410||600981||2024||600787||529||530||2086||2158||300257||2352||2533||417||600336||2639||603006||2220||603339||2732||603882||601228||603187||688398
生态农业,30,30,930||600543||830||893||600075||601||667||505||2215||2061||2234||2170||2157||2470||2604||2588||939||2538||2569||2509||902||2513||2539||300335||300381||300387||2746||2910||603739||2582
航母概念,31,31,600372||600590||600150||600893||600435||768||600178||600184||600391||600019||600118||600685||600072||738||2013||600990||600482||600316||99||600764||600765||2167||2314||2151||300065||601890||601989||2318||300101||600456||300527
免疫治疗,32,32,600572||600196||600521||600682||2038||2019||2030||600568||600851||504||300181||300318||2191||300016||2173||300272||600645||300009||300238||300273||2675||2605||516||300147||806||300485||300601||300247||300630||688278||688068||688266
甘肃,33,33,600307||791||600543||779||600192||600108||600687||600516||600738||600354||995||600720||981||600311||552||691||672||2185||601798||2219||2145||300084||300021||929||2644||603999||601086||603169||300534||601212||2772||603919||2910
北斗导航,33,33,58||600435||600480||600118||600476||600990||2003||670||600879||2151||2446||300036||2383||2405||2413||300101||300013||2465||300177||300045||2052||300053||300456||2766||2813||2829||300581||300590||300627||2935||600775||2191||688066
无线耳机,34,34,600366||2036||2045||600083||2475||2241||2369||2681||300115||2351||300207||2655||300136||300014||2635||2577||2079||300438||300461||603986||300493||300562||2861||603626||603330||300787||603501||300661||2888||603283||603068||2938||300793||300802
黄金概念,34,34,587||600612||600531||600489||600547||600459||600490||600807||600711||600891||600988||975||600311||600766||601899||408||409||506||2155||600655||2237||600086||2345||603993||2716||2721||601069||601212||601969||600362||2167||2731||601020||2867
单抗概念,35,35,600812||28||600211||600216||790||600267||600535||600826||600196||600380||600276||600521||2038||2007||2022||601607||513||2275||300016||2680||2294||2399||600645||300009||300006||2603||2653||566||2349||603456||300558||2773||300142||603590||688266
页岩气,35,35,932||600509||2490||2053||852||600378||600231||883||600157||600777||600106||601798||300191||2207||2221||2278||300332||2353||300084||2318||2478||300164||300228||2476||300023||939||2535||2554||300309||300157||722||603699||2828||300471||603800
乡村振兴,35,35,816||830||600598||600108||2041||48||600737||600354||713||735||600313||300159||2215||2321||601118||2170||300140||2556||300022||2588||300021||998||300275||2385||300137||601038||2714||2717||603789||300498||601952||2890||600359||300091||300778
基因测序,36,36,600594||600682||2044||710||2030||600329||600867||513||2086||300171||2118||300016||666||2642||300244||300216||600645||300009||300314||300289||2584||300306||300109||300151||300254||300436||300463||603118||603718||300558||300451||603882||300639||300642||300676||603259
边缘计算,36,36,63||897||2313||2415||300183||300017||300370||603322||300496||851||711||971||300213||300175||977||300339||300353||300504||300638||603803||300687||2421||300212||300493||300514||300161||300360||300682||300757||300025||2169||300020||300166||2929||688088||688080
智慧政务,36,36,600756||600797||600410||600718||662||2298||2279||300271||2065||300096||2268||2368||300075||300010||2474||2528||300287||300020||300074||300188||603000||600602||300047||2316||300352||300379||300369||603918||300469||603189||603636||300525||300578||603232||300605||300730
人造肉,36,36,600535||600598||600196||600227||600127||2041||600701||713||600300||989||570||600778||504||505||518||2550||2582||300239||2515||2303||600645||2385||300314||600095||603777||516||300109||300247||2220||2702||2505||603020||603222||300741||600180||2481
送转预期,37,37,600515||553||600859||2602||300068||2309||300209||603599||603518||2796||603939||601021||300472||603367||300510||603035||300587||603833||603037||603811||300699||603903||603096||603180||300583||300500||603136||603801||300625||603535||603508||603595||603076||2896||2929||300741||300750
PCB,37,37,823||600601||600183||2217||2544||2591||2288||2436||2463||2636||2579||300227||2384||300252||2134||2618||2815||603328||300476||300537||2741||603936||300410||300657||603228||300576||603920||2866||688138||603386||2913||2916||300739||2938||688300||688199||688299
油气设服,37,37,600583||2490||852||600207||600378||600803||600248||600333||407||600871||2267||601798||300191||2207||2443||601139||2221||2278||601808||2353||300084||2478||300164||300228||300023||2629||2535||2554||300309||300157||2639||300370||600917||300471||600739||2828||600968
迪士尼,37,37,600170||600611||600818||600284||600895||600827||600448||600278||600115||600692||600754||600009||600732||600741||600639||600650||600662||600663||600676||600628||600630||600834||600836||600848||2161||2243||600655||2615||2605||300329||300330||2329||2699||601021||600637||2162||600675
小金属,38,38,960||962||600367||60||600259||839||600390||600111||600112||600459||600549||737||697||970||600331||600338||611||2125||657||2167||2114||2155||601958||2182||2149||2203||2340||2428||2378||300208||600058||603399||600456||603993||2842||603799||300618||300748
海绵城市,38,38,600168||600283||600502||600068||68||600100||601158||2457||2532||2372||2443||2062||300203||2131||300284||300262||2271||2310||300075||2586||2658||300197||2619||300145||300198||600326||2694||601368||600512||2596||300355||2775||300425||603007||300422||300388||300483||300564
无人机,38,38,600523||600435||600596||600118||600677||697||2013||600316||1696||600846||2097||300213||600879||2298||2526||2111||2254||2076||2664||2170||300185||2361||2389||2415||300044||300091||2352||300177||2577||603766||300367||300581||2260||603970||300496||603508||300691||2933
沪企改革,41,41,600604||600611||600612||600097||600819||600895||600822||600824||600825||600826||600597||600621||600622||600272||600278||600119||600692||600754||600741||600073||600649||600650||600662||600676||600626||600629||600630||600636||600833||600104||600018||600836||600843||600848||601607||601727||2561||600635||300330||600602||600675
稀土永磁,41,41,600362||600366||600259||831||600478||600206||600111||600392||425||758||600549||600010||727||600980||969||970||600330||636||601600||2600||2056||2057||2240||300127||300224||300340||795||300748||2002||600416||993||612||2167||601908||2497||2378||300066||603701||300631||300706||2943
网红直播,42,42,600358||600229||600652||882||600576||600633||2103||300104||2494||300144||2467||2127||2292||300059||601519||300288||300017||300133||300113||300251||2517||2555||300467||300431||300418||300518||300413||2188||793||2024||676||2291||300063||2515||2503||300336||300300||603598||2878||603721||300740||300805
铁路基建,43,43,920||600169||600820||600528||600808||600458||600592||600125||8||600967||600495||600973||976||300213||601333||2122||601002||2248||2161||2152||601390||601766||2583||601186||601006||2296||2282||2271||300011||2480||300200||300001||2459||600243||300351||300455||603969||300440||603508||300594||2972||688015||601816
二胎概念,43,43,600527||600419||600429||915||600551||600398||600351||600763||656||300149||2570||300106||2308||300318||2292||2511||300086||2575||2431||2648||300314||2571||2678||300043||300160||2502||300329||300359||2348||2329||2719||2762||300703||603630||2875||2862||2872||2770||603398||603557||603214||300791||688089
工业互联,43,43,600172||600588||600031||410||600845||300213||2158||300124||2065||2184||300098||2296||2232||2364||300007||300276||600166||300170||300166||300349||2316||300378||300024||300383||300370||300353||603100||2747||603083||300687||2925||601138||300757||2334||300682||300180||2169||300031||688078||688159||688218||688080||688023
化工原料,43,43,600532||600160||600216||600486||818||59||600309||600096||600470||792||600426||830||600596||600618||600423||600352||600226||600227||600389||912||600281||600409||422||600078||600230||731||698||600319||683||2217||2274||2407||2395||601678||2648||600141||2805||2001||2741||300641||603980||2971||688268
券商概念,44,44,600999||600369||601377||601901||601688||601788||2500||776||783||600621||600030||600109||600061||728||750||2673||601555||600837||686||600864||601099||300059||2670||600705||600909||601198||600958||2797||2736||601878||601881||601375||166||601162||2926||601211||601108||601990||601066||2939||2945||600155||600390||601236
粤港自贸,45,45,600162||14||23||29||600894||600428||600548||39||600185||600004||600684||11||12||600325||2016||88||90||96||600868||651||659||507||523||524||529||2060||2314||2583||2233||6||25||2431||429||2187||2492||2717||601228||2774||300635||603535||1979||1872||2949||2181||300778
石墨烯,46,46,600175||600503||600516||600522||600805||9||600732||723||532||600482||565||413||600773||600869||600884||510||677||2092||2386||300128||2443||2450||2630||300233||300035||300134||2106||601877||2471||2340||2604||601011||300088||300068||300207||2319||2631||2484||2622||603555||300317||300409||603618||603133||2886||601028
3D打印,47,47,928||600466||837||600114||600980||969||988||600765||2168||2526||2375||2420||2450||2347||2182||300285||300161||635||300054||2540||2529||300221||2545||300004||300227||2355||300034||2376||300177||2339||300220||300210||300331||300043||300337||300345||2348||600456||2008||300024||2698||2721||300521||2730||2808||2751||688333
皖江区域,47,47,600218||600496||600577||600585||600761||600012||600255||600470||600808||600418||850||600575||600375||600520||600063||600551||859||868||600237||713||600444||600990||2018||600983||600318||543||153||619||630||521||2298||2230||2057||2140||2347||2208||2136||2147||2171||300087||2361||300088||2331||417||300009||601801||600567
新零售,47,47,600600||61||600821||600824||600827||600280||600122||756||759||600712||600738||882||600628||600697||2024||600327||600723||600398||600335||564||681||600774||600838||600858||501||679||601116||2561||2251||2264||601933||2336||417||600814||603777||2697||2488||300441||603101||603708||300755||2153||300128||785||2612||2780||300378
工业大麻,48,48,600572||600800||2118||601515||2565||806||2750||990||813||600356||600156||600664||677||603896||600096||837||600203||2390||300267||2923||300110||766||300194||38||600422||600805||600232||600963||650||523||2172||300199||2166||2198||2215||2224||300175||2592||2355||2303||2424||300138||300237||2370||300430||603998||300487||603716
长株潭,49,49,932||819||590||600479||799||600416||600458||600031||600478||900||600390||908||917||600127||428||419||600744||600961||600476||738||702||600963||600975||989||157||2097||2125||639||430||2261||2412||2113||2155||2397||2251||600731||2297||300035||600599||998||2277||300015||600156||600257||548||2096||600969||300358||300490
网络安全,49,49,600271||600701||600410||600718||66||158||300077||2195||2308||2396||300229||2583||300079||2268||34||2212||300010||300324||977||2439||300287||300297||2491||300188||300333||300311||300546||300017||300352||300379||300369||300386||300579||2771||603019||300603||300659||603232||300588||547||2912||300454||601360||603029||300799||300768||688168||688030||688023
美丽中国,50,50,925||600165||600168||600499||826||592||2672||600133||581||600265||600526||40||600187||600189||600475||915||600283||600292||600692||600502||600481||600008||600566||600075||2034||600649||711||2011||2015||600461||600323||544||551||600330||685||600100||598||663||600868||2534||652||600874||601158||2060||601199||300172||300072||300152||2457||300156
风能,50,50,922||600163||600505||816||600590||600605||791||600268||767||600416||600458||836||600517||600290||600112||600089||600011||600550||862||875||600540||720||600653||883||993||600629||2009||600483||970||539||543||600396||600765||690||600863||2176||600875||507||601727||300095||2060||2272||2239||2080||2122||2130||601558||601766||2226||2202
预盈预增,50,50,600810||600812||600496||600508||811||600580||600585||600586||600588||600590||600761||600307||600096||600136||62||600256||600260||600262||600426||600458||600466||600031||600623||600425||600352||600487||600507||600195||600227||600376||600380||600277||600282||600288||600126||600129||600131||600689||600481||600970||600516||600803||600057||600702||600711||600558||600559||600083||600231||600236
预亏预减,50,50,600505||600259||600896||600418||600178||600898||600462||600026||300104||300165||601872||300140||300187||300087||300248||300105||300228||300033||300141||300314||300083||300333||300299||600312||300118||300251||300160||300405||300355||300362||300479||601069||300552||603258||300412||300543||300565||300682||300647||300643||300702||600366||2157||600241||2196||600517||300095||300318||601008||300219
网络游戏,50,50,600532||600173||600138||600892||835||600198||600226||892||917||600110||600797||600714||600652||701||600576||600633||600634||971||982||600100||600880||503||676||2168||2526||300089||2113||2174||2231||2425||2263||300051||2291||2292||300028||300076||2445||2464||2558||300242||2602||2624||2564||300052||2354||300031||300264||977||300027||300288
独角兽,50,50,27||600371||935||936||810||600571||600577||600606||600535||600893||600895||793||600825||600418||600422||600466||829||836||848||600187||600462||600196||600207||600208||600226||600380||600386||600689||600755||46||600549||600728||600070||600082||600476||600229||882||532||993||997||2026||2029||989||555||600335||600770||685||156||600848||600865
雄安新区,50,50,923||958||959||600170||937||826||600606||600135||786||62||600266||600149||600533||778||39||40||600480||889||600376||600751||2049||12||600008||600550||856||709||711||600155||600963||600997||600482||600717||687||158||601633||401||413||605||600846||599||600||600874||2090||2350||2410||300152||2457||2494||2108||2279
超清视频,50,50,810||63||600831||2036||50||600050||600060||600728||725||100||600636||156||600845||2230||2600||2222||2238||300223||2189||2273||2236||300079||2405||2456||2373||2415||300232||300296||300182||300327||300017||300166||603660||603986||600936||300458||603990||2841||300578||600996||600637||603501||300613||300661||300691||300672||300710||603297||600288||300270
虚拟现实,50,50,600358||600363||600373||810||793||829||839||600228||600288||2036||50||600037||600074||725||600652||600345||687||665||2504||2656||300104||300144||2189||2241||2273||2236||300098||2175||2235||2253||2280||300079||2292||2445||2681||2572||300032||300256||2415||2431||300207||300136||300264||2465||300045||300027||601928||2635||300291||300296
车联网,50,50,901||2594||600035||793||851||600198||600289||600699||600745||2010||600306||600718||66||600335||600845||670||2093||2161||601238||2446||2055||2232||2253||2284||2383||625||2405||2642||2456||300184||300219||2401||2590||300130||2352||2355||2331||909||601799||300045||300020||2326||300209||600166||2488||2766||2813||601127||300458||300638
苹果概念,50,50,823||2594||600584||49||50||725||600644||2600||2056||2475||2453||300128||2501||2241||2273||2450||300057||300028||2613||601231||2456||2681||2106||300120||300115||2389||2416||300088||300207||2655||300136||977||2635||300073||300183||300400||2333||795||2008||603005||300433||300410||300567||2861||603626||300736||300666||603595||2245||2384
电商概念,50,50,600811||600177||600219||600368||587||600604||600611||58||2181||61||62||600138||600829||600415||600180||851||600272||1896||906||917||600280||600682||600790||2043||600518||600057||600729||600446||600640||2017||2024||600978||600315||600319||600398||600332||600337||600770||564||301||601607||600859||600861||2094||501||503||2183||524||529||2570
物联网,50,50,600171||901||810||63||600035||801||851||600271||600198||600203||600584||600797||600800||600037||600734||600747||725||727||733||701||997||2139||600410||600157||2017||988||682||600100||600839||600855||300213||2544||2183||2185||300205||2104||2138||2151||2156||2161||2231||2583||2210||2467||2446||300131||2073||300203||300098||2123
贬值受益,50,50,600175||823||600581||600583||2051||600261||600448||600458||600439||600489||600547||600278||600282||600287||600686||2042||600660||600626||600988||2005||2029||151||158||601899||404||626||600875||2206||2081||2239||2155||2397||2293||726||2269||2237||2394||601339||600156||2404||2485||600469||2083||2705||2815||601069||603090||603558||603268||2795
证金持股,50,50,921||926||930||931||951||962||963||966||600999||600809||600812||601818||600158||600159||600160||600161||600169||600170||600171||600175||600177||19||21||27||28||29||30||31||600216||600219||600220||903||600359||600361||600362||600369||600372||600373||933||935||937||948||600468||600488||600496||600503||600509||600510||600511||816
股权激励,50,50,925||926||932||31||600356||600360||948||600496||600498||600499||818||826||600571||600580||600582||600583||600588||600590||600572||790||2051||61||63||600260||600267||600594||600525||600535||766||600399||600031||600439||768||600548||600180||600596||600597||600271||39||600183||600190||600423||600352||600485||600478||600206||600208||600209||600383||910
转债标的,50,50,601818||600372||600831||600031||783||600271||600183||600185||600690||600755||600728||600566||861||600233||700||2013||600483||600398||70||665||600863||623||601727||601199||2496||2472||2279||601238||2224||2245||2273||2446||300057||600998||2078||2100||2131||2179||2258||2284||601233||2271||300059||2460||601311||601222||2318||2548||300058||300232
融资融券,50,50,921||926||928||930||932||957||960||961||963||966||600999||600809||600811||807||601818||600158||600160||600161||600162||600168||600169||600170||600171||600175||600177||27||28||30||31||36||600210||600216||600218||600219||600220||901||905||600362||600363||600366||600369||600372||600373||933||937||938||600486||600498||600499||600503
移动支付,50,50,948||600571||600588||63||600198||600122||600584||2049||600797||600050||600728||600745||861||732||701||997||600410||2010||2017||988||600318||600834||600764||600100||600870||300205||300077||2103||2153||2261||2396||2104||2138||2156||2161||2647||2251||2119||300096||2197||2268||300180||300248||2356||2437||300130||2548||2315||600785||2537
稀缺资源,50,50,960||962||600362||600367||933||937||600468||600508||815||60||600259||600265||600531||792||762||839||780||600188||600189||600489||600348||600547||600395||600111||600123||600459||600251||600792||758||7||600549||600714||878||737||751||752||710||993||600497||600963||600997||600971||983||540||600328||600331||601899||663||629||630
纾困概念,50,50,938||600462||2049||7||600771||600856||595||2054||2121||300213||2183||526||300167||300072||300199||2654||2436||2210||2450||300131||2055||2123||2197||300187||300134||2681||2564||2356||2416||300088||2528||300207||2301||2426||2668||300197||300162||300178||300319||2427||300266||300328||300350||2402||300532||2721||2843||300468||2856||2766
锂电池,50,50,600160||600175||17||600367||600499||600580||2594||600135||600255||600139||600525||792||762||839||600273||600192||600478||600386||600390||913||600110||600111||600039||49||600516||600522||9||600549||600711||600071||600084||600232||600241||733||532||2139||600151||600152||2009||2012||600303||969||600482||973||600316||541||559||570||571||601633
2025规划,50,50,810||600583||2594||63||600150||600458||600320||39||600198||600206||600118||600516||9||600699||738||300150||701||600143||600495||2030||66||600337||600765||559||400||600104||300104||300159||2151||300229||601766||2450||2550||300124||2118||2184||2197||2364||2283||2223||300224||300011||601890||601989||300216||300274||300018||300022||2610||300007
深成500,50,50,921||926||930||932||959||960||961||963||807||21||27||28||31||36||901||933||935||937||938||822||825||826||587||591||592||2594||59||2672||786||789||2051||581||60||61||62||63||537||792||793||799||800||2500||762||766||830||831||839||848||768||776
医疗器械,50,50,803||23||600587||600260||600529||600538||782||600196||600288||423||600763||300246||300171||300199||300168||2144||300318||300108||300326||300244||150||300216||300206||2462||300238||300003||300273||300298||2421||300015||601636||300314||2432||2551||601567||2584||566||300390||300146||300347||2435||300030||2727||300396||300358||300430||603309||300529||300453||603987
区块链,50,50,961||21||938||810||600571||600588||600093||600598||600271||40||600208||600797||600446||600652||600986||2010||2012||971||66||681||600839||607||616||2168||2195||300089||2453||2104||2152||2279||2065||2321||2123||2177||2235||300051||300002||2268||2663||2369||2063||2642||2558||300202||300248||300130||300018||2610||300007||2537
创投,50,50,931||959||966||600811||600160||27||600210||600213||600366||935||936||938||948||811||587||600590||600604||600309||600133||62||600266||600895||600415||600624||850||851||600020||600196||600207||600226||917||600282||600283||600110||600128||600689||423||600796||600089||5||9||600053||600064||600736||600557||600082||600744||600231||600232||600235
创业板综,50,50,300150||300049||300213||300189||300181||300205||300095||300139||300077||300026||300172||300269||300149||300167||300294||300072||300246||300171||300325||300152||300179||300097||300104||300094||300089||300085||300199||300106||300128||300107||300305||300156||300159||300223||300165||300191||300154||300158||300168||300144||300271||300318||300229||300114||300070||300124||300131||300065||300056||300055
创业成份,50,50,300026||300294||300072||300085||300199||300156||300159||300168||300144||300271||300070||300124||300055||300285||300203||300098||300036||300002||300059||300010||300134||300180||300324||300244||300115||300274||300088||300058||300068||300222||300033||300038||300207||300136||300101||300009||300001||300014||300027||300003||300253||300287||300015||300073||300296||300308||300078||300083||300197||300122
军民融合,50,50,955||818||600590||801||600416||600614||886||600118||600343||600760||600565||732||733||600562||600410||600990||600482||2023||66||600353||600764||561||600100||1696||600839||600855||2097||600879||300095||2519||2111||2560||2224||2214||2436||2446||300065||2265||2077||2664||601177||2179||2253||2297||2342||2406||300185||2335||2414||2552
养老金,50,50,600373||819||600582||791||600827||600195||600197||600395||910||600790||2039||600037||2003||601158||2126||2372||2242||601231||2394||2677||300183||300047||603688||603198||600939||603690||601128||300604||2878||603225||968||2901||2920||2918||2294||903||601066||970||600012||600723||603259||2155||603300||300144||2672||600073||2029||89||2583||300274
养老概念,50,50,931||961||600530||600620||600223||600393||600129||600689||600679||600682||415||600735||600745||600238||600239||600240||600643||600664||700||600671||600695||600716||600718||600329||601318||601336||663||601007||2614||2231||2233||600998||300096||2285||2223||300244||150||2105||2381||919||2603||300015||2551||615||300166||2516||722||300212||2008||300024
充电桩,50,50,600360||2594||600268||600406||600386||600277||5||682||400||407||2121||2298||2519||2256||2227||2276||2358||300040||2076||2660||2346||2364||2212||300062||2335||300120||2471||300274||2334||2590||2607||2610||300111||2357||300048||2533||887||909||300001||300141||2632||2323||2441||2518||600312||600405||828||300376||2028||2706
债转股,50,50,928||960||810||600816||600831||837||912||600120||600084||600657||563||567||600783||652||601158||520||601992||601666||601177||2285||601700||601106||2657||2134||603989||601198||600163||601688||600475||600489||600507||600282||600502||600685||600704||600647||993||600318||401||410||600784||498||514||601600||601727||601390||2057||2451||987||2495
京津冀,50,50,923||931||958||959||965||600159||600135||600258||600463||600149||797||778||600480||897||600376||600791||601588||600550||600082||856||860||600240||600246||709||600155||600965||600482||600717||600322||687||158||401||600787||605||600||620||638||600874||505||300156||601992||300070||2146||2573||2282||600722||2342||300185||300332||601258
互联金融,50,50,600175||948||600588||600606||62||600146||600109||600112||600736||600082||600891||600446||534||997||600318||540||567||603||609||600869||600880||2183||509||2103||2195||300085||2494||2279||2583||2547||300295||2209||300051||2344||2280||2285||300163||2638||300059||600599||2515||300033||601216||600785||2537||601519||2657||2622||2668||2542
云计算,50,50,938||948||600498||600588||600601||63||600536||600595||600751||600756||600522||600797||600037||600701||600728||600654||600410||600718||971||982||555||66||600770||600100||600845||600850||2093||300213||2544||300085||2396||2362||2279||300271||2065||2197||300051||300036||300002||2268||2368||34||2063||2642||300059||2335||300235||300249||600589||300245
举牌概念,50,50,803||600177||600365||936||600761||600307||600093||600097||600133||61||600265||600543||600137||600138||600149||586||600525||600529||600530||600892||600821||835||848||783||601166||600593||600619||600620||600621||600183||600206||890||893||600383||600385||600275||600116||423||2039||600520||757||759||600085||600088||4||7||600000||600712||600556||600083
参股保险,50,50,961||600167||600175||30||600510||600094||600135||600816||600818||581||798||601398||600191||600020||600195||890||600033||600269||600287||600120||428||415||416||600801||600704||600739||600565||600070||600074||600079||600742||861||600241||600247||600663||883||533||712||600157||600143||2029||600718||989||540||601555||157||616||2275||601908||2261
中药,50,50,955||600211||600511||590||600572||790||600479||600594||600535||600829||766||600422||600613||600272||600196||600222||600381||908||600285||600129||600436||423||600518||600085||600062||600557||600750||600252||600671||999||600976||600993||989||600329||600332||600351||153||600771||600781||300049||623||650||661||300181||300026||2275||2412||300158||2107||2166
上证50_,50,50,601818||600585||600606||600309||601688||601398||601939||601166||600029||600547||601288||600196||600019||600028||600030||600036||600276||600690||601328||601988||600519||600000||600050||600703||600016||600104||601628||601318||601601||601336||600887||601857||601800||601390||601766||601186||600048||601006||601668||601989||601888||601088||601169||600340||603993||601229||601211||603259||601138||601360
上证380,50,50,600811||600160||600161||600162||600167||600171||600172||600175||600210||600216||600363||600366||600372||600486||600498||600499||600511||600577||600580||600582||600583||600587||600611||600612||600572||600310||600093||600094||600136||600820||600012||600255||600256||600258||600260||600261||600452||600284||600594||600138||600525||600531||600536||600808||600826||600828||600415||600416||600418||600422
上证180_,50,50,600999||600809||601818||600158||600177||600362||600373||600585||600588||600600||600606||600309||600816||600266||600528||600535||600893||601377||601901||601688||601788||600466||600031||600435||601398||601939||601166||600598||600271||600029||600352||600489||600547||600406||600900||601288||600196||600208||600383||600019||600028||600030||600036||600276||600109||600111||600115||600118||600690||600004
一带一路,50,50,928||959||32||600220||901||905||600368||600498||825||600580||600581||600583||600585||600307||600096||600820||2051||582||63||600256||600150||600528||796||797||600415||600428||600031||777||601398||600180||852||600320||39||600190||600425||600449||600406||600477||600379||600026||600028||600279||600119||600125||600039||600575||425||600751||600755||2040
QFII重仓,50,50,600361||822||600585||600761||600132||600258||600452||600479||600138||600533||792||796||600827||600426||852||600201||600377||600276||600690||600521||600004||600686||423||601328||2043||49||418||600519||600801||2||600007||600009||600054||600739||600563||600071||600229||729||600671||999||600298||2025||2032||600322||600323||600723||89||600781||600835||613
PPP模式,50,50,925||961||967||600168||600170||35||600499||600510||826||600610||600133||783||600320||40||600187||900||600382||600289||600292||600502||10||600008||600068||2034||2307||600654||711||600562||600491||600323||540||544||558||68||600767||600100||605||600846||600853||598||633||300139||300172||2205||601669||300072||601618||300152||2532||300144
OLED,50,50,600160||823||600183||50||600707||600552||725||600667||536||2643||973||600330||600839||300097||300128||300223||2450||2369||2456||2387||2106||45||300088||600460||2341||2326||300319||300327||2618||300263||300429||300395||2816||2845||300566||300567||603996||300476||2876||300481||2600||601208||300545||2870||600510||600063||859||810||300256||300037
MSCI大盘,50,50,963||600999||600809||601818||600177||27||600362||600372||600373||938||826||600583||600585||600588||600600||600606||2594||600816||600820||581||60||63||600256||600535||600893||601377||601901||601688||601788||2500||600808||600415||839||600031||768||776||783||601398||601939||601166||600271||39||600188||600029||600352||600489||600487||600547||600406||600900
MSCI中盘,50,50,932||960||961||600160||600161||600167||28||937||600486||600498||600511||600582||600572||786||600258||600260||600528||600426||600466||830||778||600598||600183||600348||600201||600376||600380||600026||600282||600521||600004||600392||600584||600409||600754||2038||2049||2050||418||600522||600801||600549||600056||600060||600062||600699||600737||600566||600079||860
MSCI中国,50,50,963||600999||600809||601818||600177||27||600362||600372||600373||938||826||600583||600585||600588||600600||600606||2594||600816||600820||581||60||63||600535||600893||600895||792||601377||601901||601688||601788||2500||600808||600415||839||600031||768||776||783||601398||601939||601166||600271||39||600029||600352||600489||600487||600547||600406||600900
LED,50,50,600171||32||600360||600363||576||600261||600203||55||600520||600060||600703||600651||701||2005||600305||541||600330||600345||600100||300269||2222||2654||2245||2241||2076||2660||300303||2199||2197||2638||601231||2587||300219||2449||300088||300221||300232||2384||600460||300241||300296||2429||300102||300162||300301||300201||300323||300306||300317||300316
IPO受益,50,50,966||600811||27||600571||600611||786||600150||600525||600530||601377||839||850||600191||600352||600196||600200||886||913||917||600278||600285||600287||600120||600682||600790||600054||600064||600704||600551||600650||712||997||600151||600716||988||600327||543||568||601318||606||600866||652||600889||530||2067||2226||2320||2497||2445||601566
HS300_,50,50,959||961||963||600999||600809||601818||600170||600177||600219||600362||600369||600372||938||600498||826||600583||600585||600588||600606||2594||600309||600816||786||63||600535||600893||792||601377||601901||601688||601788||600415||839||600031||768||776||783||601398||601939||601166||600271||600188||600029||600352||600489||600487||600547||600406||600900||601288
5G概念,50,50,600498||63||586||801||600485||600487||600198||917||600289||2049||600522||600050||600734||600745||988||70||600345||600775||600776||2217||2544||2281||300077||2308||2396||2115||2138||2231||2446||2089||2547||2123||2194||2364||2268||2313||300310||2335||300312||300134||2579||300292||300068||300038||2384||300050||300136||300252||600460||2465
东北振兴,50,50,922||928||600811||600167||901||600356||600360||600365||587||600609||59||600148||585||600829||600399||600178||600593||600598||600182||600187||600189||600202||600289||600125||600758||420||600795||600701||600742||600891||600231||751||600664||698||600694||600697||600306||600718||600719||985||600317||546||600396||600333||600346||686||410||692||616||600853
深股通,50,50,921||926||928||930||932||951||957||959||960||961||963||807||21||27||28||29||30||31||35||36||901||903||933||935||936||937||938||810||815||818||821||822||823||825||826||587||591||592||2594||58||59||2672||2490||786||789||2051||576||581||582||584
参股券商,50,50,965||600811||600170||600171||21||27||31||936||821||600611||600612||600310||600136||600815||581||600261||600266||600530||600826||768||600613||600615||600616||850||39||600191||600195||600203||600221||897||900||600395||600269||600278||600280||600287||600292||600108||600120||600121||600122||600754||600755||600802||756||600054||600056||600063||600064||600739
国产芯片,50,50,600171||600360||63||600198||600206||600584||2049||600703||600667||997||600410||2023||70||600330||600770||600100||670||2185||300139||300077||300223||2156||2161||2180||2436||300131||2077||2119||2405||300054||2414||2409||300184||2371||2413||300046||300101||977||600460||2465||300045||300236||300183||300323||300327||300333||300316||2079||300053||300353
深圳特区,50,50,600999||600162||14||17||19||20||21||23||26||27||28||29||31||32||36||37||38||2594||58||2672||60||61||62||63||600525||600892||600548||39||40||600462||600380||600383||600030||600036||2047||42||43||48||49||50||55||1||2||4||5||7||9||10||11||12
沪股通,50,50,600999||600809||600811||601818||600158||600160||600161||600162||600167||600171||600172||600175||600177||600210||600216||600362||600363||600366||600372||600373||600486||600498||600499||600511||600577||600580||600582||600583||600585||600587||600588||600600||600606||600611||600612||600572||600309||600310||600093||600094||600136||600816||600820||600012||600255||600256||600258||600260||600261||600266
核能核电,50,50,922||967||37||811||825||600416||777||600622||600021||600202||600226||899||600269||600292||601991||600516||600011||600550||600558||600744||875||600642||881||883||993||600157||2011||600483||969||600973||151||600328||600848||601||2534||633||651||600875||601727||2167||2058||2130||2248||2227||2255||2438||2266||300185||2335||2575
标普概念,50,50,921||926||928||930||932||950||951||959||960||961||963||600999||600809||600811||807||601818||600160||600161||600162||600167||600170||600171||600172||19||21||27||28||30||35||36||600210||600216||600219||901||600363||600366||600369||600372||600373||933||935||936||937||938||600486||600498||600499||600511||810||818
机构重仓,50,50,950||965||600163||600168||17||20||28||29||30||32||37||600211||600216||903||600369||949||600503||810||813||826||590||600579||600581||600604||600609||600612||59||600960||600818||600819||2051||581||60||600260||600265||600267||600463||600145||600525||600528||600529||600531||792||601901||601688||601788||600821||600822||600826||600829
智能机器,50,50,961||600172||938||600503||821||584||600260||837||913||600282||600288||600520||600522||600699||600701||600710||600728||600560||600565||723||2139||2006||2009||2011||2026||2031||988||600346||410||413||600775||1696||600835||600843||2097||636||2067||2090||2526||2363||300097||2472||300154||2248||2214||2583||2228||300124||300131||2337
智能家居,50,50,600172||17||810||600690||2050||50||600060||600745||100||2139||600983||600978||600337||600839||671||2121||651||2230||2084||2468||300104||2397||300131||300310||2395||300312||2543||300279||300007||2631||300287||2421||2482||300183||601567||2676||300327||2713||300155||300250||2402||333||603355||603389||603898||300624||2841||300514||300493||603083
智慧城市,50,50,948||600577||600601||63||586||600831||600289||2047||46||416||600797||600728||600556||600654||711||600718||555||158||600775||600100||665||2544||662||2298||2230||300167||2090||2609||300168||2308||2362||2443||2583||2236||2276||300098||2232||2178||300036||2368||300075||300076||300324||2401||2543||2373||2528||2415||300044||2331
昨日连板,50,50,600776||300312||601700||300545||300635||603196||600165||300004||600463||600614||300711||592||600677||600734||533||2017||70||300104||603016||300615||901||587||600268||601901||890||426||600855||300265||300337||600571||600310||600517||600973||300131||300040||300215||300299||300306||2941||2181||595||300095||2547||2361||2498||601616||2837||603500||600190||300325
昨日涨停,50,50,58||600463||600614||600776||633||662||601177||2270||300312||2575||601700||300236||2653||2333||300545||603050||300635||603196||300711||600532||600462||595||300167||2219||2467||2091||2321||2164||300216||300277||2569||300393||300431||601606||300662||600929||592||600677||755||600734||533||2017||70||600775||2098||300104||2213||2231||2243||300187
无人驾驶,50,50,600418||836||600686||600699||600074||600081||700||980||572||2230||2448||2151||300114||2256||601777||2446||2463||2055||2232||2284||300036||625||2405||2456||2414||300075||300134||2590||2373||2444||2413||2355||2331||909||300177||601799||300020||300100||300209||600166||300304||603766||2488||2703||300270||603023||601689||2766||2813||601127
新能源车,50,50,922||927||957||600213||600366||600580||2594||600960||62||600139||800||600418||600458||839||600192||600478||600196||600459||600678||600686||2050||49||600549||600006||600066||600699||600733||600741||600074||868||600237||733||2139||2010||600303||980||981||600335||600764||559||571||601633||413||600104||600846||601||600869||2176||2121||651
新材料,50,50,920||928||962||600165||600362||600366||600309||600096||786||600259||600260||600525||762||600458||839||600273||600596||600206||600390||600281||600110||600111||600123||600370||600459||55||600516||758||600549||600063||600237||737||751||2088||881||2643||600636||600155||600143||2012||600114||600980||969||970||973||988||600319||541||600330||559
高送转,50,50,300016||300091||300176||300309||300343||2488||2712||2798||2803||300449||300384||2749||300453||300410||300510||300684||300651||300645||300125||300657||300456||300749||300637||300493||2937||2536||300547||2746||2117||2757||2458||2902||2917||300033||2842||300623||300602||300285||300047||2838||2796||300538||300720||300429||2125||603018||2391||603136||2928||300423
参股银行,50,50,600811||600532||600165||600170||600177||600217||600362||936||948||600496||823||589||600588||600611||600612||600133||61||600533||600893||601901||600827||766||600031||600548||601398||600180||600593||600598||600613||600620||600621||600272||39||600188||600191||600029||600352||600020||600900||600200||600208||600222||600227||600033||600280||600285||600113||600116||600117||600122
手游概念,50,50,600173||600373||829||600198||917||600289||8||600551||600652||600576||600633||600634||2027||600880||2247||2261||300089||300144||2174||2231||2425||2263||2148||2229||300002||2292||300028||300312||2558||300324||2602||2624||300044||300052||2354||300038||300031||300027||601928||300288||300148||2486||2619||300299||300311||300315||300043||300133||2517||2502
工业4.0,50,50,600172||21||821||600894||600448||837||600031||600019||600690||425||600089||600560||2009||600983||2031||600321||410||599||300097||2472||300154||2085||2158||300124||2184||601100||2547||300161||2283||2063||2406||2129||2543||2444||2559||300222||300023||2380||300136||300275||300281||300278||300193||300195||300382||300307||300316||300173||300126||2527
小米概念,50,50,931||823||600577||600198||600677||49||50||725||727||701||2600||2138||2273||2228||2467||2369||2456||2681||2579||300242||2106||300115||300032||300088||300221||300207||2655||2635||2426||300296||300083||2432||2508||300183||300331||300322||300230||300315||2052||601169||2705||333||603678||300538||300458||300408||2841||2861||300577||2769
富时概念,50,50,921||926||928||932||950||951||959||960||961||963||967||600999||600809||807||601818||600160||600161||600162||600167||600170||600171||600172||600175||600177||21||27||28||30||35||36||600210||600216||600219||901||600363||600366||600369||600372||600373||933||935||936||937||938||600486||600498||600499||600511||810||815
央视50_,50,50,600600||600535||848||601398||601939||601166||600196||895||600690||423||601988||2038||49||600519||600522||600085||2||600563||600660||970||600398||600016||600104||601318||601601||601607||596||651||600887||2230||2410||2241||300070||300124||625||726||300244||2294||2415||300136||2376||300003||2385||300183||538||300017||601088||2008||300024||333
太阳能,50,50,959||962||600163||27||600505||815||816||591||600586||600893||767||600273||600295||40||600021||600207||600690||2035||2050||55||600522||600796||12||600550||862||600642||600644||600661||600667||533||600674||600537||2139||600151||2006||969||2019||600482||973||65||600330||600770||2534||600885||2060||601908||2056||300305||2132||2248
天然气,50,50,600509||600256||600617||852||600207||600028||600681||600803||600642||883||600323||600333||407||600777||600098||600856||593||669||601857||2267||300128||300191||2443||601028||601139||601808||2353||300084||2478||300164||2629||600635||300157||300335||2911||2700||600917||2828||300471||603689||603223||300540||603727||603619||603393||300483||603800||968||603080||600903
大数据,50,50,961||938||948||815||600595||851||600487||600751||600756||600728||600070||600242||703||600633||600410||2027||555||66||158||606||611||600845||638||662||530||673||2153||2168||2261||2362||2279||300271||300229||2174||2075||2379||300096||2232||2235||300036||300002||2642||300059||2335||300231||300324||600589||300245||300130||2415
壳资源,50,50,953||600165||600361||816||600610||600265||600145||585||760||782||600539||600186||600385||600288||600107||600112||416||600520||4||600078||533||702||600493||995||600696||2017||982||600311||600321||68||600353||600355||600766||600769||573||159||600778||691||695||600836||613||600854||600857||2054||622||632||637||600883||509||2058
基金重仓,50,50,910||2035||600060||860||2643||600976||2007||600990||2025||600763||568||681||600887||661||2475||2614||300144||601100||300285||2078||2127||2179||2258||300036||2271||2456||2343||2466||2572||300136||977||2376||300003||300253||300226||600872||300012||601012||603008||300346||2694||300347||300348||300047||300365||603899||300572||603883||300470||603589
垃圾分类,50,50,967||35||600217||600501||826||2672||900||600805||600565||600143||2009||600981||600461||600983||600323||544||680||685||600846||2272||2090||2591||2375||300056||300203||2170||2197||300140||25||300261||2682||300249||300090||300048||2645||2479||300197||300190||300176||300210||600388||300376||603686||300403||2596||2667||300536||300384||300664||603568
在线教育,50,50,812||600577||63||600278||600757||600730||719||721||600661||600636||695||607||609||2093||2544||526||300205||2230||2261||300089||2308||2396||2362||2467||2089||300096||300002||2638||300010||300235||300282||2286||300279||2354||2315||300264||2325||601928||601801||300074||300148||600804||2549||300160||300329||300338||300359||2348||2730||2771
国家安防,50,50,600501||600268||600289||600760||416||600728||600734||600074||600654||2139||600100||600855||665||300213||2298||2308||300229||2214||2443||2583||2236||2253||300310||2528||2415||300101||2535||300020||2421||300297||300074||300188||600804||300302||300311||300155||2052||300212||300352||300379||300367||300369||300448||300469||603660||300460||300516||2835||300603||300588
国企改革,50,50,922||927||928||930||932||957||958||959||962||966||600999||600161||600171||19||26||28||29||31||32||901||600361||600369||600372||948||600486||600488||600498||600501||600505||600508||600511||815||819||822||591||600579||600581||600582||600583||600606||600612||58||59||600761||600962||600097||600135||786||2051||581
国产软件,50,50,948||600588||600536||600756||600446||600410||600718||600845||600850||2153||2195||2279||300271||2065||300036||2268||2368||2063||2474||300290||977||300253||300170||2052||300339||300378||300352||300379||600455||300369||300380||300523||300469||603189||603636||300525||300542||300451||300624||603039||300598||300674||600797||600734||2453||2280||2405||300188||300366||300386
影视概念,50,50,600136||600255||600892||802||600226||892||917||600687||46||600088||600052||600551||718||719||732||156||673||300104||601098||2143||2425||2071||2175||300079||2292||2289||2266||2343||2445||2586||2624||300046||2655||300027||300291||601929||2542||300182||2571||2678||300299||600823||601599||300133||300251||2502||300336||603008||603399||2329
新三板,50,50,931||600171||31||600373||938||600571||600133||600818||786||600012||600138||600895||601377||783||600282||2038||8||9||600736||600082||728||735||2139||600298||600410||2004||600981||600993||600303||2030||551||600353||685||686||600783||610||600851||628||661||2654||300271||2076||2099||2157||300140||300035||2624||300018||300227||2355
