id,stock_index,stock_name,jzcsyl,stock_date
1,600083,博信股份,0.892,2020_02_22
2,002458,益生股份,0.8376,2020_02_22
2,002234,民和股份,0.7157,2020_02_22
1,600768,宁波富邦,0.6766,2020_02_22
1,688169,石头科技,0.5853,2020_02_22
2,000526,紫光学大,0.56,2020_02_22
1,600132,重庆啤酒,0.4757,2020_02_22
2,002161,远望谷,0.4487,2020_02_22
1,603489,八方股份,0.4265,2020_02_22
1,603195,公牛集团,0.425,2020_02_22
1,600319,ST亚星,0.4205,2020_02_22
1,600732,ST爱旭,0.4057,2020_02_22
1,600052,浙江广厦,0.3985,2020_02_22
2,300571,平治信息,0.3966,2020_02_22
2,000672,上峰水泥,0.3826,2020_02_22
2,300122,智飞生物,0.3781,2020_02_22
2,300417,南华仪器,0.3592,2020_02_22
2,002841,视源股份,0.3498,2020_02_22
2,002607,中公教育,0.3494,2020_02_22
1,603160,汇顶科技,0.3485,2020_02_22
2,000933,神火股份,0.3452,2020_02_22
2,300816,艾可蓝,0.3393,2020_02_22
1,600779,水井坊,0.3375,2020_02_22
1,600678,四川金顶,0.3355,2020_02_22
2,002869,金溢科技,0.3229,2020_02_22
2,300782,卓胜微,0.3219,2020_02_22
2,002299,圣农发展,0.3197,2020_02_22
2,000509,华塑控股,0.3107,2020_02_22
1,601918,新集能源,0.3062,2020_02_22
2,300815,玉禾田,0.2983,2020_02_22
2,000868,*ST安凯,0.2955,2020_02_22
1,688358,祥生医疗,0.2934,2020_02_22
2,300080,易成新能,0.2931,2020_02_22
2,002975,博杰股份,0.2912,2020_02_22
2,300800,力合科技,0.2848,2020_02_22
2,002190,*ST集成,0.2838,2020_02_22
2,002755,奥赛康,0.282,2020_02_22
2,002963,豪尔赛,0.2813,2020_02_22
2,000895,双汇发展,0.28,2020_02_22
2,002968,新大正,0.2773,2020_02_22
1,688357,建龙微纳,0.2751,2020_02_22
1,688298,东方生物,0.2716,2020_02_22
2,300198,纳川股份,0.2704,2020_02_22
1,688199,久日新材,0.2679,2020_02_22
2,300702,天宇股份,0.2665,2020_02_22
1,603360,百傲化学,0.2661,2020_02_22
1,603610,麒盛科技,0.2659,2020_02_22
1,600801,华新水泥,0.2653,2020_02_22
2,300776,帝尔激光,0.2653,2020_02_22
1,603288,海天味业,0.265,2020_02_22
1,600763,通策医疗,0.2624,2020_02_22
2,002016,世荣兆业,0.2615,2020_02_22
2,300628,亿联网络,0.2579,2020_02_22
1,600519,贵州茅台,0.2558,2020_02_22
1,600802,福建水泥,0.2553,2020_02_22
2,000048,康达尔,0.2552,2020_02_22
1,603658,安图生物,0.2532,2020_02_22
1,688200,华峰测控,0.2531,2020_02_22
2,000708,中信特钢,0.2529,2020_02_22
2,002182,云海金属,0.2521,2020_02_22
1,600809,山西汾酒,0.2519,2020_02_22
2,002555,三七互娱,0.249,2020_02_22
2,300761,立华股份,0.2484,2020_02_22
1,600031,三一重工,0.2482,2020_02_22
2,300577,开润股份,0.2481,2020_02_22
1,601318,中国平安,0.243,2020_02_22
2,000418,小天鹅A,0.2425,2020_02_22
1,688368,晶丰明源,0.2411,2020_02_22
2,300638,广和通,0.2407,2020_02_22
2,002746,仙坛股份,0.24,2020_02_22
2,300812,易天股份,0.239,2020_02_22
2,002512,达华智能,0.2389,2020_02_22
2,000333,美的集团,0.2351,2020_02_22
1,601888,中国国旅,0.235,2020_02_22
2,300117,嘉寓股份,0.2339,2020_02_22
2,300003,乐普医疗,0.2332,2020_02_22
1,600566,济川药业,0.2319,2020_02_22
2,002102,ST冠福,0.2303,2020_02_22
2,000651,格力电器,0.2302,2020_02_22
1,600570,恒生电子,0.2299,2020_02_22
1,603444,吉比特,0.2296,2020_02_22
2,002803,吉宏股份,0.2295,2020_02_22
1,603638,艾迪精密,0.2289,2020_02_22
1,600346,恒力石化,0.2277,2020_02_22
2,300529,健帆生物,0.2276,2020_02_22
2,002970,锐明技术,0.227,2020_02_22
2,002901,大博医疗,0.226,2020_02_22
2,300357,我武生物,0.2253,2020_02_22
2,002379,宏创控股,0.2253,2020_02_22
1,688208,道通科技,0.2252,2020_02_22
2,300760,迈瑞医疗,0.2241,2020_02_22
2,002677,浙江美大,0.224,2020_02_22
1,688036,传音控股,0.2231,2020_02_22
1,603327,福蓉科技,0.222,2020_02_22
1,600486,扬农化工,0.2217,2020_02_22
2,300682,朗新科技,0.2201,2020_02_22
1,603899,晨光文具,0.2183,2020_02_22
1,600368,五洲交通,0.2174,2020_02_22
1,688233,神工股份,0.2168,2020_02_22
1,603568,伟明环保,0.2164,2020_02_22
1,688198,佰仁医疗,0.2164,2020_02_22
1,688363,华熙生物,0.2159,2020_02_22
2,300572,安车检测,0.2157,2020_02_22
2,300014,亿纬锂能,0.2155,2020_02_22
1,600887,伊利股份,0.2155,2020_02_22
1,600587,新华医疗,0.2153,2020_02_22
2,000789,万年青,0.2151,2020_02_22
2,000596,古井贡酒,0.2151,2020_02_22
1,600338,西藏珠峰,0.2144,2020_02_22
1,603551,奥普家居,0.2141,2020_02_22
2,000568,泸州老窖,0.2137,2020_02_22
2,002916,深南电路,0.2133,2020_02_22
1,600340,华夏幸福,0.2132,2020_02_22
1,600309,万华化学,0.2131,2020_02_22
2,300630,普利制药,0.2131,2020_02_22
1,603508,思维列控,0.2131,2020_02_22
2,300487,蓝晓科技,0.212,2020_02_22
2,000661,长春高新,0.2119,2020_02_22
2,300564,筑博设计,0.2118,2020_02_22
1,688078,龙软科技,0.2112,2020_02_22
1,688123,聚辰股份,0.2102,2020_02_22
1,603868,飞科电器,0.209,2020_02_22
2,000537,广宇发展,0.2086,2020_02_22
2,300771,智莱科技,0.207,2020_02_22
2,002415,海康威视,0.2058,2020_02_22
2,000885,城发环境,0.2056,2020_02_22
2,002011,盾安环境,0.2051,2020_02_22
2,000963,华东医药,0.2049,2020_02_22
2,002304,洋河股份,0.2044,2020_02_22
1,600217,中再资环,0.2042,2020_02_22
1,603068,博通集成,0.2035,2020_02_22
1,603589,口子窖,0.2035,2020_02_22
2,002032,苏泊尔,0.2034,2020_02_22
2,300236,上海新阳,0.2032,2020_02_22
1,600507,方大特钢,0.2029,2020_02_22
2,300015,爱尔眼科,0.2028,2020_02_22
2,300136,信维通信,0.2023,2020_02_22
2,300595,欧普康视,0.202,2020_02_22
2,300602,飞荣达,0.2016,2020_02_22
2,300632,光莆股份,0.2016,2020_02_22
2,300601,康泰生物,0.2013,2020_02_22
2,002833,弘亚数控,0.201,2020_02_22
1,600398,海澜之家,0.2001,2020_02_22
1,601360,三六零,0.1997,2020_02_22
2,300770,新媒股份,0.1996,2020_02_22
1,688398,赛特新材,0.1989,2020_02_22
1,600585,海螺水泥,0.1982,2020_02_22
1,603369,今世缘,0.198,2020_02_22
2,002507,涪陵榨菜,0.1971,2020_02_22
2,300418,昆仑万维,0.1971,2020_02_22
1,600436,片仔癀,0.1964,2020_02_22
1,600452,涪陵电力,0.1963,2020_02_22
1,688178,万德斯,0.1958,2020_02_22
2,000031,大悦城,0.194,2020_02_22
2,002463,沪电股份,0.1939,2020_02_22
2,300783,三只松鼠,0.193,2020_02_22
2,002035,华帝股份,0.1926,2020_02_22
1,603886,元祖股份,0.1919,2020_02_22
2,002600,领益智造,0.1918,2020_02_22
2,002372,伟星新材,0.1913,2020_02_22
2,000848,承德露露,0.1902,2020_02_22
2,000043,中航善达,0.1899,2020_02_22
2,300809,华辰装备,0.1897,2020_02_22
2,300401,花园生物,0.189,2020_02_22
2,000717,韶钢松山,0.189,2020_02_22
1,603737,三棵树,0.1889,2020_02_22
2,000858,五粮液,0.1887,2020_02_22
1,601100,恒立液压,0.1883,2020_02_22
2,300028,金亚科技,0.1878,2020_02_22
1,688288,鸿泉物联,0.1864,2020_02_22
2,300559,佳发教育,0.1857,2020_02_22
1,603983,丸美股份,0.1847,2020_02_22
1,600690,海尔智家,0.1844,2020_02_22
1,600267,海正药业,0.1843,2020_02_22
1,603505,金石资源,0.1837,2020_02_22
2,300146,汤臣倍健,0.1836,2020_02_22
2,002271,东方雨虹,0.1831,2020_02_22
1,603517,绝味食品,0.1827,2020_02_22
1,600995,文山电力,0.1826,2020_02_22
1,688006,杭可科技,0.1824,2020_02_22
2,000403,双林生物,0.1815,2020_02_22
2,300725,药石科技,0.1815,2020_02_22
1,603816,顾家家居,0.1815,2020_02_22
1,603053,成都燃气,0.1808,2020_02_22
1,600668,尖峰集团,0.1807,2020_02_22
2,002653,海思科,0.1799,2020_02_22
1,600612,老凤祥,0.1798,2020_02_22
1,688016,心脉医疗,0.1796,2020_02_22
1,601336,新华保险,0.1789,2020_02_22
2,002832,比音勒芬,0.1784,2020_02_22
1,600352,浙江龙盛,0.1781,2020_02_22
2,000049,德赛电池,0.1779,2020_02_22
2,002749,国光股份,0.1773,2020_02_22
2,000932,华菱钢铁,0.1771,2020_02_22
1,603026,石大胜华,0.177,2020_02_22
2,002690,美亚光电,0.1765,2020_02_22
1,600136,当代明诚,0.1761,2020_02_22
2,002508,老板电器,0.1748,2020_02_22
2,002626,金达威,0.1748,2020_02_22
2,300450,先导智能,0.1743,2020_02_22
1,600276,恒瑞医药,0.1742,2020_02_22
1,688089,嘉必优,0.1738,2020_02_22
2,002867,周大生,0.1737,2020_02_22
2,300497,富祥股份,0.1737,2020_02_22
2,002045,国光电器,0.1732,2020_02_22
2,300801,泰和科技,0.1729,2020_02_22
2,300567,精测电子,0.1726,2020_02_22
2,000921,海信家电,0.1726,2020_02_22
2,002925,盈趣科技,0.1722,2020_02_22
2,000338,潍柴动力,0.1718,2020_02_22
1,603707,健友股份,0.1717,2020_02_22
2,300107,建新股份,0.1716,2020_02_22
2,300803,指南针,0.1714,2020_02_22
2,000603,盛达资源,0.1713,2020_02_22
2,002475,立讯精密,0.1708,2020_02_22
2,002972,科安达,0.1703,2020_02_22
2,002311,海大集团,0.1701,2020_02_22
1,603233,大参林,0.1698,2020_02_22
1,601225,陕西煤业,0.1697,2020_02_22
2,300498,温氏股份,0.1696,2020_02_22
1,688388,嘉元科技,0.1695,2020_02_22
2,000999,华润三九,0.1694,2020_02_22
2,002942,新农股份,0.1694,2020_02_22
1,600720,祁连山,0.1684,2020_02_22
2,002242,九阳股份,0.1683,2020_02_22
2,000629,攀钢钒钛,0.1674,2020_02_22
1,600009,上海机场,0.167,2020_02_22
2,300132,青松股份,0.1668,2020_02_22
2,000656,金科股份,0.1666,2020_02_22
1,603833,欧派家居,0.1661,2020_02_22
1,603871,嘉友国际,0.1656,2020_02_22
2,002959,小熊电器,0.1656,2020_02_22
1,603379,三美股份,0.1656,2020_02_22
1,601012,隆基股份,0.165,2020_02_22
2,300811,铂科新材,0.1647,2020_02_22
1,600387,海越能源,0.1645,2020_02_22
2,300322,硕贝德,0.1645,2020_02_22
2,002015,协鑫能科,0.1644,2020_02_22
2,002624,完美世界,0.1642,2020_02_22
2,002007,华兰生物,0.1641,2020_02_22
2,002605,姚记科技,0.1634,2020_02_22
1,601628,中国人寿,0.1632,2020_02_22
1,603606,东方电缆,0.163,2020_02_22
2,000063,中兴通讯,0.163,2020_02_22
1,603786,科博达,0.1629,2020_02_22
2,000401,冀东水泥,0.1627,2020_02_22
1,688181,八亿时空,0.1625,2020_02_22
2,002200,*ST云投,0.1623,2020_02_22
1,600260,凯乐科技,0.1622,2020_02_22
2,002262,恩华药业,0.162,2020_02_22
2,300347,泰格医药,0.1617,2020_02_22
2,000720,新能泰山,0.1615,2020_02_22
2,002120,韵达股份,0.1614,2020_02_22
2,002928,华夏航空,0.1605,2020_02_22
2,300773,拉卡拉,0.1605,2020_02_22
1,600985,淮北矿业,0.1604,2020_02_22
1,603700,宁波水表,0.1604,2020_02_22
1,688188,柏楚电子,0.1603,2020_02_22
1,600606,绿地控股,0.1603,2020_02_22
2,300735,光弘科技,0.16,2020_02_22
2,300802,矩子科技,0.1598,2020_02_22
1,603338,浙江鼎力,0.1596,2020_02_22
1,603043,广州酒家,0.1596,2020_02_22
1,600778,友好集团,0.1591,2020_02_22
2,002601,龙蟒佰利,0.1587,2020_02_22
2,300793,佳禾智能,0.1587,2020_02_22
1,603519,立霸股份,0.1586,2020_02_22
1,688196,卓越新能,0.1585,2020_02_22
1,688300,联瑞新材,0.1578,2020_02_22
1,603609,禾丰牧业,0.1575,2020_02_22
1,688111,金山办公,0.1574,2020_02_22
1,688128,中国电研,0.157,2020_02_22
1,600989,宝丰能源,0.1568,2020_02_22
2,300552,万集科技,0.1561,2020_02_22
2,002851,麦格米特,0.1561,2020_02_22
2,002110,三钢闽光,0.1561,2020_02_22
1,603882,金域医学,0.1559,2020_02_22
1,603995,甬金股份,0.1558,2020_02_22
2,300232,洲明科技,0.1555,2020_02_22
2,002812,恩捷股份,0.1553,2020_02_22
1,600848,上海临港,0.1546,2020_02_22
1,603208,江山欧派,0.1544,2020_02_22
1,600729,重庆百货,0.1538,2020_02_22
1,603587,地素时尚,0.1535,2020_02_22
2,000710,贝瑞基因,0.1531,2020_02_22
1,600466,蓝光发展,0.1531,2020_02_22
1,600234,*ST山水,0.1527,2020_02_22
2,300715,凯伦股份,0.1524,2020_02_22
1,688029,南微医学,0.1524,2020_02_22
2,300755,华致酒行,0.1521,2020_02_22
2,002043,兔宝宝,0.152,2020_02_22
1,603267,鸿远电子,0.1511,2020_02_22
2,002810,山东赫达,0.1511,2020_02_22
2,300751,迈为股份,0.1511,2020_02_22
1,600663,陆家嘴,0.1511,2020_02_22
1,603596,伯特利,0.1508,2020_02_22
2,002127,南极电商,0.1507,2020_02_22
1,603300,华铁应急,0.1507,2020_02_22
2,002597,金禾实业,0.1507,2020_02_22
2,002884,凌霄泵业,0.1505,2020_02_22
2,000810,创维数字,0.1504,2020_02_22
1,603659,璞泰来,0.1501,2020_02_22
1,600618,氯碱化工,0.1499,2020_02_22
2,002734,利民股份,0.1493,2020_02_22
1,688101,三达膜,0.1492,2020_02_22
2,000935,四川双马,0.149,2020_02_22
2,300596,利安隆,0.149,2020_02_22
1,600282,南钢股份,0.1489,2020_02_22
2,300327,中颖电子,0.1488,2020_02_22
2,002860,星帅尔,0.1487,2020_02_22
2,300422,博世科,0.1486,2020_02_22
1,600426,华鲁恒升,0.1486,2020_02_22
2,300415,伊之密,0.1485,2020_02_22
2,300607,拓斯达,0.1484,2020_02_22
2,300662,科锐国际,0.1484,2020_02_22
1,603755,日辰股份,0.148,2020_02_22
1,600872,中炬高新,0.1478,2020_02_22
2,300699,光威复材,0.1478,2020_02_22
2,300726,宏达电子,0.1478,2020_02_22
1,603156,养元饮品,0.1477,2020_02_22
1,688299,长阳科技,0.1477,2020_02_22
2,002907,华森制药,0.1477,2020_02_22
1,600724,宁波富达,0.1474,2020_02_22
2,300668,杰恩设计,0.1468,2020_02_22
1,600681,百川能源,0.1467,2020_02_22
1,600598,北大荒,0.1465,2020_02_22
1,603520,司太立,0.1464,2020_02_22
1,600298,安琪酵母,0.1464,2020_02_22
2,002697,红旗连锁,0.1461,2020_02_22
2,300653,正海生物,0.1461,2020_02_22
2,300463,迈克生物,0.1453,2020_02_22
2,002572,索菲亚,0.1452,2020_02_22
1,603650,彤程新材,0.1449,2020_02_22
1,600828,茂业商业,0.1447,2020_02_22
1,688080,映翰通,0.1444,2020_02_22
1,603129,春风动力,0.1444,2020_02_22
2,300697,电工合金,0.1443,2020_02_22
2,300481,濮阳惠成,0.1441,2020_02_22
1,688026,洁特生物,0.1439,2020_02_22
2,300724,捷佳伟创,0.1439,2020_02_22
2,002595,豪迈科技,0.1434,2020_02_22
1,601058,赛轮轮胎,0.1434,2020_02_22
2,300686,智动力,0.1433,2020_02_22
1,601601,中国太保,0.1433,2020_02_22
2,300482,万孚生物,0.1433,2020_02_22
1,603866,桃李面包,0.1432,2020_02_22
1,603811,诚意药业,0.1432,2020_02_22
1,600167,联美控股,0.143,2020_02_22
2,300703,创源文化,0.1428,2020_02_22
2,002706,良信电器,0.1428,2020_02_22
1,600064,南京高科,0.1427,2020_02_22
1,688399,硕世生物,0.1426,2020_02_22
2,300805,电声股份,0.142,2020_02_22
2,000779,甘咨询,0.1417,2020_02_22
1,600183,生益科技,0.1416,2020_02_22
1,600261,阳光照明,0.1416,2020_02_22
1,601233,桐昆股份,0.1415,2020_02_22
1,600867,通化东宝,0.1414,2020_02_22
2,002174,游族网络,0.1414,2020_02_22
1,601003,柳钢股份,0.1413,2020_02_22
1,600070,浙江富润,0.1411,2020_02_22
1,603699,纽威股份,0.1408,2020_02_22
2,300423,鲁亿通,0.1408,2020_02_22
1,600728,佳都科技,0.1407,2020_02_22
1,603387,基蛋生物,0.1406,2020_02_22
1,600516,方大炭素,0.1405,2020_02_22
2,300657,弘信电子,0.1405,2020_02_22
2,002236,大华股份,0.1404,2020_02_22
1,600438,通威股份,0.1404,2020_02_22
1,600273,嘉化能源,0.1401,2020_02_22
2,300788,中信出版,0.14,2020_02_22
1,600609,金杯汽车,0.1399,2020_02_22
2,002965,祥鑫科技,0.1397,2020_02_22
2,002128,露天煤业,0.1396,2020_02_22
2,002164,宁波东力,0.1396,2020_02_22
1,603290,斯达半导,0.1395,2020_02_22
1,603165,荣晟环保,0.1394,2020_02_22
2,300226,上海钢联,0.1393,2020_02_22
2,002146,荣盛发展,0.1391,2020_02_22
2,000922,佳电股份,0.1388,2020_02_22
2,002099,海翔药业,0.1387,2020_02_22
1,603203,快克股份,0.1387,2020_02_22
2,002024,苏宁易购,0.1385,2020_02_22
2,002402,和而泰,0.1384,2020_02_22
1,603730,岱美股份,0.1382,2020_02_22
2,300144,宋城演艺,0.1381,2020_02_22
1,688008,澜起科技,0.138,2020_02_22
2,002524,光正集团,0.138,2020_02_22
1,600332,白云山,0.1378,2020_02_22
1,600745,闻泰科技,0.1377,2020_02_22
1,600236,桂冠电力,0.1376,2020_02_22
1,603466,风语筑,0.1375,2020_02_22
2,300432,富临精工,0.1374,2020_02_22
1,603198,迎驾贡酒,0.1372,2020_02_22
2,300088,长信科技,0.1371,2020_02_22
2,300413,芒果超媒,0.1369,2020_02_22
1,603579,荣泰健康,0.1369,2020_02_22
2,300820,英杰电气,0.1369,2020_02_22
2,002821,凯莱英,0.1366,2020_02_22
1,600600,青岛啤酒,0.1365,2020_02_22
2,300778,新城市,0.1364,2020_02_22
1,603109,神驰机电,0.1361,2020_02_22
1,603368,柳药股份,0.136,2020_02_22
1,600036,招商银行,0.1359,2020_02_22
1,603317,天味食品,0.1358,2020_02_22
1,603960,克来机电,0.1354,2020_02_22
1,603228,景旺电子,0.1351,2020_02_22
1,603613,国联股份,0.1351,2020_02_22
1,603583,捷昌驱动,0.1351,2020_02_22
2,300016,北陆药业,0.1349,2020_02_22
1,603605,珀莱雅,0.1349,2020_02_22
2,002911,佛燃股份,0.1347,2020_02_22
2,000876,新希望,0.1346,2020_02_22
1,600846,同济科技,0.1346,2020_02_22
1,600593,大连圣亚,0.1345,2020_02_22
2,300685,艾德生物,0.1345,2020_02_22
2,300205,天喻信息,0.1343,2020_02_22
2,000877,天山股份,0.1343,2020_02_22
2,002020,京新药业,0.1343,2020_02_22
2,000966,长源电力,0.1343,2020_02_22
2,300624,万兴科技,0.1342,2020_02_22
2,000906,浙商中拓,0.134,2020_02_22
2,300130,新国都,0.1338,2020_02_22
2,002801,微光股份,0.1338,2020_02_22
1,603136,天目湖,0.1338,2020_02_22
2,300640,德艺文创,0.1338,2020_02_22
2,002882,金龙羽,0.1337,2020_02_22
1,600173,卧龙地产,0.1335,2020_02_22
2,002950,奥美医疗,0.1335,2020_02_22
2,002956,西麦食品,0.1334,2020_02_22
2,002947,恒铭达,0.1334,2020_02_22
1,600389,江山股份,0.1334,2020_02_22
1,601138,工业富联,0.1332,2020_02_22
1,603639,海利尔,0.1331,2020_02_22
1,603585,苏利股份,0.133,2020_02_22
2,300033,同花顺,0.133,2020_02_22
1,600782,新钢股份,0.1325,2020_02_22
1,603617,君禾股份,0.1324,2020_02_22
1,603848,好太太,0.1324,2020_02_22
1,600326,西藏天路,0.1324,2020_02_22
2,300396,迪瑞医疗,0.1324,2020_02_22
1,600377,宁沪高速,0.1323,2020_02_22
1,603515,欧普照明,0.1323,2020_02_22
2,002543,万和电气,0.1318,2020_02_22
2,002287,奇正藏药,0.1317,2020_02_22
2,300470,中密控股,0.1316,2020_02_22
1,603187,海容冷链,0.1315,2020_02_22
2,002180,纳思达,0.1315,2020_02_22
1,603313,梦百合,0.1314,2020_02_22
1,600675,中华企业,0.1313,2020_02_22
1,600395,盘江股份,0.1312,2020_02_22
1,603986,兆易创新,0.1312,2020_02_22
1,601975,招商南油,0.1311,2020_02_22
2,002440,闰土股份,0.131,2020_02_22
2,002912,中新赛克,0.1308,2020_02_22
2,300747,锐科激光,0.1307,2020_02_22
1,603355,莱克电气,0.1304,2020_02_22
2,300506,名家汇,0.1304,2020_02_22
1,688001,华兴源创,0.1304,2020_02_22
1,603180,金牌厨柜,0.1303,2020_02_22
2,002955,鸿合科技,0.1303,2020_02_22
1,600161,天坛生物,0.1303,2020_02_22
2,002878,元隆雅图,0.1303,2020_02_22
2,300586,美联新材,0.1302,2020_02_22
1,603506,南都物业,0.1299,2020_02_22
1,603757,大元泵业,0.1298,2020_02_22
2,002960,青鸟消防,0.1296,2020_02_22
2,000951,中国重汽,0.1296,2020_02_22
2,002818,富森美,0.1296,2020_02_22
2,002773,康弘药业,0.1293,2020_02_22
2,002705,新宝股份,0.1292,2020_02_22
1,600455,博通股份,0.1292,2020_02_22
1,601512,中新集团,0.1291,2020_02_22
1,601319,中国人保,0.1288,2020_02_22
1,600533,栖霞建设,0.1288,2020_02_22
1,603679,华体科技,0.1287,2020_02_22
2,002117,东港股份,0.1285,2020_02_22
1,601577,长沙银行,0.1283,2020_02_22
1,601231,环旭电子,0.1282,2020_02_22
2,300690,双一科技,0.1278,2020_02_22
1,603390,通达电气,0.1278,2020_02_22
2,300637,扬帆新材,0.1278,2020_02_22
2,300765,新诺威,0.1278,2020_02_22
1,603663,三祥新材,0.1277,2020_02_22
2,300661,圣邦股份,0.1276,2020_02_22
2,002468,申通快递,0.1276,2020_02_22
1,600580,卧龙电驱,0.1275,2020_02_22
2,300584,海辰药业,0.1275,2020_02_22
2,002838,道恩股份,0.1275,2020_02_22
2,000036,华联控股,0.1274,2020_02_22
2,000029,深深房A,0.1274,2020_02_22
1,601877,正泰电器,0.1274,2020_02_22
1,603887,城地股份,0.1271,2020_02_22
1,603279,景津环保,0.1271,2020_02_22
1,603708,家家悦,0.127,2020_02_22
2,000034,神州数码,0.127,2020_02_22
2,000517,荣安地产,0.1269,2020_02_22
2,300738,奥飞数据,0.1268,2020_02_22
1,603357,设计总院,0.1267,2020_02_22
2,002798,帝欧家居,0.1267,2020_02_22
1,603225,新凤鸣,0.1266,2020_02_22
1,601865,福莱特,0.1264,2020_02_22
2,002081,金螳螂,0.1261,2020_02_22
2,002847,盐津铺子,0.126,2020_02_22
2,002973,侨银环保,0.126,2020_02_22
1,688202,美迪西,0.1258,2020_02_22
1,603801,志邦家居,0.1257,2020_02_22
2,300303,聚飞光电,0.1256,2020_02_22
2,300012,华测检测,0.1254,2020_02_22
2,300723,一品红,0.1251,2020_02_22
1,603697,有友食品,0.125,2020_02_22
2,300763,锦浪科技,0.1249,2020_02_22
1,600970,中材国际,0.1249,2020_02_22
2,000042,中洲控股,0.1245,2020_02_22
1,603277,银都股份,0.1245,2020_02_22
2,300452,山河药辅,0.1244,2020_02_22
1,600829,人民同泰,0.1243,2020_02_22
1,600900,长江电力,0.1241,2020_02_22
1,603181,皇马科技,0.1241,2020_02_22
2,002179,中航光电,0.124,2020_02_22
2,000650,仁和药业,0.1239,2020_02_22
2,000828,东莞控股,0.1238,2020_02_22
2,000538,云南白药,0.1238,2020_02_22
2,002223,鱼跃医疗,0.1237,2020_02_22
2,300792,壹网壹创,0.1237,2020_02_22
2,002396,星网锐捷,0.1236,2020_02_22
1,600563,法拉电子,0.1236,2020_02_22
2,000968,蓝焰控股,0.1236,2020_02_22
2,000739,普洛药业,0.1235,2020_02_22
2,300759,康龙化成,0.1234,2020_02_22
1,603516,淳中科技,0.1233,2020_02_22
2,300251,光线传媒,0.1232,2020_02_22
2,300152,科融环境,0.1232,2020_02_22
1,600993,马应龙,0.1231,2020_02_22
1,601838,成都银行,0.123,2020_02_22
1,603883,老百姓,0.123,2020_02_22
2,300758,七彩化学,0.123,2020_02_22
2,002511,中顺洁柔,0.1228,2020_02_22
2,002701,奥瑞金,0.1227,2020_02_22
1,601155,新城控股,0.1227,2020_02_22
2,002478,常宝股份,0.1227,2020_02_22
2,300113,顺网科技,0.1225,2020_02_22
2,300114,中航电测,0.1225,2020_02_22
2,300406,九强生物,0.1225,2020_02_22
2,002953,日丰股份,0.1222,2020_02_22
2,300813,泰林生物,0.1222,2020_02_22
1,600419,天润乳业,0.1222,2020_02_22
2,002360,同德化工,0.1221,2020_02_22
1,603040,新坐标,0.122,2020_02_22
1,601021,春秋航空,0.122,2020_02_22
2,000961,中南建设,0.122,2020_02_22
1,601009,南京银行,0.1219,2020_02_22
2,002937,兴瑞科技,0.1219,2020_02_22
1,600285,羚锐制药,0.1218,2020_02_22
2,300286,安科瑞,0.1217,2020_02_22
1,600548,深高速,0.1216,2020_02_22
1,603332,苏州龙杰,0.1216,2020_02_22
2,300599,雄塑科技,0.1214,2020_02_22
2,300797,钢研纳克,0.1213,2020_02_22
2,002222,福晶科技,0.1212,2020_02_22
1,603600,永艺股份,0.1212,2020_02_22
2,300785,值得买,0.1209,2020_02_22
2,002815,崇达技术,0.1209,2020_02_22
1,601636,旗滨集团,0.1208,2020_02_22
1,600885,宏发股份,0.1207,2020_02_22
2,002728,特一药业,0.1206,2020_02_22
1,600803,新奥股份,0.1206,2020_02_22
1,600857,宁波中百,0.1204,2020_02_22
1,603197,保隆科技,0.1204,2020_02_22
2,300753,爱朋医疗,0.1203,2020_02_22
2,002142,宁波银行,0.1202,2020_02_22
1,688033,天宜上佳,0.1202,2020_02_22
2,300446,乐凯新材,0.1202,2020_02_22
1,600323,瀚蓝环境,0.1202,2020_02_22
2,002050,三花智控,0.1201,2020_02_22
1,603351,威尔药业,0.1201,2020_02_22
1,603666,亿嘉和,0.1199,2020_02_22
2,002668,奥马电器,0.1197,2020_02_22
2,002318,久立特材,0.1197,2020_02_22
1,601515,东风股份,0.1196,2020_02_22
2,300768,迪普科技,0.1195,2020_02_22
1,603298,杭叉集团,0.1195,2020_02_22
2,002139,拓邦股份,0.1194,2020_02_22
2,000023,深天地A,0.1192,2020_02_22
2,002398,垒知集团,0.1191,2020_02_22
2,002909,集泰股份,0.119,2020_02_22
2,002275,桂林三金,0.1189,2020_02_22
2,002215,诺普信,0.1189,2020_02_22
1,603429,集友股份,0.1189,2020_02_22
1,601997,贵阳银行,0.1187,2020_02_22
2,002568,百润股份,0.1187,2020_02_22
1,600305,恒顺醋业,0.1186,2020_02_22
2,300570,太辰光,0.1186,2020_02_22
1,600020,中原高速,0.1185,2020_02_22
1,600449,宁夏建材,0.1184,2020_02_22
2,002788,鹭燕医药,0.1184,2020_02_22
1,603823,百合花,0.1183,2020_02_22
2,002557,洽洽食品,0.1182,2020_02_22
1,603111,康尼机电,0.1182,2020_02_22
1,601799,星宇股份,0.1181,2020_02_22
1,603008,喜临门,0.1181,2020_02_22
1,601966,玲珑轮胎,0.118,2020_02_22
1,688058,宝兰德,0.118,2020_02_22
1,603808,歌力思,0.118,2020_02_22
1,603010,万盛股份,0.118,2020_02_22
2,002737,葵花药业,0.1179,2020_02_22
1,601668,中国建筑,0.1179,2020_02_22
2,002768,国恩股份,0.1177,2020_02_22
2,002763,汇洁股份,0.1176,2020_02_22
2,002759,天际股份,0.1175,2020_02_22
1,600810,神马股份,0.1174,2020_02_22
2,300160,秀强股份,0.1173,2020_02_22
1,601077,渝农商行,0.1173,2020_02_22
2,002003,伟星股份,0.1173,2020_02_22
2,002088,鲁阳节能,0.1172,2020_02_22
2,300787,海能实业,0.1172,2020_02_22
2,002732,燕塘乳业,0.1171,2020_02_22
1,688389,普门科技,0.1171,2020_02_22
1,603025,大豪科技,0.1169,2020_02_22
1,603915,国茂股份,0.1169,2020_02_22
1,600673,东阳光,0.1169,2020_02_22
1,600512,腾达建设,0.1167,2020_02_22
2,002698,博实股份,0.1166,2020_02_22
1,600197,伊力特,0.1166,2020_02_22
1,600328,兰太实业,0.1164,2020_02_22
2,002233,塔牌集团,0.1163,2020_02_22
2,300476,胜宏科技,0.1161,2020_02_22
1,603819,神力股份,0.1161,2020_02_22
1,603393,新天然气,0.116,2020_02_22
2,300043,星辉娱乐,0.116,2020_02_22
2,000046,泛海控股,0.1159,2020_02_22
2,300341,麦克奥迪,0.1157,2020_02_22
2,000429,粤高速A,0.1155,2020_02_22
2,300438,鹏辉能源,0.1155,2020_02_22
1,603992,松霖科技,0.1153,2020_02_22
2,002563,森马服饰,0.1152,2020_02_22
1,688100,威胜信息,0.1151,2020_02_22
2,300701,森霸传感,0.1151,2020_02_22
1,603103,横店影视,0.115,2020_02_22
2,002853,皮阿诺,0.1149,2020_02_22
1,603113,金能科技,0.1148,2020_02_22
2,002221,东华能源,0.1148,2020_02_22
2,000997,新大陆,0.1148,2020_02_22
2,300394,天孚通信,0.1147,2020_02_22
1,600546,山煤国际,0.1147,2020_02_22
1,603916,苏博特,0.1147,2020_02_22
2,002971,和远气体,0.1144,2020_02_22
1,603326,我乐家居,0.1142,2020_02_22
1,600233,圆通速递,0.1142,2020_02_22
1,600644,乐山电力,0.1142,2020_02_22
1,688021,奥福环保,0.1142,2020_02_22
1,600660,福耀玻璃,0.1142,2020_02_22
1,600018,上港集团,0.1141,2020_02_22
1,603018,中设集团,0.1141,2020_02_22
1,603669,灵康药业,0.1141,2020_02_22
2,002918,蒙娜丽莎,0.114,2020_02_22
1,600871,石化油服,0.1139,2020_02_22
2,300757,罗博特科,0.1139,2020_02_22
2,002727,一心堂,0.1138,2020_02_22
2,300649,杭州园林,0.1137,2020_02_22
1,600702,舍得酒业,0.1135,2020_02_22
2,002587,奥拓电子,0.1135,2020_02_22
1,600383,金地集团,0.1135,2020_02_22
2,000913,钱江摩托,0.1134,2020_02_22
1,601001,大同煤业,0.1134,2020_02_22
1,688139,海尔生物,0.1132,2020_02_22
2,002352,顺丰控股,0.113,2020_02_22
2,000002,万科A,0.1129,2020_02_22
1,600750,江中药业,0.1128,2020_02_22
1,603885,吉祥航空,0.1127,2020_02_22
1,600062,华润双鹤,0.1127,2020_02_22
2,000065,北方国际,0.1127,2020_02_22
2,000952,广济药业,0.1126,2020_02_22
2,300789,唐源电气,0.1124,2020_02_22
2,300808,久量股份,0.1124,2020_02_22
1,603186,华正新材,0.1123,2020_02_22
1,600987,航民股份,0.1121,2020_02_22
1,600307,酒钢宏兴,0.112,2020_02_22
2,002078,太阳纸业,0.112,2020_02_22
1,603611,诺力股份,0.112,2020_02_22
1,603127,昭衍新药,0.112,2020_02_22
2,300316,晶盛机电,0.1118,2020_02_22
2,300502,新易盛,0.1117,2020_02_22
2,002098,浔兴股份,0.1116,2020_02_22
1,600177,雅戈尔,0.1116,2020_02_22
1,600886,国投电力,0.1114,2020_02_22
1,603218,日月股份,0.1114,2020_02_22
1,600511,国药股份,0.1114,2020_02_22
1,603108,润达医疗,0.1113,2020_02_22
1,600056,中国医药,0.1113,2020_02_22
1,601216,君正集团,0.1112,2020_02_22
2,002952,亚世光电,0.1111,2020_02_22
1,603328,依顿电子,0.111,2020_02_22
1,688268,华特气体,0.111,2020_02_22
2,002116,中国海诚,0.111,2020_02_22
1,601006,大秦铁路,0.111,2020_02_22
1,603878,武进不锈,0.1109,2020_02_22
2,300590,移为通信,0.1107,2020_02_22
2,002489,浙江永强,0.1106,2020_02_22
1,603377,东方时尚,0.1106,2020_02_22
2,002923,润都股份,0.1106,2020_02_22
1,603096,新经典,0.1105,2020_02_22
2,000703,恒逸石化,0.1105,2020_02_22
1,601658,邮储银行,0.1102,2020_02_22
1,601019,山东出版,0.1102,2020_02_22
1,601166,兴业银行,0.1102,2020_02_22
1,600897,厦门空港,0.1102,2020_02_22
1,601088,中国神华,0.1099,2020_02_22
1,688020,方邦股份,0.1099,2020_02_22
2,300009,安科生物,0.1097,2020_02_22
1,601939,建设银行,0.1096,2020_02_22
1,603713,密尔克卫,0.1096,2020_02_22
1,600188,兖州煤业,0.1095,2020_02_22
2,000785,居然之家,0.1094,2020_02_22
2,002381,双箭股份,0.1091,2020_02_22
2,000723,美锦能源,0.1091,2020_02_22
2,002648,卫星石化,0.1089,2020_02_22
2,300543,朗科智能,0.1089,2020_02_22
1,603588,高能环境,0.1088,2020_02_22
2,002294,信立泰,0.1086,2020_02_22
1,600113,浙江东日,0.1086,2020_02_22
1,603967,中创物流,0.1085,2020_02_22
2,002038,双鹭药业,0.1084,2020_02_22
2,002957,科瑞技术,0.1084,2020_02_22
2,300684,中石科技,0.1082,2020_02_22
1,603898,好莱客,0.1081,2020_02_22
2,002846,英联股份,0.108,2020_02_22
1,601677,明泰铝业,0.108,2020_02_22
1,600850,华东电脑,0.1078,2020_02_22
1,603309,维力医疗,0.1076,2020_02_22
1,600727,鲁北化工,0.1075,2020_02_22
1,603283,赛腾股份,0.1075,2020_02_22
2,000993,闽东电力,0.1074,2020_02_22
1,600984,建设机械,0.1073,2020_02_22
2,002641,永高股份,0.1072,2020_02_22
1,603970,中农立华,0.107,2020_02_22
1,601900,南方传媒,0.107,2020_02_22
1,603927,中科软,0.1069,2020_02_22
2,300795,米奥兰特,0.1068,2020_02_22
2,002019,亿帆医药,0.1067,2020_02_22
1,600053,九鼎投资,0.1067,2020_02_22
2,000581,威孚高科,0.1067,2020_02_22
1,601330,绿色动力,0.1067,2020_02_22
2,300285,国瓷材料,0.1067,2020_02_22
1,600901,江苏租赁,0.1066,2020_02_22
2,002332,仙琚制药,0.1066,2020_02_22
2,002946,新乳业,0.1066,2020_02_22
2,002802,洪汇新材,0.1066,2020_02_22
1,603260,合盛硅业,0.1064,2020_02_22
2,002958,青农商行,0.1064,2020_02_22
2,002695,煌上煌,0.1063,2020_02_22
2,002602,世纪华通,0.1063,2020_02_22
1,600521,华海药业,0.1063,2020_02_22
2,002949,华阳国际,0.1061,2020_02_22
2,002892,科力尔,0.1061,2020_02_22
1,600626,申达股份,0.106,2020_02_22
2,002083,孚日股份,0.106,2020_02_22
2,002756,永兴材料,0.106,2020_02_22
1,600388,龙净环保,0.1058,2020_02_22
2,002025,航天电器,0.1055,2020_02_22
1,600176,中国巨石,0.1055,2020_02_22
1,601916,浙商银行,0.1054,2020_02_22
1,603968,醋化股份,0.1054,2020_02_22
1,600741,华域汽车,0.1054,2020_02_22
2,300810,中科海讯,0.1053,2020_02_22
2,300616,尚品宅配,0.1053,2020_02_22
1,603800,道森股份,0.1052,2020_02_22
1,601567,三星医疗,0.1051,2020_02_22
2,300594,朗进科技,0.1051,2020_02_22
2,300233,金城医药,0.1051,2020_02_22
1,603797,联泰环保,0.105,2020_02_22
1,603086,先达股份,0.105,2020_02_22
2,300309,吉艾科技,0.1049,2020_02_22
1,603060,国检集团,0.1048,2020_02_22
2,002001,新和成,0.1048,2020_02_22
2,000732,泰禾集团,0.1048,2020_02_22
1,603416,信捷电气,0.1047,2020_02_22
2,300639,凯普生物,0.1047,2020_02_22
2,002039,黔源电力,0.1046,2020_02_22
1,600535,天士力,0.1046,2020_02_22
2,002831,裕同科技,0.1044,2020_02_22
2,300439,美康生物,0.1044,2020_02_22
2,300817,双飞股份,0.1042,2020_02_22
1,601298,青岛港,0.1042,2020_02_22
1,603458,勘设股份,0.1042,2020_02_22
2,002399,海普瑞,0.1041,2020_02_22
2,002036,联创电子,0.104,2020_02_22
2,000546,金圆股份,0.104,2020_02_22
1,600093,易见股份,0.104,2020_02_22
2,003816,中国广核,0.1038,2020_02_22
2,300019,硅宝科技,0.1038,2020_02_22
1,600007,中国国贸,0.1037,2020_02_22
2,002615,哈尔斯,0.1037,2020_02_22
2,002951,金时科技,0.1036,2020_02_22
2,002444,巨星科技,0.1036,2020_02_22
1,600325,华发股份,0.1034,2020_02_22
2,300234,开尔新材,0.1033,2020_02_22
2,300522,世名科技,0.1032,2020_02_22
1,600674,川投能源,0.1032,2020_02_22
1,603912,佳力图,0.1032,2020_02_22
2,000910,大亚圣象,0.1032,2020_02_22
1,600211,西藏药业,0.1031,2020_02_22
1,600761,安徽合力,0.1031,2020_02_22
1,603806,福斯特,0.103,2020_02_22
1,603989,艾华集团,0.1029,2020_02_22
1,603345,安井食品,0.1028,2020_02_22
1,688018,乐鑫科技,0.1028,2020_02_22
1,600025,华能水电,0.1028,2020_02_22
1,601952,苏垦农发,0.1026,2020_02_22
1,603598,引力传媒,0.1026,2020_02_22
2,000637,茂化实华,0.1026,2020_02_22
1,603538,美诺华,0.1025,2020_02_22
1,600048,保利地产,0.1025,2020_02_22
2,002014,永新股份,0.1024,2020_02_22
2,300531,优博讯,0.1024,2020_02_22
2,000422,ST宜化,0.1023,2020_02_22
2,000601,韶能股份,0.1023,2020_02_22
2,002353,杰瑞股份,0.1023,2020_02_22
2,002326,永太科技,0.1022,2020_02_22
2,002579,中京电子,0.1021,2020_02_22
2,000001,平安银行,0.102,2020_02_22
2,002883,中设股份,0.102,2020_02_22
1,688369,致远互联,0.102,2020_02_22
2,002191,劲嘉股份,0.102,2020_02_22
2,000411,英特集团,0.1019,2020_02_22
1,603167,渤海轮渡,0.1019,2020_02_22
1,600693,东百集团,0.1019,2020_02_22
2,300741,华宝股份,0.1018,2020_02_22
2,300799,左江科技,0.1017,2020_02_22
1,601965,中国汽研,0.1017,2020_02_22
2,300547,川环科技,0.1016,2020_02_22
2,002873,新天药业,0.1015,2020_02_22
1,603997,继峰股份,0.1015,2020_02_22
2,300428,四通新材,0.1015,2020_02_22
1,600643,爱建集团,0.1015,2020_02_22
2,000010,*ST美丽,0.1015,2020_02_22
2,300179,四方达,0.1014,2020_02_22
2,002384,东山精密,0.1014,2020_02_22
2,300118,东方日升,0.1013,2020_02_22
2,002462,嘉事堂,0.1013,2020_02_22
2,002056,横店东磁,0.1012,2020_02_22
1,603259,药明康德,0.1011,2020_02_22
1,600271,航天信息,0.101,2020_02_22
1,603319,湘油泵,0.101,2020_02_22
1,601398,工商银行,0.101,2020_02_22
2,300246,宝莱特,0.1008,2020_02_22
1,603380,易德龙,0.1008,2020_02_22
1,603858,步长制药,0.1008,2020_02_22
1,601288,农业银行,0.1007,2020_02_22
1,603867,新化股份,0.1007,2020_02_22
2,000902,新洋丰,0.1006,2020_02_22
2,300546,雄帝科技,0.1006,2020_02_22
2,000062,深圳华强,0.1005,2020_02_22
2,002531,天顺风能,0.1004,2020_02_22
1,603790,雅运股份,0.1004,2020_02_22
1,603098,森特股份,0.1003,2020_02_22
1,603839,安正时尚,0.1002,2020_02_22
2,000755,山西路桥,0.1002,2020_02_22
1,603081,大丰实业,0.0999,2020_02_22
1,603678,火炬电子,0.0999,2020_02_22
1,600016,民生银行,0.0999,2020_02_22
1,601158,重庆水务,0.0998,2020_02_22
2,300174,元力股份,0.0998,2020_02_22
1,603388,元成股份,0.0997,2020_02_22
2,002145,中核钛白,0.0997,2020_02_22
2,300371,汇中股份,0.0996,2020_02_22
1,600866,星湖科技,0.0996,2020_02_22
1,600229,城市传媒,0.0996,2020_02_22
2,300296,利亚德,0.0996,2020_02_22
2,300124,汇川技术,0.0995,2020_02_22
2,002962,五方光电,0.0995,2020_02_22
2,300731,科创新源,0.0995,2020_02_22
2,002203,海亮股份,0.0994,2020_02_22
1,603337,杰克股份,0.0993,2020_02_22
1,688138,清溢光电,0.0991,2020_02_22
1,603601,再升科技,0.0991,2020_02_22
2,300750,宁德时代,0.0991,2020_02_22
2,300575,中旗股份,0.0989,2020_02_22
2,000936,华西股份,0.0988,2020_02_22
2,000069,华侨城A,0.0988,2020_02_22
2,300320,海达股份,0.0986,2020_02_22
1,600557,康缘药业,0.0986,2020_02_22
1,688186,广大特材,0.0985,2020_02_22
1,603939,益丰药房,0.0985,2020_02_22
1,600694,大商股份,0.0985,2020_02_22
2,002027,分众传媒,0.0983,2020_02_22
2,000718,苏宁环球,0.0983,2020_02_22
2,002094,青岛金王,0.0982,2020_02_22
1,600408,ST安泰,0.098,2020_02_22
2,002419,天虹股份,0.098,2020_02_22
2,300578,会畅通讯,0.0979,2020_02_22
1,603365,水星家纺,0.0979,2020_02_22
2,300806,斯迪克,0.0978,2020_02_22
1,601229,上海银行,0.0978,2020_02_22
2,000985,大庆华科,0.0976,2020_02_22
1,600530,交大昂立,0.0976,2020_02_22
2,300445,康斯特,0.0975,2020_02_22
2,002637,赞宇科技,0.0975,2020_02_22
2,000757,浩物股份,0.0973,2020_02_22
2,300395,菲利华,0.0972,2020_02_22
2,002940,昂利康,0.0971,2020_02_22
2,300496,中科创达,0.0971,2020_02_22
2,002085,万丰奥威,0.0971,2020_02_22
1,601615,明阳智能,0.0971,2020_02_22
1,603027,千禾味业,0.0969,2020_02_22
1,603681,永冠新材,0.0969,2020_02_22
1,600704,物产中大,0.0968,2020_02_22
2,300031,宝通科技,0.0968,2020_02_22
1,600567,山鹰纸业,0.0968,2020_02_22
2,002430,杭氧股份,0.0968,2020_02_22
2,000513,丽珠集团,0.0967,2020_02_22
1,603115,海星股份,0.0967,2020_02_22
2,300623,捷捷微电,0.0967,2020_02_22
2,002664,长鹰信质,0.0967,2020_02_22
2,300284,苏交科,0.0966,2020_02_22
2,000030,富奥股份,0.0966,2020_02_22
1,603726,朗迪集团,0.0966,2020_02_22
2,002137,麦达数字,0.0966,2020_02_22
1,603985,恒润股份,0.0965,2020_02_22
2,002111,威海广泰,0.0964,2020_02_22
1,600461,洪城水业,0.0964,2020_02_22
2,000425,徐工机械,0.0964,2020_02_22
2,300568,星源材质,0.0964,2020_02_22
2,000818,航锦科技,0.0964,2020_02_22
1,603059,倍加洁,0.096,2020_02_22
2,300777,中简科技,0.0959,2020_02_22
1,603367,辰欣药业,0.0957,2020_02_22
1,600781,ST辅仁,0.0957,2020_02_22
2,300345,红宇新材,0.0957,2020_02_22
1,600706,曲江文旅,0.0957,2020_02_22
2,002617,露笑科技,0.0956,2020_02_22
1,600000,浦发银行,0.0956,2020_02_22
2,300389,艾比森,0.0955,2020_02_22
1,603662,柯力传感,0.0955,2020_02_22
2,002091,江苏国泰,0.0955,2020_02_22
2,002791,坚朗五金,0.0953,2020_02_22
1,600682,南京新百,0.0953,2020_02_22
1,603214,爱婴室,0.0952,2020_02_22
1,600794,保税科技,0.0952,2020_02_22
1,600873,梅花生物,0.095,2020_02_22
2,002632,道明光学,0.095,2020_02_22
1,603297,永新光学,0.095,2020_02_22
1,603089,正裕工业,0.095,2020_02_22
1,600252,中恒集团,0.0948,2020_02_22
2,300609,汇纳科技,0.0948,2020_02_22
1,600373,中文传媒,0.0946,2020_02_22
1,688007,光峰科技,0.0946,2020_02_22
2,000501,鄂武商A,0.0946,2020_02_22
1,603908,牧高笛,0.0945,2020_02_22
2,002936,郑州银行,0.0944,2020_02_22
1,600131,岷江水电,0.0944,2020_02_22
1,603185,上机数控,0.0944,2020_02_22
1,601128,常熟银行,0.0944,2020_02_22
2,002549,凯美特气,0.0943,2020_02_22
2,300427,红相股份,0.0943,2020_02_22
2,000671,阳光城,0.0943,2020_02_22
2,000915,山大华特,0.0942,2020_02_22
1,600589,广东榕泰,0.0942,2020_02_22
1,603226,菲林格尔,0.0941,2020_02_22
1,603039,泛微网络,0.0941,2020_02_22
2,002611,东方精工,0.0941,2020_02_22
1,603533,掌阅科技,0.0939,2020_02_22
1,601098,中南传媒,0.0939,2020_02_22
1,603013,亚普股份,0.0939,2020_02_22
2,002119,康强电子,0.0938,2020_02_22
1,600529,山东药玻,0.0938,2020_02_22
1,600919,江苏银行,0.0937,2020_02_22
1,603199,九华旅游,0.0936,2020_02_22
2,002293,罗莱生活,0.0936,2020_02_22
2,300677,英科医疗,0.0935,2020_02_22
2,300748,金力永磁,0.0934,2020_02_22
1,603557,起步股份,0.0934,2020_02_22
2,300408,三环集团,0.0934,2020_02_22
2,002938,鹏鼎控股,0.0934,2020_02_22
1,600928,西安银行,0.0933,2020_02_22
1,603787,新日股份,0.0933,2020_02_22
2,300035,中科电气,0.0933,2020_02_22
1,600577,精达股份,0.0933,2020_02_22
1,600295,鄂尔多斯,0.0933,2020_02_22
2,300137,先河环保,0.0932,2020_02_22
2,000811,冰轮环境,0.0931,2020_02_22
1,600997,开滦股份,0.0931,2020_02_22
2,002105,信隆健康,0.093,2020_02_22
1,603305,旭升股份,0.093,2020_02_22
1,600641,万业企业,0.093,2020_02_22
2,000796,凯撒旅业,0.093,2020_02_22
2,002518,科士达,0.0929,2020_02_22
2,000529,广弘控股,0.0929,2020_02_22
1,603303,得邦照明,0.0929,2020_02_22
1,600371,万向德农,0.0928,2020_02_22
1,600757,长江传媒,0.0928,2020_02_22
2,002300,太阳电缆,0.0928,2020_02_22
2,002080,中材科技,0.0925,2020_02_22
1,603980,吉华集团,0.0925,2020_02_22
2,002274,华昌化工,0.0925,2020_02_22
1,603661,恒林股份,0.0925,2020_02_22
2,300459,金科文化,0.0925,2020_02_22
2,002150,通润装备,0.0924,2020_02_22
2,002022,科华生物,0.0923,2020_02_22
2,300207,欣旺达,0.0923,2020_02_22
1,603067,振华股份,0.0923,2020_02_22
1,600143,金发科技,0.0923,2020_02_22
1,603058,永吉股份,0.0922,2020_02_22
2,002317,众生药业,0.0921,2020_02_22
1,603121,华培动力,0.0921,2020_02_22
2,300642,透景生命,0.0921,2020_02_22
2,300196,长海股份,0.0921,2020_02_22
1,600315,上海家化,0.0921,2020_02_22
2,002782,可立克,0.0919,2020_02_22
2,002049,紫光国微,0.0919,2020_02_22
1,600559,老白干酒,0.0919,2020_02_22
2,002550,千红制药,0.0918,2020_02_22
2,300243,瑞丰高材,0.0918,2020_02_22
1,600487,亨通光电,0.0918,2020_02_22
1,603766,隆鑫通用,0.0917,2020_02_22
2,300244,迪安诊断,0.0917,2020_02_22
1,601988,中国银行,0.0917,2020_02_22
1,600477,杭萧钢构,0.0916,2020_02_22
2,000524,岭南控股,0.0915,2020_02_22
2,002640,跨境通,0.0915,2020_02_22
2,000157,中联重科,0.0915,2020_02_22
2,300545,联得装备,0.0915,2020_02_22
1,688025,杰普特,0.0913,2020_02_22
1,603496,恒为科技,0.0913,2020_02_22
1,601169,北京银行,0.0913,2020_02_22
1,603359,东珠生态,0.0912,2020_02_22
2,002913,奥士康,0.0912,2020_02_22
1,603289,泰瑞机器,0.0912,2020_02_22
2,002864,盘龙药业,0.0912,2020_02_22
1,600422,昆药集团,0.0909,2020_02_22
2,002795,永和智控,0.0909,2020_02_22
1,600469,风神股份,0.0909,2020_02_22
2,300796,贝斯美,0.0908,2020_02_22
1,600740,山西焦化,0.0908,2020_02_22
1,603855,华荣股份,0.0907,2020_02_22
2,300519,新光药业,0.0907,2020_02_22
1,600845,宝信软件,0.0906,2020_02_22
1,601139,深圳燃气,0.0906,2020_02_22
2,002357,富临运业,0.0906,2020_02_22
2,300127,银河磁体,0.0903,2020_02_22
1,603657,春光科技,0.0903,2020_02_22
2,002064,华峰氨纶,0.0903,2020_02_22
2,300798,锦鸡股份,0.0902,2020_02_22
2,300388,国祯环保,0.0902,2020_02_22
1,600710,苏美达,0.0901,2020_02_22
1,688098,申联生物,0.0901,2020_02_22
2,000301,东方盛虹,0.09,2020_02_22
1,688090,瑞松科技,0.09,2020_02_22
1,603856,东宏股份,0.09,2020_02_22
1,603530,神马电力,0.09,2020_02_22
1,603798,康普顿,0.0899,2020_02_22
2,002714,牧原股份,0.0899,2020_02_22
2,300767,震安科技,0.0899,2020_02_22
2,002837,英维克,0.0898,2020_02_22
2,002302,西部建设,0.0898,2020_02_22
1,603920,世运电路,0.0898,2020_02_22
1,601998,中信银行,0.0898,2020_02_22
2,300786,国林科技,0.0897,2020_02_22
1,600971,恒源煤电,0.0897,2020_02_22
1,603881,数据港,0.0897,2020_02_22
2,300306,远方信息,0.0897,2020_02_22
2,002158,汉钟精机,0.0896,2020_02_22
1,601818,光大银行,0.0896,2020_02_22
1,688108,赛诺医疗,0.0895,2020_02_22
2,300200,高盟新材,0.0895,2020_02_22
2,300737,科顺股份,0.0895,2020_02_22
2,300660,江苏雷利,0.0894,2020_02_22
1,600926,杭州银行,0.0894,2020_02_22
1,601717,郑煤机,0.0894,2020_02_22
2,300206,理邦仪器,0.0893,2020_02_22
2,002931,锋龙股份,0.0892,2020_02_22
2,000528,柳工,0.0892,2020_02_22
1,600085,同仁堂,0.0892,2020_02_22
1,600210,紫江企业,0.0891,2020_02_22
2,002273,水晶光电,0.0891,2020_02_22
1,603033,三维股份,0.089,2020_02_22
2,002449,国星光电,0.089,2020_02_22
2,300067,安诺其,0.089,2020_02_22
1,603037,凯众股份,0.0889,2020_02_22
1,600076,康欣新材,0.0888,2020_02_22
1,688218,江苏北人,0.0888,2020_02_22
2,300131,英唐智控,0.0887,2020_02_22
1,603356,华菱精工,0.0887,2020_02_22
1,603192,汇得科技,0.0886,2020_02_22
1,601860,紫金银行,0.0886,2020_02_22
2,300231,银信科技,0.0886,2020_02_22
2,000860,顺鑫农业,0.0886,2020_02_22
2,002822,中装建设,0.0885,2020_02_22
2,300752,隆利科技,0.0885,2020_02_22
1,601137,博威合金,0.0885,2020_02_22
2,002552,宝鼎科技,0.0883,2020_02_22
2,000983,西山煤电,0.0882,2020_02_22
2,002436,兴森科技,0.0882,2020_02_22
2,002809,红墙股份,0.0881,2020_02_22
1,603398,邦宝益智,0.0881,2020_02_22
2,300769,德方纳米,0.0881,2020_02_22
1,600310,桂东电力,0.0881,2020_02_22
2,300791,仙乐健康,0.0881,2020_02_22
1,600327,大东方,0.0879,2020_02_22
1,603607,京华激光,0.0879,2020_02_22
1,600329,中新药业,0.0879,2020_02_22
1,600661,昂立教育,0.0879,2020_02_22
2,300192,科斯伍德,0.0879,2020_02_22
2,002660,茂硕电源,0.0878,2020_02_22
1,601828,美凯龙,0.0877,2020_02_22
2,300669,沪宁股份,0.0876,2020_02_22
2,002616,长青集团,0.0875,2020_02_22
1,601168,西部矿业,0.0875,2020_02_22
2,300382,斯莱克,0.0874,2020_02_22
2,300384,三联虹普,0.0873,2020_02_22
2,002757,南兴股份,0.0873,2020_02_22
1,601566,九牧王,0.0873,2020_02_22
2,002849,威星智能,0.0872,2020_02_22
1,600862,中航高科,0.0871,2020_02_22
2,300558,贝达药业,0.0871,2020_02_22
2,000531,穗恒运A,0.087,2020_02_22
2,300454,深信服,0.087,2020_02_22
2,002097,山河智能,0.0869,2020_02_22
1,600961,株冶集团,0.0869,2020_02_22
2,300203,聚光科技,0.0869,2020_02_22
2,002391,长青股份,0.0869,2020_02_22
1,600104,上汽集团,0.0868,2020_02_22
1,600287,江苏舜天,0.0868,2020_02_22
1,601811,新华文轩,0.0868,2020_02_22
1,600908,无锡银行,0.0866,2020_02_22
2,002028,思源电气,0.0866,2020_02_22
2,000598,兴蓉环境,0.0866,2020_02_22
2,300326,凯利泰,0.0865,2020_02_22
2,002392,北京利尔,0.0865,2020_02_22
2,300488,恒锋工具,0.0864,2020_02_22
2,002534,杭锅股份,0.0863,2020_02_22
1,603826,坤彩科技,0.0863,2020_02_22
1,603987,康德莱,0.0862,2020_02_22
2,002206,海利得,0.0862,2020_02_22
2,300411,金盾股份,0.0862,2020_02_22
1,601619,嘉泽新能,0.0862,2020_02_22
2,300258,精锻科技,0.0861,2020_02_22
1,603599,广信股份,0.0861,2020_02_22
2,300041,回天新材,0.0859,2020_02_22
2,300621,维业股份,0.0859,2020_02_22
1,600138,中青旅,0.0859,2020_02_22
2,002100,天康生物,0.0859,2020_02_22
2,300052,中青宝,0.0858,2020_02_22
2,300610,晨化股份,0.0858,2020_02_22
1,600170,上海建工,0.0857,2020_02_22
2,002688,金河生物,0.0856,2020_02_22
2,002493,荣盛石化,0.0856,2020_02_22
2,300017,网宿科技,0.0856,2020_02_22
1,600073,上海梅林,0.0856,2020_02_22
1,600572,康恩贝,0.0856,2020_02_22
2,000900,现代投资,0.0855,2020_02_22
2,000540,中天金融,0.0855,2020_02_22
2,000756,新华制药,0.0855,2020_02_22
2,300393,中来股份,0.0854,2020_02_22
1,603331,百达精工,0.0854,2020_02_22
1,601018,宁波港,0.0853,2020_02_22
1,603278,大业股份,0.0851,2020_02_22
2,002214,大立科技,0.085,2020_02_22
1,601607,上海医药,0.085,2020_02_22
2,002107,沃华医药,0.085,2020_02_22
2,002967,广电计量,0.0849,2020_02_22
1,600258,首旅酒店,0.0849,2020_02_22
2,300294,博雅生物,0.0848,2020_02_22
2,000688,国城矿业,0.0846,2020_02_22
2,000715,中兴商业,0.0846,2020_02_22
2,000100,TCL科技,0.0846,2020_02_22
1,601699,潞安环能,0.0844,2020_02_22
1,601928,凤凰传媒,0.0841,2020_02_22
1,603686,龙马环卫,0.0841,2020_02_22
2,000950,重药控股,0.084,2020_02_22
1,603966,法兰泰克,0.084,2020_02_22
1,603311,金海环境,0.084,2020_02_22
1,600415,小商品城,0.084,2020_02_22
2,300349,金卡智能,0.0839,2020_02_22
1,600738,兰州民百,0.0838,2020_02_22
2,300807,天迈科技,0.0838,2020_02_22
1,603685,晨丰科技,0.0838,2020_02_22
2,000631,顺发恒业,0.0837,2020_02_22
2,300727,润禾材料,0.0836,2020_02_22
2,300403,汉宇集团,0.0836,2020_02_22
1,603012,创力集团,0.0835,2020_02_22
2,002558,巨人网络,0.0835,2020_02_22
2,300058,蓝色光标,0.0835,2020_02_22
2,002248,华东数控,0.0834,2020_02_22
2,300259,新天科技,0.0833,2020_02_22
2,300766,每日互动,0.0833,2020_02_22
2,002877,智能自控,0.0832,2020_02_22
2,300775,三角防务,0.0831,2020_02_22
1,601598,中国外运,0.0831,2020_02_22
1,601186,中国铁建,0.0831,2020_02_22
1,603690,至纯科技,0.083,2020_02_22
2,300039,上海凯宝,0.083,2020_02_22
2,000919,金陵药业,0.0829,2020_02_22
1,688116,天奈科技,0.0829,2020_02_22
2,300620,光库科技,0.0827,2020_02_22
2,002843,泰嘉股份,0.0827,2020_02_22
1,603988,中电电机,0.0825,2020_02_22
2,002598,山东章鼓,0.0824,2020_02_22
2,300037,新宙邦,0.0823,2020_02_22
1,603301,振德医疗,0.0823,2020_02_22
2,300500,启迪设计,0.0823,2020_02_22
2,300121,阳谷华泰,0.0822,2020_02_22
1,600012,皖通高速,0.0822,2020_02_22
2,300138,晨光生物,0.0822,2020_02_22
2,300580,贝斯特,0.082,2020_02_22
1,600597,光明乳业,0.082,2020_02_22
2,300253,卫宁健康,0.082,2020_02_22
2,000830,鲁西化工,0.0819,2020_02_22
2,000799,酒鬼酒,0.0819,2020_02_22
2,002452,长高集团,0.0819,2020_02_22
1,688088,虹软科技,0.0819,2020_02_22
2,300398,飞凯材料,0.0818,2020_02_22
1,600035,楚天高速,0.0818,2020_02_22
2,001696,宗申动力,0.0818,2020_02_22
1,603578,三星新材,0.0818,2020_02_22
2,300593,新雷能,0.0818,2020_02_22
2,002034,旺能环境,0.0817,2020_02_22
2,300063,天龙集团,0.0817,2020_02_22
1,601328,交通银行,0.0816,2020_02_22
2,300779,惠城环保,0.0815,2020_02_22
2,002880,卫光生物,0.0814,2020_02_22
2,300429,强力新材,0.0814,2020_02_22
1,600483,福能股份,0.0814,2020_02_22
2,002790,瑞尔特,0.0814,2020_02_22
2,002401,中远海科,0.0813,2020_02_22
1,603229,奥翔药业,0.0813,2020_02_22
2,002887,绿茵生态,0.0813,2020_02_22
1,603179,新泉股份,0.0812,2020_02_22
1,601238,广汽集团,0.0812,2020_02_22
2,300622,博士眼镜,0.0812,2020_02_22
2,000726,鲁泰A,0.0811,2020_02_22
1,603030,全筑股份,0.0811,2020_02_22
2,002777,久远银海,0.081,2020_02_22
2,300447,全信股份,0.081,2020_02_22
1,688278,特宝生物,0.0809,2020_02_22
1,601588,北辰实业,0.0809,2020_02_22
2,300046,台基股份,0.0809,2020_02_22
2,002966,苏州银行,0.0808,2020_02_22
1,600629,华建集团,0.0808,2020_02_22
2,000559,万向钱潮,0.0808,2020_02_22
2,300298,三诺生物,0.0807,2020_02_22
1,603236,移远通信,0.0807,2020_02_22
1,603217,元利科技,0.0807,2020_02_22
1,603893,瑞芯微,0.0806,2020_02_22
1,603035,常熟汽饰,0.0806,2020_02_22
1,688009,中国通号,0.0806,2020_02_22
2,300650,太龙照明,0.0805,2020_02_22
1,600965,福成股份,0.0805,2020_02_22
2,300739,明阳电路,0.0804,2020_02_22
1,603608,天创时尚,0.0804,2020_02_22
1,600182,S佳通,0.0803,2020_02_22
1,603733,仙鹤股份,0.0803,2020_02_22
1,603258,电魂网络,0.0803,2020_02_22
2,002819,东方中科,0.0803,2020_02_22
2,002643,万润股份,0.0803,2020_02_22
2,002065,东华软件,0.0802,2020_02_22
2,002900,哈三联,0.0802,2020_02_22
1,600420,现代制药,0.0801,2020_02_22
1,603938,三孚股份,0.0801,2020_02_22
2,300790,宇瞳光学,0.0801,2020_02_22
2,002672,东江环保,0.0801,2020_02_22
2,300619,金银河,0.08,2020_02_22
1,603822,嘉澳环保,0.08,2020_02_22
1,603688,石英股份,0.08,2020_02_22
2,300658,延江股份,0.08,2020_02_22
2,002645,华宏科技,0.08,2020_02_22
2,300007,汉威科技,0.08,2020_02_22
2,300464,星徽精密,0.0799,2020_02_22
2,002075,沙钢股份,0.0799,2020_02_22
2,000028,国药一致,0.0799,2020_02_22
2,002315,焦点科技,0.0799,2020_02_22
1,600054,黄山旅游,0.0798,2020_02_22
1,600081,东风科技,0.0798,2020_02_22
1,600510,黑牡丹,0.0797,2020_02_22
1,603238,诺邦股份,0.0797,2020_02_22
1,603323,苏农银行,0.0797,2020_02_22
2,002514,宝馨科技,0.0796,2020_02_22
2,300569,天能重工,0.0796,2020_02_22
2,300376,易事特,0.0795,2020_02_22
1,688166,博瑞医药,0.0795,2020_02_22
1,600390,五矿资本,0.0794,2020_02_22
1,600376,首开股份,0.0794,2020_02_22
2,002799,环球印务,0.0793,2020_02_22
2,300342,天银机电,0.0793,2020_02_22
1,603689,皖天然气,0.0792,2020_02_22
1,600755,厦门国贸,0.0792,2020_02_22
1,603590,康辰药业,0.0792,2020_02_22
1,600066,宇通客车,0.079,2020_02_22
1,603158,腾龙股份,0.0789,2020_02_22
2,000573,粤宏远A,0.0789,2020_02_22
1,600479,千金药业,0.0789,2020_02_22
2,002048,宁波华翔,0.0789,2020_02_22
2,300695,兆丰股份,0.0789,2020_02_22
2,002649,博彦科技,0.0788,2020_02_22
1,601919,中远海控,0.0788,2020_02_22
2,000987,越秀金控,0.0787,2020_02_22
2,000988,华工科技,0.0786,2020_02_22
2,300501,海顺新材,0.0786,2020_02_22
2,300627,华测导航,0.0785,2020_02_22
2,002775,文科园林,0.0785,2020_02_22
1,603813,原尚股份,0.0784,2020_02_22
2,300082,奥克股份,0.0783,2020_02_22
1,600835,上海机电,0.0782,2020_02_22
1,600193,ST创兴,0.0782,2020_02_22
2,300383,光环新网,0.0782,2020_02_22
2,000791,甘肃电投,0.0782,2020_02_22
1,603099,长白山,0.0782,2020_02_22
1,600351,亚宝药业,0.0781,2020_02_22
2,002423,中粮资本,0.078,2020_02_22
1,600528,中铁工业,0.078,2020_02_22
1,600380,健康元,0.078,2020_02_22
1,600611,大众交通,0.078,2020_02_22
2,300718,长盛轴承,0.0779,2020_02_22
2,300443,金雷股份,0.0779,2020_02_22
1,600713,南京医药,0.0779,2020_02_22
2,002051,中工国际,0.0779,2020_02_22
1,603929,亚翔集成,0.0778,2020_02_22
2,300694,蠡湖股份,0.0777,2020_02_22
2,300756,中山金马,0.0777,2020_02_22
1,600256,广汇能源,0.0777,2020_02_22
1,600545,卓郎智能,0.0777,2020_02_22
2,002608,江苏国信,0.0776,2020_02_22
1,601869,长飞光纤,0.0776,2020_02_22
2,300026,红日药业,0.0775,2020_02_22
2,002889,东方嘉盛,0.0775,2020_02_22
2,300709,精研科技,0.0775,2020_02_22
2,001872,招商港口,0.0775,2020_02_22
1,601000,唐山港,0.0774,2020_02_22
1,600248,延长化建,0.0774,2020_02_22
2,300457,赢合科技,0.0773,2020_02_22
2,002532,新界泵业,0.0773,2020_02_22
1,601933,永辉超市,0.0772,2020_02_22
1,603558,健盛集团,0.0772,2020_02_22
1,600917,重庆燃气,0.0772,2020_02_22
2,000622,恒立实业,0.0771,2020_02_22
1,601985,中国核电,0.0771,2020_02_22
1,600785,新华百货,0.0771,2020_02_22
2,002002,鸿达兴业,0.077,2020_02_22
2,000019,深粮控股,0.077,2020_02_22
1,600737,中粮糖业,0.077,2020_02_22
1,600822,上海物贸,0.0769,2020_02_22
1,603527,众源新材,0.0769,2020_02_22
2,300451,创业慧康,0.0769,2020_02_22
1,601390,中国中铁,0.0769,2020_02_22
2,000878,云南铜业,0.0769,2020_02_22
1,603709,中源家居,0.0768,2020_02_22
2,000576,广东甘化,0.0768,2020_02_22
2,000975,银泰黄金,0.0768,2020_02_22
2,300566,激智科技,0.0767,2020_02_22
1,603299,苏盐井神,0.0767,2020_02_22
1,600859,王府井,0.0767,2020_02_22
2,000582,北部湾港,0.0767,2020_02_22
2,000888,峨眉山A,0.0767,2020_02_22
2,300781,因赛集团,0.0766,2020_02_22
2,300059,东方财富,0.0765,2020_02_22
2,002057,中钢天源,0.0765,2020_02_22
1,600406,国电南瑞,0.0765,2020_02_22
1,600350,山东高速,0.0763,2020_02_22
2,002062,宏润建设,0.0762,2020_02_22
1,688019,安集科技,0.0762,2020_02_22
2,002424,贵州百灵,0.0761,2020_02_22
2,300692,中环环保,0.0761,2020_02_22
1,600977,中国电影,0.0761,2020_02_22
1,603863,松炀资源,0.0761,2020_02_22
1,603928,兴业股份,0.0761,2020_02_22
2,002090,金智科技,0.076,2020_02_22
1,600337,美克家居,0.076,2020_02_22
1,603336,宏辉果蔬,0.076,2020_02_22
1,600117,西宁特钢,0.076,2020_02_22
1,600933,爱柯迪,0.0759,2020_02_22
2,002917,金奥博,0.0759,2020_02_22
1,603500,祥和实业,0.0759,2020_02_22
1,600760,中航沈飞,0.0758,2020_02_22
2,002195,二三四五,0.0758,2020_02_22
2,300536,农尚环境,0.0758,2020_02_22
2,002760,凤形股份,0.0758,2020_02_22
2,300617,安靠智电,0.0757,2020_02_22
1,601369,陕鼓动力,0.0757,2020_02_22
1,603903,中持股份,0.0757,2020_02_22
2,002225,濮耐股份,0.0757,2020_02_22
2,300818,耐普矿机,0.0756,2020_02_22
2,300420,五洋停车,0.0756,2020_02_22
2,000617,中油资本,0.0756,2020_02_22
2,002498,汉缆股份,0.0755,2020_02_22
2,300780,德恩精工,0.0754,2020_02_22
1,603956,威派格,0.0753,2020_02_22
2,000520,长航凤凰,0.0753,2020_02_22
1,600735,新华锦,0.0752,2020_02_22
2,002394,联发股份,0.0752,2020_02_22
1,603066,音飞储存,0.0752,2020_02_22
1,601107,四川成渝,0.075,2020_02_22
1,600863,内蒙华电,0.0748,2020_02_22
2,300563,神宇股份,0.0748,2020_02_22
2,300255,常山药业,0.0748,2020_02_22
2,000869,张裕A,0.0747,2020_02_22
2,300230,永利股份,0.0747,2020_02_22
2,300512,中亚股份,0.0747,2020_02_22
1,688028,沃尔德,0.0746,2020_02_22
2,002932,明德生物,0.0746,2020_02_22
1,603788,宁波高发,0.0746,2020_02_22
1,603138,海量数据,0.0746,2020_02_22
1,600266,城建发展,0.0745,2020_02_22
1,603680,今创集团,0.0745,2020_02_22
1,600705,中航资本,0.0744,2020_02_22
2,002033,丽江旅游,0.0744,2020_02_22
1,603556,海兴电力,0.0743,2020_02_22
2,002603,以岭药业,0.0743,2020_02_22
1,603017,中衡设计,0.0743,2020_02_22
2,002429,兆驰股份,0.0743,2020_02_22
1,601066,中信建投,0.0742,2020_02_22
2,300172,中电环保,0.074,2020_02_22
2,002541,鸿路钢构,0.074,2020_02_22
1,603055,台华新材,0.074,2020_02_22
2,300515,三德科技,0.0738,2020_02_22
1,600251,冠农股份,0.0738,2020_02_22
2,002895,川恒股份,0.0738,2020_02_22
1,600223,鲁商发展,0.0738,2020_02_22
1,600771,广誉远,0.0737,2020_02_22
1,603906,龙蟠科技,0.0736,2020_02_22
1,603041,美思德,0.0735,2020_02_22
1,603919,金徽酒,0.0733,2020_02_22
2,002406,远东传动,0.0733,2020_02_22
2,002687,乔治白,0.0733,2020_02_22
1,603969,银龙股份,0.0733,2020_02_22
1,603088,宁波精达,0.0733,2020_02_22
2,300193,佳士科技,0.0732,2020_02_22
1,601899,紫金矿业,0.0732,2020_02_22
1,600753,东方银星,0.0732,2020_02_22
2,000639,西王食品,0.0731,2020_02_22
1,600742,一汽富维,0.073,2020_02_22
1,600348,阳泉煤业,0.073,2020_02_22
1,600723,首商股份,0.073,2020_02_22
2,000498,山东路桥,0.073,2020_02_22
1,603227,雪峰科技,0.0729,2020_02_22
2,002412,汉森制药,0.0729,2020_02_22
2,300625,三雄极光,0.0729,2020_02_22
2,002258,利尔化学,0.0728,2020_02_22
2,002130,沃尔核材,0.0726,2020_02_22
1,600647,同达创业,0.0726,2020_02_22
1,601101,昊华能源,0.0726,2020_02_22
1,600068,葛洲坝,0.0725,2020_02_22
1,601117,中国化学,0.0725,2020_02_22
2,002839,张家港行,0.0724,2020_02_22
1,601111,中国国航,0.0723,2020_02_22
2,002866,传艺科技,0.0723,2020_02_22
1,603677,奇精机械,0.0722,2020_02_22
2,000668,荣丰控股,0.0722,2020_02_22
2,002327,富安娜,0.0722,2020_02_22
1,603687,大胜达,0.0722,2020_02_22
2,300119,瑞普生物,0.0722,2020_02_22
2,300066,三川智慧,0.0721,2020_02_22
2,000681,视觉中国,0.0719,2020_02_22
2,000822,山东海化,0.0718,2020_02_22
1,600522,中天科技,0.0718,2020_02_22
2,000006,深振业A,0.0718,2020_02_22
2,002373,千方科技,0.0717,2020_02_22
1,600596,新安股份,0.0717,2020_02_22
1,603528,多伦科技,0.0717,2020_02_22
1,603926,铁流股份,0.0712,2020_02_22
1,600208,新湖中宝,0.0712,2020_02_22
2,300462,华铭智能,0.0712,2020_02_22
2,300613,富瀚微,0.0712,2020_02_22
1,600665,天地源,0.0712,2020_02_22
1,600033,福建高速,0.0712,2020_02_22
2,000958,东方能源,0.0711,2020_02_22
2,300732,设研院,0.0711,2020_02_22
1,600648,外高桥,0.071,2020_02_22
2,000920,南方汇通,0.071,2020_02_22
2,002654,万润科技,0.0709,2020_02_22
2,001965,招商公路,0.0709,2020_02_22
2,002726,龙大肉食,0.0709,2020_02_22
2,002171,楚江新材,0.0709,2020_02_22
2,300606,金太阳,0.0708,2020_02_22
1,601611,中国核建,0.0707,2020_02_22
2,300214,日科化学,0.0707,2020_02_22
1,600079,人福医药,0.0707,2020_02_22
2,300634,彩讯股份,0.0706,2020_02_22
1,603535,嘉诚国际,0.0706,2020_02_22
2,300435,中泰股份,0.0706,2020_02_22
1,600123,兰花科创,0.0706,2020_02_22
1,600115,东方航空,0.0706,2020_02_22
1,603385,惠达卫浴,0.0705,2020_02_22
2,002745,木林森,0.0705,2020_02_22
1,600107,美尔雅,0.0705,2020_02_22
1,600196,复星医药,0.0704,2020_02_22
2,300458,全志科技,0.0704,2020_02_22
2,000736,中交地产,0.0704,2020_02_22
2,002008,大族激光,0.0704,2020_02_22
2,000887,中鼎股份,0.0703,2020_02_22
2,002408,齐翔腾达,0.0703,2020_02_22
1,600317,营口港,0.0703,2020_02_22
2,300385,雪浪环境,0.0703,2020_02_22
1,603586,金麒麟,0.0702,2020_02_22
2,300749,顶固集创,0.0702,2020_02_22
1,600731,湖南海利,0.0702,2020_02_22
2,002438,江苏神通,0.0702,2020_02_22
1,601200,上海环境,0.0702,2020_02_22
1,603901,永创智能,0.0702,2020_02_22
2,002189,中光学,0.0702,2020_02_22
2,000655,金岭矿业,0.0701,2020_02_22
2,300360,炬华科技,0.0701,2020_02_22
2,002443,金洲管道,0.0701,2020_02_22
2,002194,武汉凡谷,0.0701,2020_02_22
1,600865,百大集团,0.07,2020_02_22
1,603838,四通股份,0.07,2020_02_22
2,002422,科伦药业,0.0699,2020_02_22
2,002047,宝鹰股份,0.0699,2020_02_22
1,600588,用友网络,0.0698,2020_02_22
2,002683,宏大爆破,0.0698,2020_02_22
1,600160,巨化股份,0.0697,2020_02_22
2,002126,银轮股份,0.0697,2020_02_22
2,002736,国信证券,0.0696,2020_02_22
1,688022,瀚川智能,0.0696,2020_02_22
2,002879,长缆科技,0.0696,2020_02_22
1,603007,花王股份,0.0695,2020_02_22
2,002437,誉衡药业,0.0694,2020_02_22
2,300605,恒锋信息,0.0694,2020_02_22
2,300274,阳光电源,0.0693,2020_02_22
2,000676,智度股份,0.0692,2020_02_22
2,300416,苏试试验,0.0692,2020_02_22
1,600565,迪马股份,0.0692,2020_02_22
1,601311,骆驼股份,0.0691,2020_02_22
1,600475,华光股份,0.0691,2020_02_22
1,600667,太极实业,0.0691,2020_02_22
1,603315,福鞍股份,0.069,2020_02_22
2,002138,顺络电子,0.0689,2020_02_22
2,300365,恒华科技,0.0689,2020_02_22
2,002948,青岛银行,0.0688,2020_02_22
2,000026,飞亚达,0.0688,2020_02_22
2,000059,华锦股份,0.0687,2020_02_22
2,300511,雪榕生物,0.0687,2020_02_22
1,688310,迈得医疗,0.0687,2020_02_22
2,002084,海鸥住工,0.0686,2020_02_22
1,600508,上海能源,0.0686,2020_02_22
2,002871,伟隆股份,0.0685,2020_02_22
1,603306,华懋科技,0.0685,2020_02_22
1,600127,金健米业,0.0685,2020_02_22
2,300579,数字认证,0.0685,2020_02_22
1,600909,华安证券,0.0684,2020_02_22
2,002927,泰永长征,0.0684,2020_02_22
2,002561,徐家汇,0.0684,2020_02_22
2,300092,科新机电,0.0683,2020_02_22
2,300437,清水源,0.0683,2020_02_22
2,002228,合兴包装,0.0683,2020_02_22
2,300292,吴通控股,0.0682,2020_02_22
2,002254,泰和新材,0.0681,2020_02_22
1,603668,天马科技,0.0681,2020_02_22
2,002281,光迅科技,0.0681,2020_02_22
1,600754,锦江酒店,0.0681,2020_02_22
2,300717,华信新材,0.068,2020_02_22
2,002404,嘉欣丝绸,0.068,2020_02_22
1,688099,晶晨股份,0.0679,2020_02_22
2,002591,恒大高新,0.0679,2020_02_22
1,603200,上海洗霸,0.0678,2020_02_22
1,601222,林洋能源,0.0678,2020_02_22
1,688366,昊海生科,0.0678,2020_02_22
2,000719,中原传媒,0.0677,2020_02_22
2,002376,新北洋,0.0677,2020_02_22
2,002573,清新环境,0.0677,2020_02_22
2,300271,华宇软件,0.0677,2020_02_22
1,603937,丽岛新材,0.0676,2020_02_22
1,603488,展鹏科技,0.0676,2020_02_22
1,688015,交控科技,0.0674,2020_02_22
2,002414,高德红外,0.0674,2020_02_22
1,603728,鸣志电器,0.0674,2020_02_22
1,600213,亚星客车,0.0673,2020_02_22
2,300720,海川智能,0.0673,2020_02_22
2,300505,川金诺,0.0673,2020_02_22
1,600030,中信证券,0.0672,2020_02_22
2,300145,中金环境,0.0672,2020_02_22
1,600379,宝光股份,0.0672,2020_02_22
1,600903,贵州燃气,0.0671,2020_02_22
1,600125,铁龙物流,0.0671,2020_02_22
2,002621,美吉姆,0.067,2020_02_22
2,002796,世嘉科技,0.067,2020_02_22
2,001979,招商蛇口,0.0669,2020_02_22
1,600195,中牧股份,0.0668,2020_02_22
2,002589,瑞康医药,0.0668,2020_02_22
2,300504,天邑股份,0.0666,2020_02_22
1,603567,珍宝岛,0.0666,2020_02_22
1,603706,东方环宇,0.0665,2020_02_22
2,002053,云南能投,0.0665,2020_02_22
2,300603,立昂技术,0.0665,2020_02_22
1,603580,艾艾精工,0.0665,2020_02_22
2,000560,我爱我家,0.0665,2020_02_22
1,600820,隧道股份,0.0664,2020_02_22
1,601666,平煤股份,0.0663,2020_02_22
2,300212,易华录,0.0663,2020_02_22
2,002526,山东矿机,0.0663,2020_02_22
2,002680,*ST长生,0.0663,2020_02_22
1,603859,能科股份,0.0663,2020_02_22
2,002367,康力电梯,0.0663,2020_02_22
1,600057,厦门象屿,0.0663,2020_02_22
1,600269,赣粤高速,0.0662,2020_02_22
1,601669,中国电建,0.0662,2020_02_22
2,002074,国轩高科,0.0661,2020_02_22
2,300600,瑞特股份,0.0661,2020_02_22
2,002519,银河电子,0.066,2020_02_22
2,002717,岭南股份,0.0659,2020_02_22
2,300533,冰川网络,0.0659,2020_02_22
2,002945,华林证券,0.0659,2020_02_22
1,600792,云煤能源,0.0659,2020_02_22
1,601188,龙江交通,0.0659,2020_02_22
1,603006,联明股份,0.0658,2020_02_22
2,000155,川能动力,0.0658,2020_02_22
2,002840,华统股份,0.0658,2020_02_22
1,603897,长城科技,0.0657,2020_02_22
1,600153,建发股份,0.0657,2020_02_22
2,300538,同益股份,0.0657,2020_02_22
2,300693,盛弘股份,0.0656,2020_02_22
2,000928,中钢国际,0.0656,2020_02_22
1,603100,川仪股份,0.0656,2020_02_22
1,603256,宏和科技,0.0655,2020_02_22
2,002930,宏川智慧,0.0655,2020_02_22
2,002010,传化智联,0.0655,2020_02_22
1,600061,国投资本,0.0654,2020_02_22
2,300034,钢研高纳,0.0654,2020_02_22
1,600874,创业环保,0.0653,2020_02_22
1,600090,同济堂,0.0653,2020_02_22
2,000850,华茂股份,0.0653,2020_02_22
2,000967,盈峰环境,0.0652,2020_02_22
2,000777,中核科技,0.0652,2020_02_22
2,300635,中达安,0.0652,2020_02_22
1,600639,浦东金桥,0.0651,2020_02_22
1,603333,尚纬股份,0.0651,2020_02_22
2,300073,当升科技,0.065,2020_02_22
1,601800,中国交建,0.065,2020_02_22
1,603998,方盛制药,0.0649,2020_02_22
1,600439,瑞贝卡,0.0649,2020_02_22
2,300260,新莱应材,0.0648,2020_02_22
2,002836,新宏泽,0.0648,2020_02_22
2,002811,亚泰国际,0.0648,2020_02_22
1,603701,德宏股份,0.0648,2020_02_22
1,600513,联环药业,0.0647,2020_02_22
2,300036,超图软件,0.0647,2020_02_22
2,002820,桂发祥,0.0647,2020_02_22
2,000683,远兴能源,0.0646,2020_02_22
2,002675,东诚药业,0.0646,2020_02_22
1,603045,福达合金,0.0646,2020_02_22
1,601766,中国中车,0.0645,2020_02_22
2,300441,鲍斯股份,0.0645,2020_02_22
1,603128,华贸物流,0.0645,2020_02_22
2,300582,英飞特,0.0645,2020_02_22
1,600823,世茂股份,0.0645,2020_02_22
1,601163,三角轮胎,0.0644,2020_02_22
2,000636,风华高科,0.0644,2020_02_22
1,600695,绿庭投资,0.0644,2020_02_22
1,600777,新潮能源,0.0643,2020_02_22
2,300227,光韵达,0.0643,2020_02_22
1,600853,龙建股份,0.0643,2020_02_22
1,601199,江南水务,0.0643,2020_02_22
2,300453,三鑫医疗,0.0642,2020_02_22
1,603665,康隆达,0.0642,2020_02_22
2,300235,方直科技,0.0642,2020_02_22
2,002885,京泉华,0.0641,2020_02_22
2,300315,掌趣科技,0.0641,2020_02_22
2,002451,摩恩电气,0.0641,2020_02_22
2,002061,浙江交科,0.0641,2020_02_22
1,600869,智慧能源,0.0641,2020_02_22
1,603239,浙江仙通,0.064,2020_02_22
1,603019,中科曙光,0.0639,2020_02_22
2,002133,广宇集团,0.0639,2020_02_22
1,600106,重庆路桥,0.0638,2020_02_22
2,002303,美盈森,0.0638,2020_02_22
2,000776,广发证券,0.0637,2020_02_22
2,300560,中富通,0.0637,2020_02_22
1,600015,华夏银行,0.0637,2020_02_22
2,002789,建艺集团,0.0637,2020_02_22
1,600650,锦江投资,0.0637,2020_02_22
2,300509,新美星,0.0637,2020_02_22
1,600171,上海贝岭,0.0637,2020_02_22
1,603739,蔚蓝生物,0.0636,2020_02_22
2,300652,雷迪克,0.0635,2020_02_22
1,600202,哈空调,0.0635,2020_02_22
2,002125,湘潭电化,0.0635,2020_02_22
1,603110,东方材料,0.0634,2020_02_22
2,000027,深圳能源,0.0634,2020_02_22
2,002614,奥佳华,0.0634,2020_02_22
1,688159,有方科技,0.0634,2020_02_22
1,600393,粤泰股份,0.0634,2020_02_22
2,002733,雄韬股份,0.0633,2020_02_22
2,002241,歌尔股份,0.0633,2020_02_22
2,000534,万泽股份,0.0632,2020_02_22
1,600976,健民集团,0.0632,2020_02_22
1,600697,欧亚集团,0.0632,2020_02_22
2,002115,三维通信,0.0632,2020_02_22
2,300433,蓝思科技,0.0632,2020_02_22
1,600088,中视传媒,0.0631,2020_02_22
2,300295,三六五网,0.0631,2020_02_22
2,000591,太阳能,0.063,2020_02_22
2,002620,瑞和股份,0.0629,2020_02_22
2,000819,岳阳兴长,0.0629,2020_02_22
1,601992,金隅集团,0.0629,2020_02_22
1,600491,龙元建设,0.0629,2020_02_22
2,300163,先锋新材,0.0629,2020_02_22
1,603815,交建股份,0.0629,2020_02_22
2,000166,申万宏源,0.0628,2020_02_22
2,000778,新兴铸管,0.0628,2020_02_22
2,000032,深桑达A,0.0628,2020_02_22
2,002226,江南化工,0.0628,2020_02_22
1,600063,皖维高新,0.0628,2020_02_22
1,601858,中国科传,0.0628,2020_02_22
2,300676,华大基因,0.0626,2020_02_22
1,600029,南方航空,0.0626,2020_02_22
2,300335,迪森股份,0.0624,2020_02_22
1,603038,华立股份,0.0624,2020_02_22
2,002850,科达利,0.0624,2020_02_22
1,688258,卓易信息,0.0624,2020_02_22
2,300220,金运激光,0.0623,2020_02_22
1,688002,睿创微纳,0.0623,2020_02_22
1,600185,格力地产,0.0623,2020_02_22
1,603076,乐惠国际,0.0623,2020_02_22
1,603696,安记食品,0.0622,2020_02_22
2,300308,中际旭创,0.0622,2020_02_22
2,002416,爱施德,0.0622,2020_02_22
2,002723,金莱特,0.0621,2020_02_22
1,600011,华能国际,0.0621,2020_02_22
2,000790,泰合健康,0.0621,2020_02_22
2,000813,德展健康,0.0621,2020_02_22
2,300440,运达科技,0.0621,2020_02_22
2,300743,天地数码,0.062,2020_02_22
2,002845,同兴达,0.0619,2020_02_22
2,002730,电光科技,0.0619,2020_02_22
1,601866,中远海发,0.0618,2020_02_22
1,601816,京沪高铁,0.0618,2020_02_22
1,600308,华泰股份,0.0617,2020_02_22
2,300636,同和药业,0.0617,2020_02_22
1,603877,太平鸟,0.0616,2020_02_22
2,002852,道道全,0.0616,2020_02_22
2,002301,齐心集团,0.0616,2020_02_22
1,600363,联创光电,0.0616,2020_02_22
2,300687,赛意信息,0.0616,2020_02_22
1,600180,瑞茂通,0.0616,2020_02_22
2,000923,河钢资源,0.0616,2020_02_22
1,600378,昊华科技,0.0615,2020_02_22
1,600496,精工钢构,0.0615,2020_02_22
2,002042,华孚时尚,0.0614,2020_02_22
2,000525,红太阳,0.0614,2020_02_22
2,300190,维尔利,0.0613,2020_02_22
1,600120,浙江东方,0.0613,2020_02_22
2,002933,新兴装备,0.0613,2020_02_22
1,603977,国泰集团,0.0613,2020_02_22
1,600575,淮河能源,0.0612,2020_02_22
2,002553,南方轴承,0.0612,2020_02_22
1,603936,博敏电子,0.0612,2020_02_22
1,600498,烽火通信,0.0611,2020_02_22
2,300373,扬杰科技,0.0611,2020_02_22
1,600837,海通证券,0.0611,2020_02_22
2,002825,纳尔股份,0.0611,2020_02_22
2,002859,洁美科技,0.061,2020_02_22
1,600642,申能股份,0.061,2020_02_22
2,002479,富春环保,0.061,2020_02_22
2,300664,鹏鹞环保,0.061,2020_02_22
1,603917,合力科技,0.061,2020_02_22
1,601326,秦港股份,0.0608,2020_02_22
1,603900,莱绅通灵,0.0608,2020_02_22
1,601898,中煤能源,0.0607,2020_02_22
1,603909,合诚股份,0.0607,2020_02_22
2,000823,超声电子,0.0606,2020_02_22
1,600459,贵研铂业,0.0606,2020_02_22
2,002961,瑞达期货,0.0605,2020_02_22
1,603889,新澳股份,0.0605,2020_02_22
1,600097,开创国际,0.0605,2020_02_22
2,000931,中关村,0.0605,2020_02_22
2,000543,皖能电力,0.0605,2020_02_22
1,601990,南京证券,0.0604,2020_02_22
2,000060,中金岭南,0.0604,2020_02_22
1,601801,皖新传媒,0.0604,2020_02_22
1,600769,祥龙电业,0.0603,2020_02_22
2,002013,中航机电,0.0603,2020_02_22
2,002371,北方华创,0.0602,2020_02_22
2,300387,富邦股份,0.0602,2020_02_22
1,603020,爱普股份,0.0602,2020_02_22
1,603378,亚士创能,0.0602,2020_02_22
2,300550,和仁科技,0.0602,2020_02_22
1,601016,节能风电,0.0601,2020_02_22
1,600297,广汇汽车,0.0601,2020_02_22
2,300272,开能健康,0.0601,2020_02_22
2,002044,美年健康,0.06,2020_02_22
1,600028,中国石化,0.0599,2020_02_22
2,300129,泰胜风能,0.0599,2020_02_22
2,002340,格林美,0.0598,2020_02_22
2,000863,三湘印象,0.0598,2020_02_22
1,603118,共进股份,0.0597,2020_02_22
1,601808,中海油服,0.0597,2020_02_22
2,002140,东华科技,0.0596,2020_02_22
2,002238,天威视讯,0.0595,2020_02_22
2,000899,赣能股份,0.0594,2020_02_22
2,002926,华西证券,0.0594,2020_02_22
2,000825,太钢不锈,0.0594,2020_02_22
2,002533,金杯电工,0.0594,2020_02_22
2,002154,报喜鸟,0.0594,2020_02_22
2,002661,克明面业,0.0594,2020_02_22
2,000078,海王生物,0.0593,2020_02_22
2,000035,中国天楹,0.0593,2020_02_22
1,600490,鹏欣资源,0.0593,2020_02_22
1,601886,江河集团,0.0592,2020_02_22
1,600299,安迪苏,0.0592,2020_02_22
2,000025,特力A,0.0592,2020_02_22
2,300194,福安药业,0.0592,2020_02_22
1,603817,海峡环保,0.0592,2020_02_22
2,300576,容大感光,0.0591,2020_02_22
2,002343,慈文传媒,0.0591,2020_02_22
1,603880,南卫股份,0.059,2020_02_22
2,002487,大金重工,0.059,2020_02_22
2,300508,维宏股份,0.0589,2020_02_22
1,600039,四川路桥,0.0588,2020_02_22
1,600999,招商证券,0.0588,2020_02_22
1,600116,三峡水利,0.0587,2020_02_22
2,002891,中宠股份,0.0586,2020_02_22
2,002800,天顺股份,0.0586,2020_02_22
2,000733,振华科技,0.0585,2020_02_22
1,603722,阿科力,0.0585,2020_02_22
2,002559,亚威股份,0.0585,2020_02_22
2,000685,中山公用,0.0585,2020_02_22
1,603825,华扬联众,0.0585,2020_02_22
2,002283,天润曲轴,0.0584,2020_02_22
2,000012,南玻A,0.0584,2020_02_22
2,002712,思美传媒,0.0584,2020_02_22
2,002063,远光软件,0.0584,2020_02_22
1,600023,浙能电力,0.0584,2020_02_22
2,002106,莱宝高科,0.0583,2020_02_22
2,002345,潮宏基,0.0583,2020_02_22
2,300455,康拓红外,0.0583,2020_02_22
1,603711,香飘飘,0.0583,2020_02_22
1,600335,国机汽车,0.0583,2020_02_22
2,002807,江阴银行,0.0583,2020_02_22
1,600814,杭州解百,0.0582,2020_02_22
1,603566,普莱柯,0.0582,2020_02_22
1,600502,安徽建工,0.0582,2020_02_22
2,002539,云图控股,0.0581,2020_02_22
2,002202,金风科技,0.0581,2020_02_22
2,000058,深赛格,0.0581,2020_02_22
2,300151,昌红科技,0.058,2020_02_22
2,300021,大禹节水,0.058,2020_02_22
2,000565,渝三峡A,0.0579,2020_02_22
1,600838,上海九百,0.0579,2020_02_22
1,603266,天龙股份,0.0578,2020_02_22
1,600382,广东明珠,0.0578,2020_02_22
1,603959,百利科技,0.0578,2020_02_22
1,603161,科华控股,0.0578,2020_02_22
1,600795,国电电力,0.0578,2020_02_22
1,601688,华泰证券,0.0577,2020_02_22
1,600581,八一钢铁,0.0577,2020_02_22
2,002243,通产丽星,0.0577,2020_02_22
1,600592,龙溪股份,0.0577,2020_02_22
1,600481,双良节能,0.0577,2020_02_22
2,002915,中欣氟材,0.0577,2020_02_22
2,002217,合力泰,0.0577,2020_02_22
2,300390,天华超净,0.0576,2020_02_22
1,600021,上海电力,0.0576,2020_02_22
2,000153,丰原药业,0.0576,2020_02_22
1,601949,中国出版,0.0575,2020_02_22
1,603890,春秋电子,0.0575,2020_02_22
2,002434,万里扬,0.0575,2020_02_22
2,002908,德生科技,0.0575,2020_02_22
1,601228,广州港,0.0574,2020_02_22
2,002896,中大力德,0.0574,2020_02_22
1,600162,香江控股,0.0573,2020_02_22
2,000682,东方电子,0.0572,2020_02_22
2,002152,广电运通,0.0572,2020_02_22
1,603656,泰禾光电,0.0572,2020_02_22
2,300215,电科院,0.0572,2020_02_22
1,603716,塞力斯,0.0572,2020_02_22
2,002441,众业达,0.0571,2020_02_22
1,601881,中国银河,0.057,2020_02_22
2,300696,爱乐达,0.057,2020_02_22
2,300689,澄天伟业,0.057,2020_02_22
2,002783,凯龙股份,0.0569,2020_02_22
2,000686,东北证券,0.0568,2020_02_22
2,002135,东南网架,0.0567,2020_02_22
2,002237,恒邦股份,0.0567,2020_02_22
1,603016,新宏泰,0.0567,2020_02_22
1,603396,金辰股份,0.0567,2020_02_22
2,000883,湖北能源,0.0566,2020_02_22
1,601789,宁波建工,0.0565,2020_02_22
2,300537,广信材料,0.0564,2020_02_22
1,603979,金诚信,0.0564,2020_02_22
1,600497,驰宏锌锗,0.0563,2020_02_22
2,002136,安纳达,0.0563,2020_02_22
1,600353,旭光股份,0.0563,2020_02_22
2,002187,广百股份,0.0563,2020_02_22
1,600410,华胜天成,0.0563,2020_02_22
1,603818,曲美家居,0.0563,2020_02_22
1,603955,大千生态,0.0562,2020_02_22
2,002735,王子新材,0.0562,2020_02_22
2,300154,瑞凌股份,0.0562,2020_02_22
1,600998,九州通,0.0561,2020_02_22
2,000415,渤海租赁,0.0561,2020_02_22
2,002503,搜于特,0.0561,2020_02_22
1,600688,上海石化,0.056,2020_02_22
2,002457,青龙管业,0.056,2020_02_22
1,600968,海油发展,0.0559,2020_02_22
1,600833,第一医药,0.0558,2020_02_22
2,000977,浪潮信息,0.0558,2020_02_22
1,601678,滨化股份,0.0558,2020_02_22
2,002004,华邦健康,0.0557,2020_02_22
1,601198,东兴证券,0.0556,2020_02_22
1,600231,凌钢股份,0.0556,2020_02_22
2,002216,三全食品,0.0555,2020_02_22
2,002481,双塔食品,0.0555,2020_02_22
1,603809,豪能股份,0.0555,2020_02_22
2,002700,新疆浩源,0.0554,2020_02_22
1,603896,寿仙谷,0.0554,2020_02_22
1,603888,新华网,0.0554,2020_02_22
1,600979,广安爱众,0.0553,2020_02_22
1,601633,长城汽车,0.0553,2020_02_22
2,002244,滨江集团,0.0553,2020_02_22
1,603383,顶点软件,0.0552,2020_02_22
1,600699,均胜电子,0.055,2020_02_22
2,300300,汉鼎宇佑,0.055,2020_02_22
1,601368,绿城水务,0.055,2020_02_22
2,000016,深康佳A,0.0548,2020_02_22
2,002538,司尔特,0.0548,2020_02_22
1,603421,鼎信通讯,0.0547,2020_02_22
1,603648,畅联股份,0.0547,2020_02_22
2,002461,珠江啤酒,0.0545,2020_02_22
1,603339,四方科技,0.0545,2020_02_22
2,300223,北京君正,0.0545,2020_02_22
1,600446,金证股份,0.0545,2020_02_22
1,601086,国芳集团,0.0544,2020_02_22
2,300474,景嘉微,0.0544,2020_02_22
2,002724,海洋王,0.0543,2020_02_22
2,300078,思创医惠,0.0542,2020_02_22
2,002252,上海莱士,0.0542,2020_02_22
2,002929,润建股份,0.0541,2020_02_22
2,000539,粤电力A,0.0541,2020_02_22
2,000751,锌业股份,0.0541,2020_02_22
2,000623,吉林敖东,0.0538,2020_02_22
2,300343,联创股份,0.0538,2020_02_22
2,300424,航新科技,0.0538,2020_02_22
1,603320,迪贝电气,0.0538,2020_02_22
2,000783,长江证券,0.0538,2020_02_22
2,300674,宇信科技,0.0538,2020_02_22
1,600703,三安光电,0.0538,2020_02_22
1,600345,长江通信,0.0537,2020_02_22
2,300691,联合光电,0.0537,2020_02_22
1,603876,鼎胜新材,0.0537,2020_02_22
2,002612,朗姿股份,0.0537,2020_02_22
2,002905,金逸影视,0.0536,2020_02_22
2,300712,永福股份,0.0535,2020_02_22
1,603079,圣达生物,0.0534,2020_02_22
2,300254,仟源医药,0.0533,2020_02_22
2,300492,山鼎设计,0.0531,2020_02_22
1,603776,永安行,0.0531,2020_02_22
1,601010,文峰股份,0.0531,2020_02_22
2,002322,理工环科,0.0531,2020_02_22
1,600939,重庆建工,0.0531,2020_02_22
2,000541,佛山照明,0.0531,2020_02_22
2,300587,天铁股份,0.0531,2020_02_22
2,002742,三圣股份,0.0531,2020_02_22
2,300468,四方精创,0.053,2020_02_22
1,600721,*ST百花,0.0529,2020_02_22
2,300353,东土科技,0.0528,2020_02_22
2,300304,云意电气,0.0528,2020_02_22
2,000690,宝新能源,0.0528,2020_02_22
2,300065,海兰信,0.0528,2020_02_22
1,600808,马钢股份,0.0528,2020_02_22
1,603978,深圳新星,0.0527,2020_02_22
2,300209,天泽信息,0.0527,2020_02_22
2,300042,朗科科技,0.0527,2020_02_22
1,600633,浙数文化,0.0527,2020_02_22
2,300112,万讯自控,0.0526,2020_02_22
1,600980,北矿科技,0.0525,2020_02_22
1,600499,科达洁能,0.0525,2020_02_22
1,600895,张江高科,0.0525,2020_02_22
1,601377,兴业证券,0.0524,2020_02_22
1,603090,宏盛股份,0.0524,2020_02_22
1,603629,利通电子,0.0524,2020_02_22
2,002738,中矿资源,0.0523,2020_02_22
2,002108,沧州明珠,0.0522,2020_02_22
2,002454,松芝股份,0.0522,2020_02_22
2,300068,南都电源,0.0522,2020_02_22
1,601595,上海电影,0.0522,2020_02_22
1,600798,宁波海运,0.052,2020_02_22
1,600988,赤峰黄金,0.052,2020_02_22
2,002464,众应互联,0.0518,2020_02_22
2,000627,天茂集团,0.0517,2020_02_22
2,300705,九典制药,0.0517,2020_02_22
2,300573,兴齐眼药,0.0517,2020_02_22
2,002739,万达电影,0.0517,2020_02_22
2,300467,迅游科技,0.0517,2020_02_22
2,300666,江丰电子,0.0517,2020_02_22
2,002631,德尔未来,0.0516,2020_02_22
2,300517,海波重科,0.0516,2020_02_22
2,002129,中环股份,0.0516,2020_02_22
1,601700,风范股份,0.0515,2020_02_22
1,600038,中直股份,0.0515,2020_02_22
1,600826,兰生股份,0.0515,2020_02_22
2,000552,靖远煤电,0.0514,2020_02_22
2,002054,德美化工,0.0514,2020_02_22
2,002087,新野纺织,0.0514,2020_02_22
2,002079,苏州固锝,0.0513,2020_02_22
1,600615,丰华股份,0.0513,2020_02_22
2,002627,宜昌交运,0.0512,2020_02_22
2,300184,力源信息,0.0512,2020_02_22
2,002484,江海股份,0.0512,2020_02_22
2,300527,中国应急,0.0511,2020_02_22
2,300276,三丰智能,0.0511,2020_02_22
2,300499,高澜股份,0.051,2020_02_22
2,002651,利君股份,0.051,2020_02_22
2,300729,乐歌股份,0.0509,2020_02_22
2,000628,高新发展,0.0509,2020_02_22
1,600425,青松建化,0.0509,2020_02_22
2,002168,惠程科技,0.0508,2020_02_22
1,603918,金桥信息,0.0508,2020_02_22
2,300263,隆华科技,0.0508,2020_02_22
2,002425,凯撒文化,0.0508,2020_02_22
2,000972,ST中基,0.0508,2020_02_22
1,600277,亿利洁能,0.0507,2020_02_22
2,300631,久吾高科,0.0507,2020_02_22
1,603637,镇海股份,0.0506,2020_02_22
2,300414,中光防雷,0.0506,2020_02_22
1,600201,生物股份,0.0506,2020_02_22
1,601211,国泰君安,0.0506,2020_02_22
2,300688,创业黑马,0.0506,2020_02_22
2,002893,华通热力,0.0505,2020_02_22
1,603183,建研院,0.0505,2020_02_22
1,600019,宝钢股份,0.0505,2020_02_22
1,603220,中贝通信,0.0505,2020_02_22
2,300397,天和防务,0.0505,2020_02_22
2,002411,延安必康,0.0504,2020_02_22
2,002636,金安国纪,0.0504,2020_02_22
2,300314,戴维医疗,0.0504,2020_02_22
2,300218,安利股份,0.0504,2020_02_22
2,002560,通达股份,0.0503,2020_02_22
1,688122,西部超导,0.0503,2020_02_22
2,002410,广联达,0.0503,2020_02_22
1,603667,五洲新春,0.0503,2020_02_22
2,300062,中能电气,0.0502,2020_02_22
2,000551,创元科技,0.0502,2020_02_22
1,600582,天地科技,0.0502,2020_02_22
1,600739,辽宁成大,0.0502,2020_02_22
2,002250,联化科技,0.0502,2020_02_22
2,300305,裕兴股份,0.0502,2020_02_22
2,300722,新余国科,0.0501,2020_02_22
2,002921,联诚精密,0.0501,2020_02_22
2,002397,梦洁股份,0.0501,2020_02_22
1,601878,浙商证券,0.05,2020_02_22
2,000976,华铁股份,0.05,2020_02_22
2,300656,民德电子,0.05,2020_02_22
