2015-05-15,15.32,12.76,12.76,15.32,24927.0,13.4,603989
2015-05-18,16.85,16.85,16.85,16.85,21255.0,14.74,603989
2015-05-19,18.54,18.54,18.54,18.54,15210.0,16.22,603989
2015-05-20,20.39,20.39,20.39,20.39,21450.0,17.84,603989
2015-05-21,22.44,22.44,22.44,22.44,21060.0,19.62,603989
2015-05-22,24.68,24.68,24.68,24.68,29250.0,21.59,603989
2015-05-25,27.15,27.15,27.15,27.15,62790.0,23.75,603989
2015-05-26,29.86,29.86,29.86,29.86,39330.0,26.12,603989
2015-05-27,32.85,32.85,32.85,32.85,47775.0,28.73,603989
2015-05-28,36.13,36.13,36.13,36.13,304395.0,31.61,603989
2015-05-29,39.75,39.75,39.75,39.75,784914.0,34.77,603989
2015-06-01,43.72,43.72,43.72,43.72,199914.0,38.24,603989
2015-06-02,48.1,48.1,48.1,48.1,283140.0,42.07,603989
2015-06-03,52.91,48.72,51.37,52.91,22614340.0,46.28,603989
2015-06-04,56.92,47.62,56.92,47.62,26033398.0,41.65,603989
2015-06-05,45.03,42.86,42.94,42.86,14141577.0,37.49,603989
2015-06-08,39.49,38.57,38.66,38.57,14126969.0,33.74,603989
2015-06-09,38.46,35.08,35.08,36.39,24122716.0,31.83,603989
2015-06-10,38.97,35.46,35.57,38.73,19258702.0,33.88,603989
2015-06-11,42.61,37.7,38.77,42.61,16547220.0,37.27,603989
2015-06-12,46.87,39.49,46.0,39.66,32538446.0,34.69,603989
2015-06-15,37.44,35.69,36.92,35.69,17453332.0,31.22,603989
2015-06-16,34.87,32.31,34.0,33.08,14890396.0,28.93,603989
2015-06-17,35.86,33.22,33.64,35.59,11575681.0,31.13,603989
2015-06-18,35.12,32.04,34.87,32.04,11850891.0,28.02,603989
2015-06-19,33.66,29.67,30.77,30.31,11435348.0,26.51,603989
2015-06-23,32.28,30.05,31.18,32.02,9754397.0,28.01,603989
2015-06-24,33.07,31.08,32.5,31.48,11652386.0,27.54,603989
2015-06-25,31.38,28.85,31.29,29.21,9596786.0,25.55,603989
2015-06-26,28.31,26.29,28.21,26.29,9144320.0,22.99,603989
2015-06-29,27.13,23.66,27.13,23.66,10678459.0,20.69,603989
2015-06-30,25.77,21.29,23.05,25.21,13520989.0,22.05,603989
2015-07-01,26.91,23.95,24.85,23.99,14752972.0,20.99,603989
2015-07-02,24.61,22.05,24.31,22.29,11115969.0,19.49,603989
2015-07-03,22.89,20.14,21.53,20.53,10608468.0,17.96,603989
2015-07-06,22.58,20.1,22.58,21.65,13696530.0,18.94,603989
2015-07-07,21.43,19.49,20.66,19.49,8319259.0,17.05,603989
2015-07-08,19.49,19.49,19.49,19.49,0.0,17.05,603989
2015-07-09,19.49,19.49,19.49,19.49,0.0,17.05,603989
2015-07-10,19.49,19.49,19.49,19.49,0.0,17.05,603989
2015-07-13,21.44,21.44,21.44,21.44,122998.0,18.75,603989
2015-07-14,23.58,23.58,23.58,23.58,182040.0,20.62,603989
2015-07-15,25.94,23.58,25.94,23.59,25290251.0,20.63,603989
2015-07-16,25.43,21.54,21.79,24.49,13910131.0,21.42,603989
2015-07-17,26.66,24.5,24.51,26.36,14417728.0,23.06,603989
2015-07-20,26.92,25.4,26.67,26.1,15941019.0,22.83,603989
2015-07-21,27.16,24.78,25.13,26.96,14848228.0,23.58,603989
2015-07-22,26.96,25.9,26.87,26.42,11547387.0,23.11,603989
2015-07-23,29.06,26.21,26.21,29.06,21985793.0,25.42,603989
2015-07-24,30.5,27.95,29.85,28.15,23947961.0,24.62,603989
2015-07-27,30.21,25.66,27.43,25.97,20015880.0,22.72,603989
2015-07-28,27.44,24.62,25.08,26.85,15787761.0,23.49,603989
2015-07-29,29.01,25.41,27.13,28.9,14925953.0,25.28,603989
2015-07-30,29.94,27.99,28.9,28.08,16669668.0,24.56,603989
2015-07-31,29.74,27.33,27.44,28.41,13792550.0,24.85,603989
2015-08-03,29.08,26.18,27.97,27.07,11969552.0,23.68,603989
2015-08-04,28.71,26.66,26.74,28.66,13069988.0,25.07,603989
2015-08-05,29.73,28.02,28.25,28.95,17548747.0,25.32,603989
2015-08-06,28.51,27.12,28.18,27.55,11215978.0,24.1,603989
2015-08-07,28.46,27.59,27.59,28.41,9593255.0,24.85,603989
2015-08-10,30.31,28.52,28.87,29.92,15814416.0,26.17,603989
2015-08-11,31.41,29.61,29.74,30.76,18182084.0,26.91,603989
2015-08-12,30.61,28.85,30.61,28.88,16474606.0,25.26,603989
2015-08-13,29.4,27.85,28.93,29.17,9053239.0,25.52,603989
2015-08-14,29.51,28.52,29.23,28.91,9032386.0,25.29,603989
2015-08-17,28.72,27.62,28.69,27.84,7487947.0,24.35,603989
2015-08-18,28.46,25.06,27.69,25.06,8849956.0,21.92,603989
2015-08-19,25.59,22.76,24.1,25.2,8786050.0,22.04,603989
2015-08-20,24.97,23.67,24.77,23.77,5972904.0,20.8,603989
2015-08-21,23.53,21.95,23.23,21.97,6942585.0,19.22,603989
2015-08-24,21.03,19.78,20.91,19.78,6118998.0,17.3,603989
2015-08-25,19.27,17.8,17.9,17.8,7573472.0,15.57,603989
2015-08-26,19.58,17.44,18.18,18.54,13004542.0,16.22,603989
2015-08-27,19.47,18.21,19.1,19.34,8805888.0,16.92,603989
2015-08-28,20.76,19.29,19.71,20.73,8938365.0,18.14,603989
2015-08-31,20.31,18.97,20.06,19.02,6294740.0,16.64,603989
2015-09-01,18.98,17.69,18.97,17.74,5721267.0,15.52,603989
2015-09-02,18.51,16.57,16.86,17.02,5222472.0,14.88,603989
2015-09-07,18.05,17.27,17.48,17.57,4475055.0,15.37,603989
2015-09-08,18.71,17.34,17.46,18.67,6317926.0,16.33,603989
2015-09-09,19.59,18.61,18.97,19.45,8417340.0,17.01,603989
2015-09-10,19.42,18.83,18.97,18.86,5392333.0,16.5,603989
2015-09-11,19.28,18.85,19.17,19.27,4108110.0,16.85,603989
2015-09-14,19.43,17.34,19.28,17.34,5721957.0,15.17,603989
2015-09-15,17.15,15.63,16.77,15.69,5603446.0,13.73,603989
2015-09-16,17.26,15.9,15.9,17.26,5552311.0,15.1,603989
2015-09-17,17.88,16.99,17.23,17.03,6164866.0,14.89,603989
2015-09-18,17.59,17.03,17.18,17.54,4286482.0,15.34,603989
2015-09-21,18.46,17.14,17.33,18.45,6197529.0,16.14,603989
2015-09-22,18.96,18.42,18.49,18.71,7143916.0,16.37,603989
2015-09-23,18.86,18.27,18.36,18.55,5285652.0,16.23,603989
2015-09-24,19.49,18.65,18.65,19.47,7717329.0,17.03,603989
2015-09-25,19.35,18.0,19.23,18.21,6449106.0,15.92,603989
2015-09-28,18.87,18.06,18.26,18.84,4270159.0,16.48,603989
2015-09-29,18.59,18.21,18.35,18.42,3755189.0,16.11,603989
2015-09-30,20.26,18.87,19.01,20.26,10118671.0,17.72,603989
2015-10-08,22.29,22.29,22.29,22.29,3437678.0,19.49,603989
2015-10-09,23.08,21.85,23.08,22.52,15629435.0,19.7,603989
2015-10-12,24.51,22.54,23.07,24.11,16245853.0,21.09,603989
2015-10-13,23.08,22.41,23.08,22.84,8095290.0,20.54,603989
2015-10-14,22.27,21.72,22.22,21.82,12999373.0,19.63,603989
2015-10-15,22.58,21.55,21.55,22.54,9543648.0,20.27,603989
2015-10-16,23.51,22.08,22.5,23.09,13322748.0,20.77,603989
2015-10-19,23.06,21.97,23.06,22.22,9845912.0,19.99,603989
2015-10-20,23.15,22.05,22.3,22.84,9686159.0,20.54,603989
2015-10-21,22.84,20.55,22.84,20.55,12620862.0,18.49,603989
2015-10-22,21.29,20.25,20.52,21.18,6501922.0,19.06,603989
2015-10-23,21.79,20.97,21.18,21.65,7007154.0,19.48,603989
2015-10-26,22.05,21.42,22.03,21.62,6204740.0,19.45,603989
2015-10-27,21.76,20.48,21.41,21.67,6405382.0,19.49,603989
2015-10-28,22.03,21.31,21.68,21.45,6396127.0,19.3,603989
2015-10-29,22.22,21.4,21.76,21.95,7103847.0,19.74,603989
2015-10-30,21.78,20.78,21.77,21.44,4587422.0,19.29,603989
2015-11-02,22.29,20.57,20.81,21.52,6192993.0,19.35,603989
2015-11-03,23.06,21.15,21.45,22.85,14083027.0,20.56,603989
2015-11-04,23.84,22.54,23.15,23.77,14470513.0,21.38,603989
2015-11-05,23.93,22.94,23.58,23.1,12661977.0,20.78,603989
2015-11-06,25.38,23.08,23.08,24.78,15047502.0,22.3,603989
2015-11-09,25.53,23.98,24.38,25.32,16951730.0,22.77,603989
2015-11-10,25.76,24.43,25.06,24.92,12289014.0,22.42,603989
2015-11-11,27.18,24.55,24.78,26.72,18092376.0,24.03,603989
2015-11-12,29.38,26.85,26.85,29.38,23074677.0,26.43,603989
2015-11-13,30.75,27.31,29.22,28.12,25453379.0,25.3,603989
2015-11-16,28.93,26.65,26.92,28.65,11353685.0,25.77,603989
2015-11-17,30.7,28.45,29.08,28.99,14777157.0,26.08,603989
2015-11-18,29.74,27.94,28.55,28.26,10719648.0,25.42,603989
2015-11-19,29.3,27.98,28.0,29.07,9074473.0,26.15,603989
2015-11-20,31.96,28.98,28.98,31.49,18480563.0,28.33,603989
2015-11-23,32.3,29.85,31.54,29.98,15012793.0,26.97,603989
2015-11-24,31.0,28.85,29.24,30.94,11109785.0,27.83,603989
2015-11-25,31.45,30.52,30.81,30.62,10882670.0,27.54,603989
2015-11-26,30.98,29.62,30.92,29.81,10496103.0,26.81,603989
2015-11-27,29.55,26.83,29.54,26.83,13212126.0,24.14,603989
2015-11-30,29.52,26.89,26.89,29.52,23085408.0,26.55,603989
2015-12-01,31.46,29.91,30.54,30.89,26136481.0,27.79,603989
2015-12-02,30.68,27.8,30.23,30.31,12277119.0,27.26,603989
2015-12-03,32.27,29.69,29.85,31.93,15711428.0,28.72,603989
2015-12-04,32.92,30.82,31.54,32.29,13721917.0,29.05,603989
2015-12-07,32.6,31.06,32.08,31.5,9145086.0,28.34,603989
2015-12-08,31.16,29.46,31.16,29.77,11050575.0,26.78,603989
2015-12-09,29.48,28.23,29.18,28.51,8962857.0,25.64,603989
2015-12-10,29.23,28.08,28.58,28.42,7717126.0,25.57,603989
2015-12-11,28.52,27.39,28.29,27.65,6274060.0,24.88,603989
2015-12-14,28.45,27.36,27.44,28.27,4925579.0,25.43,603989
2015-12-15,29.05,28.29,28.35,28.44,5343194.0,25.58,603989
2015-12-16,29.2,28.54,28.54,28.72,5291183.0,25.84,603989
2015-12-17,29.59,28.76,28.76,29.58,7341093.0,26.61,603989
2015-12-18,29.91,28.71,29.91,29.0,8053515.0,26.09,603989
2015-12-21,29.07,28.32,28.81,28.68,5157733.0,25.8,603989
2015-12-22,28.88,28.33,28.65,28.78,4498056.0,25.89,603989
2015-12-23,28.75,27.71,28.75,27.93,7579551.0,25.13,603989
2015-12-24,28.43,27.75,27.77,28.33,3615829.0,25.49,603989
2015-12-25,28.5,28.15,28.45,28.3,3027831.0,25.46,603989
2015-12-28,28.42,27.37,28.23,27.43,5082047.0,24.68,603989
2015-12-29,28.04,26.98,27.45,27.97,3410926.0,25.16,603989
2015-12-30,28.15,27.88,27.95,28.05,3116937.0,25.24,603989
2015-12-31,28.13,27.39,28.08,27.45,2680296.0,24.7,603989
2016-01-04,27.6,24.71,27.45,24.78,5280742.0,22.29,603989
2016-01-05,25.09,22.69,23.37,23.68,6186488.0,21.31,603989
2016-01-06,24.59,23.81,23.81,24.46,3839451.0,22.0,603989
2016-01-07,24.18,22.02,24.09,22.02,1469130.0,19.8,603989
2016-01-08,23.25,20.31,23.07,22.55,4416996.0,20.28,603989
2016-01-11,22.48,20.29,21.77,20.31,3966855.0,18.27,603989
2016-01-12,20.99,19.92,20.12,20.57,3843332.0,18.5,603989
2016-01-13,20.89,19.68,20.68,19.68,3008886.0,17.71,603989
2016-01-14,20.62,19.14,19.24,20.47,3876500.0,18.41,603989
2016-01-15,20.52,19.38,20.28,19.46,3441755.0,17.51,603989
2016-01-18,20.14,18.94,19.04,19.71,5523757.0,17.73,603989
2016-01-19,20.59,19.68,19.81,20.52,4722029.0,18.46,603989
2016-01-20,20.85,20.17,20.28,20.32,4347109.0,18.28,603989
2016-01-21,20.55,19.67,20.05,19.7,3739068.0,17.72,603989
2016-01-22,20.11,19.23,19.66,19.92,3542258.0,17.92,603989
2016-01-25,20.82,20.1,20.1,20.57,4507247.0,18.5,603989
2016-01-26,20.38,18.65,20.16,18.9,4073077.0,17.0,603989
2016-01-27,19.22,17.77,18.9,18.95,3904883.0,17.05,603989
2016-01-28,18.89,17.75,18.41,17.88,3139616.0,16.08,603989
2016-01-29,18.88,17.85,17.85,18.58,3732746.0,16.71,603989
2016-02-01,18.84,18.38,18.6,18.75,2506986.0,16.86,603989
2016-02-02,19.59,18.78,18.78,19.33,3359283.0,17.39,603989
2016-02-03,19.33,18.74,19.23,19.22,2283736.0,17.29,603989
2016-02-04,19.76,19.23,19.23,19.66,3420856.0,17.69,603989
2016-02-05,19.88,19.45,19.67,19.45,2678468.0,17.5,603989
2016-02-15,19.31,18.5,18.62,19.14,1808637.0,17.22,603989
2016-02-16,20.1,19.28,19.28,19.98,3572577.0,17.98,603989
2016-02-17,20.65,19.93,20.12,20.55,5376518.0,18.48,603989
2016-02-18,20.96,20.18,20.85,20.35,4671217.0,18.31,603989
2016-02-19,20.75,20.17,20.35,20.59,3726849.0,18.52,603989
2016-02-22,22.05,20.62,21.0,21.96,5871265.0,19.76,603989
2016-02-23,22.28,21.23,21.88,21.59,4503594.0,19.42,603989
2016-02-24,21.85,21.01,21.52,21.64,3390487.0,19.47,603989
2016-02-25,21.97,19.6,21.38,19.75,5743289.0,17.76,603989
2016-02-26,20.42,19.43,19.81,20.15,3509761.0,18.12,603989
2016-02-29,20.22,18.37,20.15,18.75,3944877.0,16.86,603989
2016-03-01,19.18,18.0,18.85,18.98,3541869.0,17.07,603989
2016-03-02,20.27,18.89,18.99,20.02,3874148.0,18.01,603989
2016-03-03,20.42,19.74,20.04,19.8,4256852.0,17.81,603989
2016-03-04,19.92,18.48,19.91,18.82,3562955.0,16.93,603989
2016-03-07,19.48,18.93,19.15,19.14,2352458.0,17.22,603989
2016-03-08,19.65,18.56,19.02,19.61,3432569.0,17.64,603989
2016-03-09,19.46,19.0,19.21,19.24,1925621.0,17.31,603989
2016-03-10,19.46,18.74,19.24,18.82,2264506.0,16.93,603989
2016-03-11,19.02,18.29,18.53,18.72,2248224.0,16.84,603989
2016-03-14,20.39,18.85,18.85,20.22,5752344.0,18.19,603989
2016-03-15,20.27,19.62,20.08,19.78,3570979.0,17.79,603989
2016-03-16,20.1,19.23,19.78,19.3,2397648.0,17.36,603989
2016-03-17,20.01,19.28,19.46,19.99,5504146.0,17.98,603989
2016-03-18,21.07,19.98,20.01,20.78,6679469.0,18.69,603989
2016-03-21,21.25,20.77,21.12,21.18,5891663.0,19.05,603989
2016-03-22,21.17,20.78,21.17,20.85,4449221.0,18.75,603989
2016-03-23,21.62,20.71,20.82,21.52,6397779.0,19.36,603989
2016-03-24,21.52,20.76,21.15,20.78,6186181.0,18.69,603989
2016-03-25,21.08,20.57,20.58,20.88,3535815.0,18.79,603989
2016-03-28,21.42,20.55,20.96,20.65,4428546.0,18.57,603989
2016-03-29,20.77,19.62,20.69,19.88,4357345.0,17.89,603989
2016-03-30,20.67,20.02,20.15,20.65,4848585.0,18.58,603989
2016-03-31,21.46,20.77,20.92,21.25,6921365.0,19.11,603989
2016-04-01,21.22,20.48,21.12,20.99,4598737.0,18.88,603989
2016-04-05,21.76,20.87,21.03,21.65,5950577.0,19.47,603989
2016-04-06,21.92,21.39,21.65,21.74,5670190.0,19.56,603989
2016-04-07,22.01,21.42,21.74,21.68,6998589.0,19.5,603989
2016-04-08,21.49,20.86,21.42,21.29,6134873.0,19.15,603989
2016-04-11,22.68,21.74,21.74,22.35,9334560.0,20.11,603989
2016-04-12,22.31,21.46,22.31,21.71,8742696.0,19.53,603989
2016-04-13,22.41,21.74,21.74,22.03,7464598.0,19.82,603989
2016-04-14,22.65,22.0,22.25,22.56,5938244.0,20.3,603989
2016-04-15,24.0,22.54,22.75,23.38,12185984.0,21.03,603989
2016-04-18,23.2,22.52,23.2,22.75,5662615.0,20.46,603989
2016-04-19,23.28,22.68,23.25,22.99,4673311.0,20.68,603989
2016-04-20,23.22,21.0,23.08,21.59,7840844.0,19.42,603989
2016-04-21,22.07,21.2,21.68,21.28,4632807.0,19.14,603989
2016-04-22,21.57,20.96,21.02,21.55,3576267.0,19.38,603989
2016-04-25,21.6,21.01,21.6,21.38,3047821.0,19.23,603989
2016-04-26,21.71,21.15,21.15,21.68,3116667.0,19.51,603989
2016-04-27,22.06,21.55,21.67,21.92,3755956.0,19.71,603989
2016-04-28,22.62,21.85,21.92,22.57,7250572.0,20.3,603989
2016-04-29,22.37,22.0,22.28,22.12,5308846.0,19.9,603989
2016-05-03,22.98,21.93,22.12,22.85,6256664.0,20.56,603989
2016-05-04,23.35,22.7,22.95,22.83,6993745.0,20.54,603989
2016-05-05,22.88,22.34,22.62,22.71,4303658.0,20.43,603989
2016-05-06,22.92,21.45,22.82,21.46,6303632.0,19.31,603989
2016-05-09,21.34,20.29,21.21,20.52,3753162.0,18.46,603989
2016-05-10,20.89,20.45,20.48,20.57,2329101.0,18.5,603989
2016-05-11,21.42,20.2,20.8,20.51,2477728.0,18.45,603989
2016-05-12,20.44,19.89,20.2,20.29,2442147.0,18.25,603989
2016-05-13,20.6,20.06,20.32,20.22,2072213.0,18.19,603989
2016-05-16,20.58,19.92,20.18,20.56,2285425.0,18.5,603989
2016-05-17,20.75,20.18,20.4,20.51,2467795.0,18.45,603989
2016-05-18,20.37,19.46,20.37,19.73,2907703.0,17.75,603989
2016-05-19,20.13,19.67,19.73,19.85,2116646.0,17.85,603989
2016-05-20,20.38,19.47,19.73,20.28,2287804.0,18.24,603989
2016-05-23,21.08,20.33,20.33,20.9,3712123.0,18.8,603989
2016-05-24,20.97,20.54,20.97,20.83,2542667.0,18.74,603989
2016-05-25,21.22,20.79,20.92,21.17,3802825.0,19.04,603989
2016-05-26,20.46,19.64,20.46,20.23,3274181.0,18.82,603989
2016-05-27,20.32,20.06,20.06,20.12,2138764.0,18.71,603989
2016-05-30,20.08,19.52,20.08,19.77,2094278.0,18.39,603989
2016-05-31,20.89,19.78,19.85,20.87,5111654.0,19.42,603989
2016-06-01,21.15,20.78,20.92,20.98,4149726.0,19.52,603989
2016-06-02,22.38,20.85,20.96,22.24,9852184.0,20.69,603989
2016-06-03,24.46,22.0,22.24,24.46,18768977.0,22.76,603989
2016-06-06,24.61,23.52,24.4,23.92,13046289.0,22.25,603989
2016-06-07,24.28,23.58,23.81,24.01,10922254.0,22.34,603989
2016-06-08,25.18,23.72,23.85,24.0,14481927.0,22.33,603989
2016-06-13,23.32,21.6,23.32,21.6,10969078.0,20.1,603989
2016-06-14,21.88,21.19,21.2,21.86,5500763.0,20.34,603989
2016-06-15,23.75,21.38,21.52,23.02,9757455.0,21.42,603989
2016-06-16,23.82,22.85,22.91,23.66,10321409.0,22.01,603989
2016-06-17,24.45,23.22,23.85,24.27,10128038.0,22.58,603989
2016-06-20,24.77,23.65,24.05,24.18,7995552.0,22.5,603989
2016-06-21,25.15,23.12,24.25,23.4,9928224.0,21.77,603989
2016-06-22,24.35,23.08,23.12,24.29,8172918.0,22.6,603989
2016-06-23,24.73,23.92,24.32,24.13,6887393.0,22.45,603989
2016-06-24,24.16,22.73,24.0,23.38,8422262.0,21.75,603989
2016-06-27,25.52,23.19,23.19,25.22,11948311.0,23.47,603989
2016-06-28,25.5,24.78,24.92,25.18,8216717.0,23.43,603989
2016-06-29,25.38,24.81,25.3,25.36,6796879.0,23.59,603989
2016-06-30,25.31,24.8,25.3,24.94,5424129.0,23.2,603989
2016-07-01,25.07,24.29,24.92,24.52,5722084.0,22.81,603989
2016-07-04,25.06,24.12,24.19,25.02,5907715.0,23.28,603989
2016-07-05,25.37,24.46,25.05,24.63,6557838.0,22.91,603989
2016-07-06,25.01,24.42,24.48,24.65,4952303.0,22.94,603989
2016-07-07,24.69,24.12,24.54,24.42,5708356.0,22.71,603989
2016-07-08,25.36,24.31,24.42,24.7,7419830.0,22.98,603989
2016-07-11,26.68,24.51,24.51,25.7,13963509.0,23.91,603989
2016-07-12,26.02,24.89,25.54,25.91,8600952.0,24.1,603989
2016-07-13,26.13,25.47,26.06,25.68,5864061.0,23.89,603989
2016-07-14,26.0,25.46,25.91,25.92,5173143.0,24.11,603989
2016-07-15,25.97,25.21,25.92,25.42,6779323.0,23.65,603989
2016-07-18,25.58,24.91,25.58,25.39,3795103.0,23.62,603989
2016-07-19,25.75,25.09,25.25,25.72,4013226.0,23.92,603989
2016-07-20,25.83,25.38,25.77,25.48,3025958.0,23.71,603989
2016-07-21,25.72,25.15,25.45,25.31,3361854.0,23.54,603989
2016-07-22,25.5,24.82,25.35,24.91,2697289.0,23.17,603989
2016-07-25,24.82,23.83,24.72,23.96,5682712.0,22.29,603989
2016-07-26,24.48,24.04,24.12,24.31,2690342.0,22.61,603989
2016-07-27,24.52,21.88,24.35,22.82,6088654.0,21.23,603989
2016-07-28,23.58,22.22,22.92,23.48,4053217.0,21.84,603989
2016-07-29,24.42,23.59,23.69,23.75,5156736.0,22.09,603989
2016-08-01,24.02,22.94,23.3,23.9,3014783.0,22.23,603989
2016-08-02,24.08,23.62,23.88,24.05,2502959.0,22.38,603989
2016-08-03,24.11,23.39,24.05,23.59,3024753.0,21.95,603989
2016-08-04,24.18,23.58,23.69,24.05,3136120.0,22.37,603989
2016-08-05,24.52,23.88,24.04,24.06,3692594.0,22.39,603989
2016-08-08,24.66,23.82,23.83,24.62,3828337.0,22.91,603989
2016-08-09,24.86,24.39,24.62,24.8,3255550.0,23.07,603989
2016-08-10,25.5,24.62,24.8,25.15,7557920.0,23.39,603989
2016-08-11,25.11,24.42,24.92,24.45,3099690.0,22.75,603989
2016-08-12,24.83,24.42,24.51,24.8,2449724.0,23.07,603989
2016-08-15,26.31,24.83,24.83,25.95,9832071.0,24.14,603989
2016-08-16,26.68,25.76,25.96,26.41,7851004.0,24.57,603989
2016-08-17,27.46,25.62,26.22,27.25,10049331.0,25.35,603989
2016-08-18,27.52,26.68,26.91,26.7,6221471.0,24.84,603989
2016-08-19,27.09,26.44,26.72,26.61,4566649.0,24.75,603989
2016-08-22,26.69,25.85,26.69,25.97,3685635.0,24.16,603989
2016-08-23,26.66,25.87,25.94,26.38,3505004.0,24.54,603989
2016-08-24,26.72,26.31,26.5,26.37,3472650.0,24.53,603989
2016-08-25,26.88,25.62,26.15,26.78,4500599.0,24.91,603989
2016-08-26,27.05,26.31,26.92,26.35,3308540.0,24.52,603989
2016-08-29,26.32,25.85,26.0,26.04,2912907.0,24.22,603989
2016-08-30,26.28,25.86,26.02,25.89,2352654.0,24.09,603989
2016-08-31,26.15,25.77,25.82,26.03,2128665.0,24.22,603989
2016-09-01,26.99,25.79,26.02,26.45,5412887.0,24.6,603989
2016-09-02,27.0,26.39,26.4,26.74,5314685.0,24.88,603989
2016-09-05,27.3,26.55,26.75,27.19,4242485.0,25.3,603989
2016-09-06,27.86,26.69,27.19,27.84,5336746.0,25.9,603989
2016-09-07,27.98,27.38,27.82,27.41,3750787.0,25.5,603989
2016-09-08,27.65,26.93,27.65,27.37,2604095.0,25.46,603989
2016-09-09,27.77,25.77,27.42,25.9,7164384.0,24.1,603989
2016-09-12,25.88,25.31,25.5,25.48,3552978.0,23.7,603989
2016-09-13,25.95,24.85,25.56,25.06,4608765.0,23.32,603989
2016-09-14,25.31,24.81,24.81,25.12,2018338.0,23.37,603989
2016-09-19,26.78,25.15,25.23,26.73,5687391.0,24.87,603989
2016-09-20,27.64,26.53,26.68,26.92,5977863.0,25.04,603989
2016-09-21,27.29,26.62,27.0,26.92,2667996.0,25.05,603989
2016-09-22,27.54,26.94,27.05,27.28,2506806.0,25.38,603989
2016-09-23,27.38,26.31,27.28,26.48,2539749.0,24.63,603989
2016-09-26,26.77,25.78,26.55,25.81,2244051.0,24.01,603989
2016-09-27,25.99,25.31,25.75,25.91,2398579.0,24.1,603989
2016-09-28,26.45,25.68,25.94,26.3,1934754.0,24.47,603989
2016-09-29,26.73,26.18,26.3,26.55,1812975.0,24.7,603989
2016-09-30,27.0,26.33,26.61,26.86,1879132.0,24.99,603989
2016-10-10,27.3,26.69,27.22,26.99,3150161.0,25.11,603989
2016-10-11,27.85,26.92,26.92,27.84,5594342.0,25.9,603989
2016-10-12,28.14,27.43,27.69,28.08,4366817.0,26.12,603989
2016-10-13,28.45,27.45,27.85,27.55,4630089.0,25.63,603989
2016-10-14,27.82,27.31,27.65,27.77,2928888.0,25.83,603989
2016-10-17,27.9,27.15,27.9,27.35,3400918.0,25.44,603989
2016-10-18,28.64,27.27,27.34,28.59,5063120.0,26.6,603989
2016-10-19,28.62,27.99,28.61,28.59,4583548.0,26.6,603989
2016-10-20,29.0,28.32,28.38,28.35,2596595.0,26.38,603989
2016-10-21,28.44,27.35,28.23,28.04,2748511.0,26.09,603989
2016-10-24,28.6,27.85,27.85,28.46,2709165.0,26.48,603989
2016-10-25,28.53,27.9,28.35,27.97,3148141.0,26.02,603989
2016-10-26,28.14,27.38,28.14,27.62,2726893.0,25.7,603989
2016-10-27,27.83,27.45,27.62,27.65,1381604.0,25.72,603989
2016-10-28,27.79,27.14,27.68,27.15,3088325.0,25.25,603989
2016-10-31,27.5,26.98,27.0,27.45,2129852.0,25.53,603989
2016-11-01,28.9,27.28,27.42,28.78,6662994.0,26.78,603989
2016-11-02,29.25,28.39,28.62,28.79,5217205.0,26.79,603989
2016-11-03,28.92,28.32,28.69,28.43,4231582.0,26.45,603989
2016-11-04,29.19,28.15,28.67,28.3,4423724.0,26.33,603989
2016-11-07,29.23,28.01,28.16,29.22,4624407.0,27.19,603989
2016-11-08,29.36,28.74,29.35,29.24,4373230.0,27.2,603989
2016-11-09,29.25,28.24,29.25,28.6,3378839.0,26.61,603989
2016-11-10,29.31,28.59,28.86,29.11,4216234.0,27.08,603989
2016-11-11,29.95,28.64,28.97,29.78,5573048.0,27.71,603989
2016-11-14,30.27,29.52,29.62,29.64,4861809.0,27.57,603989
2016-11-15,30.23,29.25,29.61,29.32,3398995.0,27.27,603989
2016-11-16,29.6,29.12,29.5,29.35,1961095.0,27.31,603989
2016-11-17,29.38,28.68,29.28,28.85,2807193.0,26.84,603989
2016-11-18,29.29,28.74,28.76,29.05,1713192.0,27.03,603989
2016-11-21,29.85,28.72,29.04,29.84,3801010.0,27.76,603989
2016-11-22,29.98,29.52,29.83,29.64,2951451.0,27.57,603989
2016-11-23,30.28,29.57,29.61,30.25,3349254.0,28.15,603989
2016-11-24,30.67,29.77,30.22,30.14,3293854.0,28.04,603989
2016-11-25,30.14,29.12,29.85,29.93,2510867.0,27.85,603989
2016-11-28,29.98,29.44,29.98,29.53,2204605.0,27.47,603989
2016-11-29,29.59,28.78,29.46,28.82,3128840.0,26.81,603989
2016-11-30,29.21,28.77,28.82,29.08,4188168.0,27.06,603989
2016-12-01,29.18,27.92,29.18,28.46,5235446.0,26.48,603989
2016-12-02,28.68,27.75,28.38,28.08,3134955.0,26.12,603989
2016-12-05,28.38,27.71,27.74,28.12,1328707.0,26.16,603989
2016-12-06,28.35,27.98,28.2,28.29,1144654.0,26.32,603989
2016-12-07,28.33,27.77,28.25,28.2,1692372.0,26.24,603989
2016-12-08,28.45,27.98,28.05,28.06,1322890.0,26.11,603989
2016-12-09,28.13,27.21,27.98,27.38,2675326.0,25.47,603989
2016-12-12,27.6,26.62,27.27,27.15,3376897.0,25.26,603989
2016-12-13,27.51,26.62,27.05,27.15,1649881.0,25.26,603989
2016-12-14,27.25,26.32,27.16,26.35,1651733.0,24.52,603989
2016-12-15,26.99,25.89,25.89,26.7,2533787.0,24.84,603989
2016-12-16,26.96,26.46,26.46,26.79,1052081.0,24.93,603989
2016-12-19,27.62,26.67,26.85,27.54,1999865.0,25.62,603989
2016-12-20,27.88,27.38,27.66,27.55,1247255.0,25.63,603989
2016-12-21,27.72,27.45,27.55,27.65,842872.0,25.72,603989
2016-12-22,27.7,27.38,27.62,27.58,832387.0,25.66,603989
2016-12-23,27.58,26.95,27.58,26.98,653640.0,25.1,603989
2016-12-26,27.67,26.89,26.96,27.58,1112896.0,25.66,603989
2016-12-27,27.84,27.33,27.58,27.8,1065865.0,25.86,603989
2016-12-28,28.0,27.56,27.71,27.62,1050968.0,25.7,603989
2016-12-29,28.01,27.5,27.51,27.91,1012192.0,25.96,603989
2016-12-30,28.57,27.78,27.78,28.32,1503125.0,26.34,603989
2017-01-03,28.85,28.21,28.32,28.68,1349247.0,26.68,603989
2017-01-04,28.82,28.47,28.69,28.77,1394277.0,26.76,603989
2017-01-05,28.65,27.94,28.65,28.02,1691113.0,26.06,603989
2017-01-06,28.25,27.32,27.95,27.67,1881100.0,25.74,603989
2017-01-09,28.06,27.54,27.65,27.81,1001643.0,25.87,603989
2017-01-10,28.23,27.64,27.77,28.04,1073179.0,26.09,603989
2017-01-11,28.2,27.78,28.0,27.93,652125.0,25.98,603989
2017-01-12,28.23,27.82,27.92,27.95,699323.0,26.01,603989
2017-01-13,27.84,26.15,27.77,26.69,2288361.0,24.83,603989
2017-01-16,26.58,24.85,26.38,25.37,2477705.0,23.6,603989
2017-01-17,25.52,24.1,25.38,24.97,2559345.0,23.23,603989
2017-01-18,26.12,24.61,24.89,25.94,2528512.0,24.13,603989
2017-01-19,25.89,25.11,25.66,25.13,1196929.0,23.38,603989
2017-01-20,25.82,25.08,25.08,25.76,735415.0,23.97,603989
2017-01-23,26.15,25.68,25.89,25.88,443966.0,24.07,603989
2017-01-24,26.26,25.32,25.95,25.41,732450.0,23.64,603989
2017-01-25,25.65,25.21,25.28,25.4,871806.0,23.63,603989
2017-01-26,25.9,25.33,25.53,25.82,868257.0,24.02,603989
2017-02-03,26.14,25.55,25.96,25.83,462219.0,24.03,603989
2017-02-06,26.08,25.25,25.77,25.64,1800383.0,23.85,603989
2017-02-07,25.54,25.08,25.41,25.16,1389194.0,23.41,603989
2017-02-08,25.51,25.08,25.18,25.46,1244335.0,23.69,603989
2017-02-09,25.62,25.31,25.46,25.42,1696188.0,23.64,603989
2017-02-10,25.53,25.0,25.33,25.18,1428686.0,23.43,603989
2017-02-13,25.22,24.85,25.18,25.1,2551552.0,23.35,603989
2017-02-14,25.42,24.83,25.15,24.95,3116733.0,23.21,603989
2017-02-15,25.16,24.83,24.95,24.94,2169779.0,23.2,603989
2017-02-16,25.08,24.76,24.93,24.84,1902664.0,23.11,603989
2017-02-17,25.18,24.77,24.92,24.92,1957657.0,23.18,603989
2017-02-20,25.45,24.88,24.94,25.39,2566539.0,23.62,603989
2017-02-21,25.92,25.25,25.44,25.71,3026102.0,23.92,603989
2017-02-22,27.02,25.62,25.7,26.78,6079086.0,24.91,603989
2017-02-23,26.91,26.47,26.77,26.78,2875761.0,24.92,603989
2017-02-24,27.54,26.57,26.69,27.42,2454895.0,25.51,603989
2017-02-27,27.73,26.75,27.31,26.85,2558248.0,24.98,603989
2017-02-28,27.01,26.58,26.81,26.81,947756.0,24.94,603989
2017-03-01,26.91,26.35,26.78,26.65,1496043.0,24.8,603989
2017-03-02,26.66,26.15,26.66,26.32,1136426.0,24.48,603989
2017-03-03,26.99,26.06,26.19,26.82,1944316.0,24.95,603989
2017-03-06,28.15,26.67,26.77,27.9,2973875.0,25.96,603989
2017-03-07,27.82,27.46,27.77,27.52,1316366.0,25.61,603989
2017-03-08,27.69,27.15,27.51,27.18,1186892.0,25.28,603989
2017-03-09,27.3,26.85,27.3,26.89,921309.0,25.02,603989
2017-03-10,27.69,26.78,26.78,27.66,2882724.0,25.73,603989
2017-03-13,27.94,27.32,27.6,27.68,2047679.0,25.76,603989
2017-03-14,28.47,27.57,27.57,28.35,3705109.0,26.37,603989
2017-03-15,28.39,27.88,28.18,28.18,1347128.0,26.21,603989
2017-03-16,28.31,27.91,28.31,28.17,2076578.0,26.21,603989
2017-03-17,28.54,28.0,28.27,28.01,2654682.0,26.06,603989
2017-03-20,28.42,27.67,27.92,27.96,2022942.0,26.01,603989
2017-03-21,28.08,27.67,28.0,27.82,1262503.0,25.88,603989
2017-03-22,27.98,27.15,27.69,27.87,2404749.0,25.93,603989
2017-03-23,28.22,27.74,27.76,28.08,3298347.0,26.12,603989
2017-03-24,29.45,28.0,28.07,29.1,6329401.0,27.07,603989
2017-03-27,29.37,28.88,29.05,29.02,2301212.0,26.99,603989
2017-03-28,29.35,28.69,28.93,29.18,1842324.0,27.14,603989
2017-03-29,29.22,28.46,29.15,28.51,1317866.0,26.52,603989
2017-03-30,28.51,27.98,28.51,28.04,1543811.0,26.09,603989
2017-03-31,28.75,28.0,28.08,28.22,1868161.0,26.26,603989
2017-04-05,29.28,27.85,28.3,29.25,3371250.0,27.21,603989
2017-04-06,29.43,28.75,29.1,29.34,2739128.0,27.29,603989
2017-04-07,29.24,28.85,29.23,28.97,1277453.0,26.95,603989
2017-04-10,29.41,28.42,28.98,28.47,1746952.0,26.49,603989
2017-04-11,28.52,27.01,28.29,28.08,4367282.0,26.12,603989
2017-04-12,28.0,27.39,27.83,27.51,1487507.0,25.59,603989
2017-04-13,27.85,27.34,27.35,27.58,1222569.0,25.66,603989
2017-04-14,27.77,27.29,27.69,27.62,1211236.0,25.7,603989
2017-04-17,28.22,26.97,27.64,27.16,1638642.0,25.27,603989
2017-04-18,27.5,26.54,27.49,27.13,1586842.0,25.24,603989
2017-04-19,27.48,26.51,26.92,26.84,1670503.0,24.97,603989
2017-04-20,27.31,26.72,26.72,26.87,1374750.0,25.0,603989
2017-04-21,27.31,26.78,26.85,27.08,671225.0,25.19,603989
2017-04-24,27.35,26.75,27.08,27.28,1723072.0,25.38,603989
2017-04-25,28.01,27.13,27.28,27.98,3088380.0,26.03,603989
2017-04-26,28.41,27.62,27.92,27.76,2030259.0,25.83,603989
2017-04-27,28.45,27.68,27.68,28.34,3818807.0,26.36,603989
2017-04-28,28.43,28.08,28.32,28.38,1325581.0,26.4,603989
2017-05-02,29.76,28.37,28.41,29.58,5511463.0,27.52,603989
2017-05-03,29.73,29.16,29.58,29.42,3561911.0,27.37,603989
2017-05-04,30.29,28.94,29.39,29.42,3697122.0,27.37,603989
2017-05-05,29.84,29.0,29.39,29.7,2671011.0,27.63,603989
2017-05-08,29.91,28.83,29.64,29.27,3420237.0,27.23,603989
2017-05-09,29.22,28.08,28.93,28.92,2440620.0,26.9,603989
2017-05-10,30.15,28.77,28.85,29.62,3562017.0,27.56,603989
2017-05-11,30.38,28.62,28.79,30.2,3771848.0,28.1,603989
2017-05-12,31.15,30.01,30.19,30.2,3937909.0,28.1,603989
2017-05-15,30.84,29.87,30.39,30.75,2340636.0,28.61,603989
2017-05-16,31.14,30.08,30.55,30.95,2447970.0,28.79,603989
2017-05-17,31.29,29.86,31.03,29.91,3032215.0,27.82,603989
2017-05-18,30.23,29.48,29.62,29.69,2504846.0,27.62,603989
2017-05-19,30.14,29.39,29.69,29.72,1695544.0,27.65,603989
2017-05-22,30.23,29.24,29.38,29.45,1705493.0,27.4,603989
2017-05-23,29.59,27.69,29.46,28.02,4478466.0,26.07,603989
2017-05-24,28.43,27.41,27.69,28.18,1734331.0,26.22,603989
2017-05-25,28.37,27.46,27.97,28.23,1735289.0,26.26,603989
2017-05-26,28.83,28.0,28.23,28.56,2459999.0,26.57,603989
2017-05-31,29.04,28.48,28.85,28.74,1679885.0,26.74,603989
2017-06-01,28.74,28.14,28.64,28.38,1807890.0,26.4,603989
2017-06-02,28.31,27.0,28.3,27.97,2775621.0,26.02,603989
2017-06-05,28.14,27.08,27.38,27.99,2058348.0,26.81,603989
2017-06-06,28.18,27.85,28.06,27.99,1706052.0,26.81,603989
2017-06-07,28.8,27.69,28.05,28.77,1745793.0,27.55,603989
2017-06-08,28.88,28.43,28.79,28.46,1858277.0,27.26,603989
2017-06-09,28.98,28.05,28.46,28.94,1890793.0,27.72,603989
2017-06-12,29.16,28.67,28.94,29.02,1644648.0,27.8,603989
2017-06-13,29.8,28.8,29.02,29.76,2739158.0,28.5,603989
2017-06-14,29.95,29.25,29.95,29.41,2042916.0,28.16,603989
2017-06-15,29.62,29.31,29.41,29.53,1742716.0,28.28,603989
2017-06-16,29.77,29.28,29.55,29.52,1412477.0,28.27,603989
2017-06-19,29.76,29.38,29.55,29.48,1682204.0,28.24,603989
2017-06-20,29.52,28.99,29.48,29.28,2580808.0,28.05,603989
2017-06-21,30.09,29.16,29.37,30.06,2631914.0,28.79,603989
2017-06-22,30.37,29.05,30.0,29.08,2300207.0,27.85,603989
2017-06-23,29.52,28.85,29.05,29.51,1617041.0,28.26,603989
2017-06-26,30.62,29.46,29.5,30.34,2628746.0,29.06,603989
2017-06-27,30.61,30.02,30.26,30.42,2016559.0,29.13,603989
2017-06-28,31.06,30.18,30.23,30.68,2140772.0,29.38,603989
2017-06-29,30.78,30.32,30.69,30.74,1220094.0,29.44,603989
2017-06-30,30.63,30.08,30.63,30.18,1246059.0,28.91,603989
2017-07-03,31.29,30.18,30.18,31.19,2719332.0,29.87,603989
2017-07-04,31.52,30.79,31.28,31.18,1678524.0,29.86,603989
2017-07-05,31.24,30.73,31.23,30.98,1154579.0,29.67,603989
2017-07-06,31.08,30.39,31.04,30.55,2100156.0,29.26,603989
2017-07-07,30.7,30.38,30.46,30.66,1209794.0,29.37,603989
2017-07-10,30.65,29.54,30.65,29.77,2216756.0,28.51,603989
2017-07-11,29.88,28.97,29.66,29.23,2068032.0,28.0,603989
2017-07-12,29.82,29.08,29.08,29.76,1195220.0,28.5,603989
2017-07-13,29.77,29.29,29.77,29.39,894054.0,28.15,603989
2017-07-14,29.49,28.7,29.24,28.71,2207583.0,27.49,603989
2017-07-17,29.12,27.69,28.54,27.98,2370465.0,26.8,603989
2017-07-18,28.68,28.04,28.04,28.62,1500559.0,27.41,603989
2017-07-19,28.73,28.33,28.45,28.69,2144641.0,27.48,603989
2017-07-20,29.32,28.49,28.51,29.09,1634929.0,27.86,603989
2017-07-21,29.33,28.76,29.04,29.19,1156155.0,27.96,603989
2017-07-24,29.23,28.02,29.16,28.44,3992166.0,27.24,603989
2017-07-25,28.46,28.1,28.28,28.18,3427112.0,26.99,603989
2017-07-26,28.4,27.77,28.15,27.95,1439259.0,26.77,603989
2017-07-27,28.9,27.82,27.91,28.65,1676463.0,27.44,603989
2017-07-28,29.06,28.51,28.69,28.73,1092090.0,27.52,603989
2017-07-31,28.88,28.43,28.85,28.65,1515403.0,27.44,603989
2017-08-01,28.8,28.38,28.8,28.39,1499085.0,27.19,603989
2017-08-02,28.53,28.04,28.38,28.23,1746217.0,27.04,603989
2017-08-03,28.38,27.57,28.38,27.58,2728504.0,26.42,603989
2017-08-04,28.08,27.39,27.45,27.76,2654470.0,26.59,603989
2017-08-07,28.2,27.49,27.81,27.82,2068496.0,26.64,603989
2017-08-08,28.14,27.62,27.69,28.08,1132154.0,26.89,603989
2017-08-09,28.12,27.72,28.04,27.85,961689.0,26.67,603989
2017-08-10,27.9,27.27,27.85,27.35,2143245.0,26.19,603989
2017-08-11,27.31,26.62,27.12,26.88,2513398.0,25.75,603989
2017-08-14,27.4,26.68,27.0,27.38,1711070.0,26.23,603989
2017-08-15,27.92,27.38,27.38,27.49,2030905.0,26.33,603989
2017-08-16,28.75,27.39,27.39,28.12,2579058.0,26.93,603989
2017-08-17,28.34,27.55,28.15,27.88,2324301.0,26.71,603989
2017-08-18,28.17,27.7,27.7,28.1,1461604.0,26.91,603989
2017-08-21,28.37,27.86,27.98,28.32,1752510.0,27.12,603989
2017-08-22,28.02,27.18,27.99,27.58,3552782.0,26.41,603989
2017-08-23,27.39,26.62,27.39,26.65,3332282.0,25.52,603989
2017-08-24,27.12,26.68,26.72,27.02,1833946.0,25.87,603989
2017-08-25,27.22,27.0,27.02,27.15,1151775.0,26.01,603989
2017-08-28,27.33,26.97,27.08,27.2,1782797.0,26.05,603989
2017-08-29,27.29,26.46,27.2,26.65,3638340.0,25.53,603989
2017-08-30,27.38,26.6,26.78,27.19,3061179.0,26.04,603989
2017-08-31,27.38,27.07,27.07,27.15,1172795.0,26.0,603989
2017-09-01,27.67,27.15,27.28,27.47,2802328.0,26.31,603989
2017-09-04,27.82,27.35,27.35,27.78,2428404.0,26.61,603989
2017-09-05,28.51,27.56,27.85,28.32,4797058.0,27.13,603989
2017-09-06,28.34,28.02,28.31,28.3,2044394.0,27.1,603989
2017-09-07,28.42,28.06,28.16,28.09,1392365.0,26.9,603989
2017-09-08,28.41,27.75,28.09,27.94,2011274.0,26.76,603989
2017-09-11,29.04,27.82,27.94,28.41,2839202.0,27.21,603989
2017-09-12,29.06,28.31,28.38,28.85,2512839.0,27.63,603989
2017-09-13,29.04,28.68,28.74,28.96,1438663.0,27.74,603989
2017-09-14,29.15,28.46,28.95,28.61,1317549.0,27.4,603989
2017-09-15,28.75,27.92,28.52,28.06,2035735.0,26.88,603989
2017-09-18,29.08,27.9,28.02,29.07,2123995.0,27.84,603989
2017-09-19,29.07,28.75,29.07,28.91,1363765.0,27.69,603989
2017-09-20,29.21,28.77,28.91,28.98,1219651.0,27.76,603989
2017-09-21,29.15,28.44,29.0,28.46,1827946.0,27.26,603989
2017-09-22,28.68,28.18,28.46,28.58,921349.0,27.38,603989
2017-09-25,28.62,27.46,28.62,27.52,2871973.0,26.35,603989
2017-09-26,27.85,27.35,27.65,27.61,1711970.0,26.44,603989
2017-09-27,27.85,27.56,27.65,27.72,747712.0,26.55,603989
2017-09-28,28.08,27.54,27.78,27.72,1502602.0,26.54,603989
2017-09-29,28.18,27.68,27.68,28.15,1025809.0,26.96,603989
2017-10-09,28.54,27.72,28.43,27.88,1865233.0,26.7,603989
2017-10-10,28.45,27.71,28.08,28.25,1127156.0,27.06,603989
2017-10-11,28.6,28.02,28.14,28.38,1966064.0,27.18,603989
2017-10-12,28.82,28.02,28.38,28.78,2662531.0,27.57,603989
2017-10-13,28.86,28.38,28.86,28.63,1514088.0,27.42,603989
2017-10-16,28.62,27.64,28.62,27.88,1919858.0,26.71,603989
2017-10-17,28.04,27.65,27.92,27.72,1130441.0,26.55,603989
2017-10-18,28.12,27.69,27.69,27.93,1165125.0,26.75,603989
2017-10-19,28.08,27.78,27.78,27.84,979940.0,26.66,603989
2017-10-20,27.88,27.61,27.85,27.82,704816.0,26.64,603989
2017-10-23,28.91,27.92,27.93,28.88,2258002.0,27.66,603989
2017-10-24,28.85,28.23,28.69,28.62,1882556.0,27.41,603989
2017-10-25,29.3,28.39,28.43,29.1,2126159.0,27.87,603989
2017-10-26,29.35,28.94,29.09,28.98,1462565.0,27.75,603989
2017-10-27,29.27,28.91,29.02,29.22,1248331.0,27.98,603989
2017-10-30,29.3,28.08,29.22,29.12,1593851.0,27.88,603989
2017-10-31,29.34,28.68,29.12,29.09,1648582.0,27.86,603989
2017-11-01,29.84,29.08,29.25,29.09,2459824.0,27.86,603989
2017-11-02,29.14,28.55,29.01,29.09,1885520.0,27.86,603989
2017-11-03,29.3,28.15,29.12,28.45,2796487.0,27.24,603989
2017-11-06,30.21,28.32,28.55,30.15,3982853.0,28.87,603989
2017-11-07,30.68,29.86,30.12,30.34,3510619.0,29.06,603989
2017-11-08,31.15,30.27,30.54,30.38,3648168.0,29.09,603989
2017-11-09,30.98,30.31,30.62,30.88,2288369.0,29.58,603989
2017-11-10,31.0,30.5,30.98,30.75,3269424.0,29.45,603989
2017-11-13,30.92,30.15,30.77,30.32,3545109.0,29.04,603989
2017-11-14,31.92,30.23,30.27,31.32,5965877.0,30.0,603989
2017-11-15,31.46,29.85,31.18,30.18,3859597.0,28.9,603989
2017-11-16,30.62,29.67,30.31,30.36,4363841.0,29.08,603989
2017-11-17,31.18,29.75,30.38,29.85,4048605.0,28.58,603989
2017-11-20,32.22,28.9,29.69,31.99,6533744.0,30.64,603989
2017-11-21,32.22,31.62,31.99,31.97,4171026.0,30.62,603989
2017-11-22,32.84,31.35,32.0,31.82,4045006.0,30.48,603989
2017-11-23,32.75,31.04,31.81,31.1,4556775.0,29.79,603989
2017-11-24,31.7,30.38,30.94,30.98,2285028.0,29.67,603989
2017-11-27,30.96,29.23,30.78,29.31,3567163.0,28.07,603989
2017-11-28,29.93,29.31,29.31,29.68,1918637.0,28.42,603989
2017-11-29,29.8,28.92,29.62,29.49,2556917.0,28.25,603989
2017-11-30,30.0,29.33,29.45,29.82,1779206.0,28.55,603989
2017-12-01,30.14,29.62,29.62,29.84,1170903.0,28.58,603989
2017-12-04,30.0,29.1,29.85,29.52,1913448.0,28.27,603989
2017-12-05,29.57,28.18,29.46,28.44,2330728.0,27.24,603989
2017-12-06,28.92,28.08,28.74,28.72,1354314.0,27.51,603989
2017-12-07,28.98,28.27,28.67,28.28,1804724.0,27.09,603989
2017-12-08,28.78,28.08,28.28,28.51,911846.0,27.3,603989
2017-12-11,29.37,28.46,28.46,29.25,1802025.0,28.02,603989
2017-12-12,29.65,28.92,29.27,29.19,2273960.0,27.96,603989
2017-12-13,29.38,28.68,29.38,29.02,1854120.0,27.8,603989
2017-12-14,28.92,28.13,28.88,28.42,1786923.0,27.21,603989
2017-12-15,28.56,28.15,28.42,28.44,724100.0,27.24,603989
2017-12-18,28.61,27.46,28.35,27.55,1249885.0,26.38,603989
2017-12-19,27.98,27.34,27.46,27.88,1657240.0,26.71,603989
2017-12-20,28.08,27.71,27.88,27.83,863788.0,26.65,603989
2017-12-21,28.52,27.65,27.69,28.4,1007643.0,27.2,603989
2017-12-22,28.53,28.15,28.42,28.43,640510.0,27.23,603989
2017-12-25,28.9,27.7,28.43,28.84,1954528.0,27.62,603989
2017-12-26,29.91,28.92,29.01,29.52,3399452.0,28.27,603989
2017-12-27,29.37,28.85,29.25,28.88,1563787.0,27.66,603989
2017-12-28,29.35,28.55,28.87,29.07,1450190.0,27.84,603989
2017-12-29,29.62,28.92,29.16,29.55,2455259.0,28.3,603989
2018-01-02,29.99,29.08,29.61,29.39,2242607.0,28.15,603989
2018-01-03,29.91,29.0,29.46,29.85,2346890.0,28.59,603989
2018-01-04,30.38,29.51,29.85,29.89,2491185.0,28.63,603989
2018-01-05,30.23,29.52,29.99,29.64,1339091.0,28.39,603989
2018-01-08,29.91,29.42,29.62,29.9,1884181.0,28.64,603989
2018-01-09,30.91,29.99,29.99,30.65,2750776.0,29.35,603989
2018-01-10,33.71,30.79,31.15,33.71,10421054.0,32.28,603989
2018-01-11,33.08,32.02,33.08,32.18,7900438.0,30.82,603989
2018-01-12,33.07,31.81,32.54,32.0,5826290.0,30.65,603989
2018-01-15,32.21,30.01,32.15,30.17,5687093.0,28.89,603989
2018-01-16,30.42,29.43,30.12,29.81,4072510.0,28.55,603989
2018-01-17,29.78,28.68,29.55,29.42,4342431.0,28.17,603989
2018-01-18,29.46,29.02,29.42,29.08,2352310.0,27.85,603989
2018-01-19,29.46,28.85,28.95,28.87,2166459.0,27.65,603989
2018-01-22,28.85,28.15,28.84,28.6,2965782.0,27.39,603989
2018-01-23,29.38,28.52,28.81,29.12,2655526.0,27.89,603989
2018-01-24,29.44,28.82,29.41,28.91,3353126.0,27.69,603989
2018-01-25,28.92,28.17,28.62,28.72,3684404.0,27.51,603989
2018-01-26,28.98,28.41,28.71,28.52,1864295.0,27.32,603989
2018-01-29,28.77,28.06,28.77,28.64,1660127.0,27.43,603989
2018-01-30,29.14,28.45,28.58,28.74,1029526.0,27.52,603989
2018-01-31,28.91,27.72,28.62,28.07,2511102.0,26.88,603989
2018-02-01,28.29,25.26,28.29,26.08,6505045.0,24.98,603989
2018-02-02,27.05,24.52,25.77,26.47,2326035.0,25.35,603989
2018-02-05,26.81,25.36,26.15,26.58,773565.0,25.45,603989
2018-02-06,26.6,25.52,25.78,25.92,1661663.0,24.83,603989
2018-02-07,26.45,24.45,26.45,25.01,1817938.0,23.95,603989
2018-02-08,25.73,24.85,24.85,25.25,1303000.0,24.19,603989
2018-02-09,25.98,24.46,24.52,25.13,1905605.0,24.07,603989
2018-02-12,26.08,25.13,25.13,26.0,1048004.0,24.9,603989
2018-02-13,26.38,25.48,26.01,25.69,919720.0,24.61,603989
2018-02-14,26.18,25.38,25.92,25.54,1047865.0,24.46,603989
2018-02-22,26.72,25.55,25.65,26.42,1176396.0,25.31,603989
2018-02-23,27.34,26.15,26.16,27.23,1655014.0,26.08,603989
2018-02-26,27.9,27.01,27.51,27.74,1292590.0,26.57,603989
2018-02-27,28.36,27.47,27.73,28.15,1820390.0,26.96,603989
2018-02-28,28.88,27.52,27.94,28.75,1576845.0,27.54,603989
2018-03-01,29.02,28.16,28.68,28.65,1811972.0,27.44,603989
2018-03-02,28.42,27.81,28.31,27.91,1137773.0,26.73,603989
2018-03-05,28.22,27.85,27.95,28.0,497900.0,26.82,603989
2018-03-06,29.2,28.1,28.22,28.87,1456325.0,27.65,603989
2018-03-07,29.19,28.53,28.92,28.54,519870.0,27.33,603989
2018-03-08,28.82,28.17,28.47,28.38,561210.0,27.18,603989
2018-03-09,28.96,28.2,28.38,28.64,1180747.0,27.43,603989
2018-03-12,29.66,28.68,28.68,29.65,2126873.0,28.39,603989
2018-03-13,29.95,29.1,29.95,29.23,1197381.0,28.0,603989
2018-03-14,29.62,28.89,29.39,28.98,769388.0,27.76,603989
2018-03-15,29.19,28.4,28.92,28.68,695500.0,27.47,603989
2018-03-16,29.46,28.75,28.76,29.12,1043705.0,27.88,603989
2018-03-19,29.68,28.74,28.74,29.32,1179815.0,28.08,603989
2018-03-20,29.65,28.38,28.38,29.5,1059261.0,28.25,603989
2018-03-21,30.26,29.38,29.5,29.45,1405755.0,28.2,603989
2018-03-22,30.23,28.68,30.23,28.78,1036261.0,27.57,603989
2018-03-23,28.99,26.93,26.93,28.09,2484067.0,26.9,603989
2018-03-26,28.45,27.3,28.08,28.15,896502.0,26.96,603989
2018-03-27,29.73,28.31,28.31,29.62,1977646.0,28.36,603989
2018-03-28,30.31,29.15,29.4,29.88,1935700.0,28.62,603989
2018-03-29,30.31,29.24,30.0,29.68,1596855.0,28.43,603989
2018-03-30,30.35,29.69,29.88,30.27,1339365.0,28.99,603989
2018-04-02,33.03,30.49,30.72,31.57,4005712.0,30.23,603989
2018-04-03,31.62,30.62,31.46,30.95,1743885.0,29.64,603989
2018-04-04,31.15,30.51,31.15,30.81,1238130.0,29.51,603989
2018-04-09,31.23,30.06,30.81,31.05,1390720.0,29.74,603989
2018-04-10,31.36,29.75,30.92,30.75,2137089.0,29.45,603989
2018-04-11,30.88,30.22,30.46,30.58,1382940.0,29.29,603989
2018-04-12,31.51,30.02,30.84,30.5,1347989.0,29.21,603989
2018-04-13,30.75,30.02,30.15,30.36,923742.0,29.08,603989
2018-04-16,31.22,29.85,30.3,30.36,1635777.0,29.08,603989
2018-04-17,31.48,30.01,30.75,30.09,2873169.0,28.82,603989
2018-04-18,30.16,27.08,30.16,28.84,3393043.0,27.62,603989
2018-04-19,29.61,28.62,28.63,29.02,2043076.0,27.8,603989
2018-04-20,29.21,27.55,28.46,27.81,2017660.0,26.63,603989
2018-04-23,28.2,26.85,27.39,27.36,1849926.0,26.2,603989
2018-04-24,28.14,27.27,27.62,28.12,1214786.0,26.93,603989
2018-04-25,28.35,27.95,28.07,28.18,1162193.0,26.99,603989
2018-04-26,28.17,27.0,27.86,27.05,1738669.0,25.91,603989
2018-04-27,27.46,27.05,27.05,27.42,1386398.0,26.26,603989
2018-05-02,27.0,25.25,27.0,25.68,4321166.0,24.59,603989
2018-05-03,28.25,25.77,25.82,28.25,3989033.0,27.05,603989
2018-05-04,28.46,27.69,28.44,27.72,3070974.0,26.55,603989
2018-05-07,29.2,27.73,27.73,28.62,2737576.0,27.41,603989
2018-05-08,29.22,28.41,29.12,28.87,2364045.0,27.65,603989
2018-05-09,28.85,28.14,28.5,28.83,2787150.0,27.61,603989
2018-05-10,29.59,28.88,29.22,29.12,2847188.0,27.88,603989
2018-05-11,29.18,28.08,28.93,28.1,2860422.0,26.91,603989
2018-05-14,28.69,27.98,28.37,28.45,1614053.0,27.25,603989
2018-05-15,28.54,27.7,28.45,28.38,1569902.0,27.18,603989
2018-05-16,28.58,27.98,28.27,28.35,1222715.0,27.15,603989
2018-05-17,28.53,27.72,28.35,27.84,1361071.0,26.66,603989
2018-05-18,28.19,27.66,27.85,27.98,854569.0,26.8,603989
2018-05-21,28.75,27.9,28.09,28.45,1976520.0,27.25,603989
2018-05-22,29.39,28.55,28.81,29.19,2413190.0,27.96,603989
2018-05-23,29.26,28.56,29.15,28.62,1412939.0,27.41,603989
2018-05-24,28.88,28.07,28.48,28.15,1366888.0,26.96,603989
2018-05-25,28.02,26.76,27.83,26.93,3388686.0,25.79,603989
2018-05-28,27.14,26.27,27.03,26.79,1472509.0,25.66,603989
2018-05-29,27.5,26.73,26.83,27.02,1144395.0,25.88,603989
2018-05-30,26.85,25.8,26.37,26.1,1503096.0,25.0,603989
2018-05-31,26.91,26.18,26.18,26.75,1304511.0,25.62,603989
2018-06-01,27.08,26.41,26.85,26.6,992720.0,25.48,603989
2018-06-04,26.83,26.08,26.83,26.32,793065.0,25.21,603989
2018-06-05,27.12,26.35,26.38,26.98,913900.0,25.84,603989
2018-06-06,27.06,26.46,26.9,26.6,892484.0,25.48,603989
2018-06-07,26.82,26.15,26.82,26.57,1171135.0,25.45,603989
2018-06-08,26.5,26.05,26.5,26.22,830896.0,25.11,603989
2018-06-11,26.43,25.83,26.22,26.23,555136.0,25.12,603989
2018-06-12,26.48,25.87,26.37,26.22,640994.0,25.11,603989
2018-06-13,26.67,26.17,26.38,26.22,771759.0,25.11,603989
2018-06-14,26.4,25.87,26.2,25.92,818873.0,24.82,603989
2018-06-15,26.1,24.78,26.1,25.05,1876488.0,23.99,603989
2018-06-19,24.87,22.66,24.46,22.75,1870246.0,21.79,603989
2018-06-20,23.45,22.68,22.75,23.42,1032598.0,22.43,603989
2018-06-21,23.75,22.75,23.08,22.85,1324532.0,21.88,603989
2018-06-22,22.92,22.15,22.15,22.73,1234941.0,21.77,603989
2018-06-25,23.26,22.88,22.88,22.98,827884.0,22.01,603989
2018-06-26,23.19,22.39,22.92,23.01,757875.0,22.04,603989
2018-06-27,23.49,22.55,23.02,22.94,844099.0,21.97,603989
2018-06-28,22.47,21.2,21.99,21.91,559542.0,21.56,603989
2018-06-29,22.61,21.42,21.42,22.47,1387715.0,22.11,603989
2018-07-02,22.45,21.6,22.45,21.91,1243729.0,21.56,603989
2018-07-03,22.09,21.22,21.85,21.4,1852521.0,21.06,603989
2018-07-04,21.72,21.13,21.4,21.28,1028764.0,20.94,603989
2018-07-05,21.25,19.38,20.98,19.56,1972358.0,19.25,603989
2018-07-06,20.3,19.35,19.35,19.6,2460974.0,19.29,603989
2018-07-09,20.77,19.52,19.52,20.54,1670890.0,20.21,603989
2018-07-10,20.94,20.61,20.87,20.79,1173780.0,20.46,603989
2018-07-11,21.25,20.09,20.64,20.72,1356943.0,20.39,603989
2018-07-12,22.08,20.63,20.72,21.8,1726570.0,21.45,603989
2018-07-13,21.78,21.11,21.32,21.73,1546502.0,21.39,603989
2018-07-16,21.69,20.82,21.41,21.05,1489981.0,20.72,603989
2018-07-17,21.81,20.68,21.05,21.64,1156194.0,21.3,603989
2018-07-18,21.95,21.33,21.6,21.51,1244334.0,21.17,603989
2018-07-19,21.8,21.19,21.6,21.32,696820.0,20.98,603989
2018-07-20,22.18,21.02,21.32,21.72,1657624.0,21.38,603989
2018-07-23,21.97,21.32,21.73,21.62,1117776.0,21.28,603989
2018-07-24,22.7,21.53,21.83,22.63,2060589.0,22.27,603989
2018-07-25,23.81,22.7,23.26,23.38,3880182.0,23.01,603989
2018-07-26,23.31,22.53,23.1,22.75,2110379.0,22.39,603989
2018-07-27,23.58,22.41,23.03,22.9,1702845.0,22.54,603989
2018-07-30,23.02,21.05,22.99,21.68,2141915.0,21.34,603989
2018-07-31,21.86,21.21,21.54,21.48,1155290.0,21.14,603989
2018-08-01,21.8,20.88,21.4,20.99,924755.0,20.66,603989
2018-08-02,21.0,20.1,21.0,20.67,1541944.0,20.34,603989
2018-08-03,20.9,20.08,20.65,20.73,1156250.0,20.4,603989
2018-08-06,20.56,19.87,20.5,20.28,1103855.0,19.96,603989
2018-08-07,20.63,19.73,20.28,20.53,1242410.0,20.2,603989
2018-08-08,20.65,19.9,20.54,19.97,1115309.0,19.65,603989
2018-08-09,20.85,19.7,19.7,20.52,1120748.0,20.19,603989
2018-08-10,20.76,20.45,20.52,20.67,544760.0,20.34,603989
2018-08-13,22.59,20.06,20.59,22.17,1933524.0,21.82,603989
2018-08-14,22.41,21.34,22.2,21.56,1309468.0,21.22,603989
2018-08-15,21.68,21.12,21.59,21.2,689609.0,20.86,603989
2018-08-16,21.73,20.6,20.99,21.26,945579.0,20.92,603989
2018-08-17,21.8,21.31,21.31,21.52,1137380.0,21.18,603989
2018-08-20,22.12,21.4,21.4,22.11,926840.0,21.76,603989
2018-08-21,22.4,21.9,22.02,21.9,1032461.0,21.55,603989
2018-08-22,22.19,21.7,22.0,21.71,611639.0,21.37,603989
2018-08-23,22.1,21.5,21.7,21.85,477029.0,21.5,603989
2018-08-24,22.21,21.72,21.95,21.95,377424.0,21.6,603989
2018-08-27,23.13,21.79,21.96,22.18,1114219.0,21.83,603989
2018-08-28,23.16,22.22,22.22,22.78,1764070.0,22.42,603989
2018-08-29,23.0,22.41,22.79,22.8,624365.0,22.44,603989
2018-08-30,22.89,22.12,22.79,22.24,772260.0,21.89,603989
2018-08-31,22.38,21.75,22.12,22.14,625767.0,21.79,603989
2018-09-03,22.39,21.73,22.21,22.05,546676.0,21.7,603989
2018-09-04,22.96,21.82,22.05,22.78,1061501.0,22.42,603989
2018-09-05,22.86,22.22,22.68,22.22,620818.0,21.87,603989
2018-09-06,22.76,22.03,22.22,22.5,769896.0,22.14,603989
2018-09-07,23.58,22.6,22.77,23.22,2371553.0,22.85,603989
2018-09-10,23.76,22.68,22.92,23.3,1305479.0,22.93,603989
2018-09-11,23.65,22.93,22.93,23.4,852835.0,23.03,603989
2018-09-12,23.56,23.03,23.56,23.12,517970.0,22.75,603989
2018-09-13,23.48,22.92,23.34,23.36,565086.0,22.99,603989
2018-09-14,23.48,22.6,23.35,22.79,793873.0,22.43,603989
2018-09-17,23.46,22.7,22.79,23.11,935823.0,22.74,603989
2018-09-18,23.65,22.68,22.75,23.38,662300.0,23.01,603989
2018-09-19,23.69,23.12,23.38,23.35,1414493.0,22.98,603989
2018-09-20,23.39,22.75,23.19,22.89,1103636.0,22.53,603989
2018-09-21,23.16,22.51,22.8,22.89,678481.0,22.53,603989
2018-09-25,22.84,21.96,22.84,21.97,1200855.0,21.62,603989
2018-09-26,23.83,21.82,22.08,23.33,2281290.0,22.96,603989
2018-09-27,23.96,22.4,23.96,22.48,1233840.0,22.12,603989
2018-09-28,22.99,22.31,22.7,22.69,1148308.0,22.33,603989
2018-10-08,22.55,22.01,22.55,22.32,934339.0,21.97,603989
2018-10-09,22.51,21.5,22.32,21.83,881985.0,21.48,603989
2018-10-10,21.9,21.43,21.88,21.54,384682.0,21.2,603989
2018-10-11,21.45,20.01,20.2,21.02,1008074.0,20.69,603989
2018-10-12,21.5,20.58,20.58,21.0,598060.0,20.67,603989
2018-10-15,21.68,20.72,21.68,20.88,279610.0,20.55,603989
2018-10-16,21.34,20.1,20.43,20.3,436395.0,19.98,603989
2018-10-17,20.88,19.6,20.56,20.2,452235.0,19.88,603989
2018-10-18,20.12,19.43,19.83,19.46,505397.0,19.15,603989
2018-10-19,20.47,18.76,18.93,20.21,849808.0,19.89,603989
2018-10-22,21.66,20.36,20.69,21.38,1164851.0,21.04,603989
2018-10-23,21.77,20.92,21.77,21.15,459499.0,20.81,603989
2018-10-24,21.65,21.0,21.18,21.35,538788.0,21.01,603989
2018-10-25,21.79,20.71,20.9,21.78,515327.0,21.43,603989
2018-10-26,22.33,21.51,22.27,21.71,279020.0,21.37,603989
2018-10-29,21.86,21.18,21.21,21.28,289140.0,20.94,603989
2018-10-30,21.92,21.03,21.4,21.8,455486.0,21.45,603989
2018-10-31,23.3,21.8,22.0,22.78,1775126.0,22.42,603989
2018-11-01,23.43,22.7,23.0,22.88,1608156.0,22.52,603989
2018-11-02,23.95,23.1,23.1,23.43,1931273.0,23.06,603989
2018-11-05,23.78,23.13,23.13,23.7,1082940.0,23.32,603989
2018-11-06,23.69,22.54,23.69,22.71,1420900.0,22.35,603989
2018-11-07,23.34,22.61,22.98,22.85,1465110.0,22.49,603989
2018-11-08,23.3,22.11,22.81,22.13,1425802.0,21.78,603989
2018-11-09,23.28,22.1,22.42,22.87,1829981.0,22.51,603989
2018-11-12,22.98,22.3,22.96,22.91,1319262.0,22.55,603989
2018-11-13,22.96,22.33,22.9,22.8,1067989.0,22.44,603989
2018-11-14,23.08,22.51,22.8,22.76,892749.0,22.4,603989
2018-11-15,23.07,22.6,22.76,22.89,848130.0,22.53,603989
2018-11-16,23.06,22.8,22.88,22.99,1154561.0,22.63,603989
2018-11-19,23.08,22.55,22.99,22.69,1012456.0,22.33,603989
2018-11-20,22.91,22.08,22.52,22.08,911581.0,21.73,603989
2018-11-21,22.36,21.0,22.0,21.35,2012523.0,21.01,603989
2018-11-22,21.7,21.18,21.35,21.49,807408.0,21.15,603989
2018-11-23,21.86,21.01,21.49,21.01,844133.0,20.68,603989
2018-11-26,21.28,20.68,21.17,20.76,746765.0,20.43,603989
2018-11-27,21.16,20.7,20.81,20.92,481375.0,20.59,603989
2018-11-28,21.11,20.5,21.0,20.92,772827.0,20.59,603989
2018-11-29,21.28,19.7,20.92,19.84,1947349.0,19.53,603989
2018-11-30,20.43,19.8,19.9,20.28,1385621.0,19.96,603989
2018-12-03,21.53,20.72,20.95,21.3,1372867.0,20.96,603989
2018-12-04,21.91,21.05,21.44,21.82,1234650.0,21.47,603989
2018-12-05,21.99,21.38,21.82,21.67,776839.0,21.33,603989
2018-12-06,22.01,21.46,21.9,21.65,577130.0,21.31,603989
2018-12-07,21.84,21.25,21.65,21.33,506620.0,20.99,603989
2018-12-10,21.63,21.1,21.32,21.52,440438.0,21.18,603989
2018-12-11,21.56,21.2,21.47,21.47,358765.0,21.13,603989
2018-12-12,21.77,21.26,21.55,21.72,397150.0,21.38,603989
2018-12-13,21.74,21.28,21.72,21.37,783860.0,21.03,603989
2018-12-14,21.52,20.88,21.41,21.17,530705.0,20.83,603989
2018-12-17,21.15,20.3,21.15,20.34,793725.0,20.02,603989
2018-12-18,21.37,20.21,20.75,21.17,1608115.0,20.83,603989
2018-12-19,20.95,20.21,20.95,20.37,1023850.0,20.05,603989
2018-12-20,20.72,20.19,20.37,20.6,743772.0,20.27,603989
2018-12-21,20.81,20.32,20.8,20.46,554640.0,20.14,603989
2018-12-24,20.84,20.2,20.46,20.59,358640.0,20.26,603989
2018-12-25,20.87,20.07,20.59,20.72,772963.0,20.39,603989
2018-12-26,20.93,20.45,20.68,20.47,669130.0,20.15,603989
2018-12-27,20.79,20.1,20.79,20.13,537136.0,19.81,603989
2018-12-28,20.4,20.0,20.2,20.14,626350.0,19.82,603989
2019-01-02,20.7,19.25,20.64,19.52,1091857.0,19.21,603989
2019-01-03,19.64,18.75,19.53,18.86,1253775.0,18.56,603989
2019-01-04,19.67,18.59,18.83,19.42,1239168.0,19.11,603989
2019-01-07,19.89,18.59,18.67,19.6,1121075.0,19.29,603989
2019-01-08,19.95,19.2,19.7,19.9,1306115.0,19.58,603989
2019-01-09,20.17,19.53,19.66,19.53,1223147.0,19.22,603989
2019-01-10,19.77,19.16,19.53,19.32,948043.0,19.01,603989
2019-01-11,19.88,19.23,19.33,19.8,932443.0,19.49,603989
2019-01-14,19.78,18.76,19.55,18.96,1608676.0,18.66,603989
2019-01-15,19.5,18.9,19.0,19.45,1683285.0,19.14,603989
2019-01-16,19.68,19.38,19.5,19.52,836699.0,19.21,603989
2019-01-17,19.66,18.8,19.52,18.99,1438970.0,18.69,603989
2019-01-18,19.32,18.86,18.98,19.1,1549625.0,18.8,603989
2019-01-21,19.44,18.91,19.05,19.07,1700410.0,18.77,603989
2019-01-22,19.14,18.82,19.07,19.0,770415.0,18.7,603989
2019-01-23,18.95,18.71,18.82,18.9,1092460.0,18.6,603989
2019-01-24,18.85,17.95,18.85,18.49,3272663.0,18.2,603989
2019-01-25,18.49,17.73,18.39,17.93,2498877.0,17.65,603989
2019-01-28,18.81,17.75,17.9,18.61,2638472.0,18.31,603989
2019-01-29,18.6,17.63,18.6,18.01,1853255.0,17.72,603989
2019-01-30,17.98,17.51,17.92,17.54,950971.0,17.26,603989
2019-01-31,17.88,17.5,17.76,17.6,1069175.0,17.32,603989
2019-02-01,18.2,17.56,17.6,18.14,1350101.0,17.85,603989
2019-02-11,18.85,18.12,18.19,18.7,1374261.0,18.4,603989
2019-02-12,19.46,18.53,18.71,19.37,1686989.0,19.06,603989
2019-02-13,19.83,19.39,19.39,19.69,1538557.0,19.38,603989
2019-02-14,20.12,19.54,19.77,19.92,1287337.0,19.6,603989
2019-02-15,20.2,19.4,19.4,19.61,874058.0,19.3,603989
2019-02-18,20.49,19.86,19.86,20.38,1385914.0,20.06,603989
2019-02-19,20.6,20.04,20.56,20.25,1024068.0,19.93,603989
2019-02-20,20.47,20.02,20.09,20.18,1036516.0,19.86,603989
2019-02-21,20.85,19.9,20.14,20.35,1631952.0,20.03,603989
2019-02-22,20.79,20.22,20.22,20.71,1109700.0,20.38,603989
2019-02-25,21.98,20.74,20.74,21.44,1817964.0,21.1,603989
2019-02-26,21.74,21.0,21.46,21.2,1886224.0,20.86,603989
2019-02-27,21.45,20.39,21.2,20.4,2757011.0,20.08,603989
2019-02-28,21.6,20.45,20.45,21.04,2283663.0,20.71,603989
2019-03-01,21.4,20.31,21.4,20.55,2170410.0,20.22,603989
2019-03-04,21.65,20.57,20.69,21.07,2797011.0,20.74,603989
2019-03-05,21.78,21.01,21.4,21.78,1973276.0,21.43,603989
2019-03-06,21.96,21.27,21.74,21.64,2049340.0,21.3,603989
2019-03-07,22.0,21.33,21.59,21.69,2380572.0,21.35,603989
2019-03-08,22.04,21.01,21.58,22.0,3577239.0,21.65,603989
2019-03-11,22.85,21.65,22.14,22.02,4358540.0,21.67,603989
2019-03-12,22.68,21.88,22.19,22.38,3416850.0,22.02,603989
2019-03-13,22.5,21.4,22.45,21.55,2346281.0,21.21,603989
2019-03-14,21.78,20.73,21.48,20.85,1615029.0,20.52,603989
2019-03-15,21.81,20.88,20.88,21.79,2546920.0,21.44,603989
2019-03-18,21.97,21.3,21.89,21.7,2031776.0,21.36,603989
2019-03-19,21.98,21.46,21.69,21.63,1489498.0,21.29,603989
2019-03-20,21.79,21.05,21.75,21.35,1776664.0,21.01,603989
2019-03-21,21.77,21.26,21.26,21.43,1800456.0,21.09,603989
2019-03-22,22.03,21.21,21.49,21.98,2624781.0,21.63,603989
2019-03-25,21.95,21.41,21.84,21.48,1830318.0,21.14,603989
2019-03-26,21.72,20.6,21.72,20.78,2284278.0,20.45,603989
2019-03-27,20.95,20.3,20.94,20.52,1587281.0,20.19,603989
2019-03-28,20.65,20.22,20.48,20.3,1549648.0,19.98,603989
2019-03-29,20.87,20.06,20.38,20.8,1523574.0,20.47,603989
2019-04-01,21.31,20.7,20.7,21.25,4442328.0,20.91,603989
2019-04-02,21.54,20.91,21.21,21.5,3989726.0,21.16,603989
2019-04-03,21.7,21.24,21.5,21.6,2969464.0,21.26,603989
2019-04-04,21.69,21.37,21.6,21.58,2407265.0,21.24,603989
2019-04-08,21.71,20.72,21.55,20.99,3220360.0,20.66,603989
2019-04-09,21.22,20.8,21.03,21.15,1794137.0,20.81,603989
2019-04-10,21.45,20.68,21.19,21.38,2226416.0,21.04,603989
2019-04-11,21.38,20.73,21.38,20.8,2012632.0,20.47,603989
2019-04-12,20.87,20.39,20.85,20.51,1471124.0,20.18,603989
2019-04-15,21.05,20.41,20.63,20.5,1669845.0,20.17,603989
2019-04-16,20.84,19.96,20.42,20.74,2237505.0,20.41,603989
2019-04-17,21.18,20.64,20.64,20.93,2551785.0,20.6,603989
2019-04-18,21.06,20.69,20.73,20.8,1392402.0,20.47,603989
2019-04-19,20.86,20.35,20.8,20.75,1117303.0,20.42,603989
2019-04-22,20.82,20.18,20.82,20.37,1460616.0,20.05,603989
2019-04-23,20.45,19.88,20.45,19.91,1904387.0,19.59,603989
2019-04-24,20.1,19.7,20.01,20.1,1273480.0,19.78,603989
2019-04-25,20.15,19.28,20.02,19.28,1427160.0,18.97,603989
2019-04-26,19.4,18.9,19.26,18.9,1499461.0,18.6,603989
2019-05-06,18.94,17.8,18.94,17.91,2322172.0,17.63,603989
2019-05-07,18.33,17.91,18.05,18.13,945696.0,17.84,603989
2019-05-08,18.49,17.57,17.98,18.23,1093380.0,17.94,603989
2019-05-09,18.39,18.0,18.0,18.07,1151710.0,17.78,603989
2019-05-10,18.55,17.76,18.08,18.44,2032206.0,18.15,603989
2019-05-13,18.34,18.04,18.1,18.11,916668.0,17.82,603989
2019-05-14,18.15,17.95,17.99,17.97,686730.0,17.68,603989
2019-05-15,18.37,18.04,18.06,18.24,1094597.0,17.95,603989
2019-05-16,18.6,18.18,18.24,18.57,1506855.0,18.28,603989
2019-05-17,18.65,17.88,18.59,18.02,1343539.0,17.73,603989
2019-05-20,18.19,17.73,18.0,18.15,691764.0,17.86,603989
2019-05-21,18.49,18.02,18.18,18.39,1054535.0,18.1,603989
2019-05-22,18.66,18.2,18.4,18.55,1294492.0,18.26,603989
2019-05-23,18.5,18.01,18.5,18.15,831660.0,17.86,603989
2019-05-24,18.35,18.05,18.05,18.12,828925.0,17.83,603989
2019-05-27,18.55,18.06,18.06,18.45,1166465.0,18.16,603989
2019-05-28,18.77,18.34,18.48,18.4,1293141.0,18.11,603989
2019-05-29,18.89,18.36,18.45,18.68,1147305.0,18.38,603989
2019-05-30,18.8,18.46,18.68,18.73,1124882.0,18.43,603989
2019-05-31,19.29,18.64,18.71,18.85,1570051.0,18.55,603989
2019-06-03,19.38,18.61,18.85,19.38,2223560.0,19.07,603989
2019-06-04,19.57,19.12,19.22,19.17,1399515.0,18.87,603989
2019-06-05,19.53,18.92,19.36,19.17,1367147.0,18.87,603989
2019-06-06,19.24,18.18,19.02,18.58,1352733.0,18.29,603989
2019-06-10,18.87,18.44,18.65,18.77,829811.0,18.47,603989
2019-06-11,19.32,18.69,18.77,19.3,1264546.0,18.99,603989
2019-06-12,19.38,19.0,19.3,19.02,812077.0,18.72,603989
2019-06-13,19.22,18.79,19.03,19.02,828105.0,18.72,603989
2019-06-14,19.18,18.6,19.18,18.6,760738.0,18.3,603989
2019-06-19,19.05,18.46,18.46,18.9,1355034.0,18.6,603989
2019-06-20,19.15,18.4,18.62,18.97,1539761.0,18.97,603989
2019-06-21,19.35,18.85,19.08,19.14,1149723.0,19.14,603989
2019-06-24,19.29,18.77,19.16,19.0,874764.0,19.0,603989
2019-06-25,18.95,18.44,18.83,18.64,682901.0,18.64,603989
2019-06-26,19.35,18.5,18.63,19.19,1934591.0,19.19,603989
2019-06-27,19.41,19.01,19.23,19.13,1256970.0,19.13,603989
2019-06-28,19.06,18.72,19.02,18.88,886469.0,18.88,603989
2019-07-01,19.49,19.04,19.04,19.19,1262180.0,19.19,603989
