id,stock_index,stock_name,jijin_num,stock_date,day,jijin_date
1,600519,贵州茅台,1250,2020_02_20,2020_02_20,2019-12-31
1,601318,中国平安,1077,2020_02_20,2020_02_20,2019-12-31
1,600036,招商银行,853,2020_02_20,2020_02_20,2019-12-31
2,000651,格力电器,749,2020_02_20,2020_02_20,2019-12-31
1,600276,恒瑞医药,705,2020_02_20,2020_02_20,2019-12-31
2,000002,万科A,654,2020_02_20,2020_02_20,2019-12-31
1,601166,兴业银行,621,2020_02_20,2020_02_20,2019-12-31
1,600887,伊利股份,616,2020_02_20,2020_02_20,2019-12-31
1,600030,中信证券,609,2020_02_20,2020_02_20,2019-12-31
2,000858,五粮液,590,2020_02_20,2020_02_20,2019-12-31
2,002475,立讯精密,558,2020_02_20,2020_02_20,2019-12-31
2,000333,美的集团,519,2020_02_20,2020_02_20,2019-12-31
1,600048,保利地产,478,2020_02_20,2020_02_20,2019-12-31
1,601398,工商银行,390,2020_02_20,2020_02_20,2019-12-31
2,000661,长春高新,353,2020_02_20,2020_02_20,2019-12-31
1,600585,海螺水泥,305,2020_02_20,2020_02_20,2019-12-31
2,300750,宁德时代,279,2020_02_20,2020_02_20,2019-12-31
2,002415,海康威视,271,2020_02_20,2020_02_20,2019-12-31
1,601688,华泰证券,269,2020_02_20,2020_02_20,2019-12-31
2,000001,平安银行,264,2020_02_20,2020_02_20,2019-12-31
1,600031,三一重工,262,2020_02_20,2020_02_20,2019-12-31
1,603259,药明康德,254,2020_02_20,2020_02_20,2019-12-31
1,601288,农业银行,226,2020_02_20,2020_02_20,2019-12-31
1,601601,中国太保,223,2020_02_20,2020_02_20,2019-12-31
2,000063,中兴通讯,212,2020_02_20,2020_02_20,2019-12-31
1,603986,兆易创新,205,2020_02_20,2020_02_20,2019-12-31
2,002142,宁波银行,203,2020_02_20,2020_02_20,2019-12-31
2,300760,迈瑞医疗,200,2020_02_20,2020_02_20,2019-12-31
1,601328,交通银行,196,2020_02_20,2020_02_20,2019-12-31
2,002624,完美世界,196,2020_02_20,2020_02_20,2019-12-31
1,600690,海尔智家,191,2020_02_20,2020_02_20,2019-12-31
1,603927,中科软,189,2020_02_20,2020_02_20,2019-9-30
1,600016,民生银行,187,2020_02_20,2020_02_20,2019-12-31
1,600309,万华化学,186,2020_02_20,2020_02_20,2019-12-31
1,601939,建设银行,185,2020_02_20,2020_02_20,2019-12-31
2,300059,东方财富,184,2020_02_20,2020_02_20,2019-12-31
2,000568,泸州老窖,179,2020_02_20,2020_02_20,2019-12-31
2,002241,歌尔股份,178,2020_02_20,2020_02_20,2019-12-31
2,000725,京东方A,171,2020_02_20,2020_02_20,2019-12-31
2,300790,宇瞳光学,171,2020_02_20,2020_02_20,2019-9-30
1,601888,中国国旅,169,2020_02_20,2020_02_20,2019-12-31
1,601012,隆基股份,165,2020_02_20,2020_02_20,2019-12-31
1,600000,浦发银行,163,2020_02_20,2020_02_20,2019-12-31
1,600837,海通证券,162,2020_02_20,2020_02_20,2019-12-31
1,603799,华友钴业,158,2020_02_20,2020_02_20,2019-12-31
2,300014,亿纬锂能,156,2020_02_20,2020_02_20,2019-12-31
2,000338,潍柴动力,151,2020_02_20,2020_02_20,2019-12-31
1,600009,上海机场,150,2020_02_20,2020_02_20,2019-12-31
1,600383,金地集团,148,2020_02_20,2020_02_20,2019-12-31
1,600104,上汽集团,145,2020_02_20,2020_02_20,2019-12-31
1,600570,恒生电子,144,2020_02_20,2020_02_20,2019-12-31
1,601818,光大银行,142,2020_02_20,2020_02_20,2019-12-31
2,300450,先导智能,140,2020_02_20,2020_02_20,2019-12-31
1,601668,中国建筑,139,2020_02_20,2020_02_20,2019-12-31
2,300136,信维通信,139,2020_02_20,2020_02_20,2019-12-31
1,600900,长江电力,136,2020_02_20,2020_02_20,2019-12-31
2,300498,温氏股份,130,2020_02_20,2020_02_20,2019-12-31
2,000418,小天鹅A,127,2020_02_20,2020_02_20,2018-12-31
1,600741,华域汽车,124,2020_02_20,2020_02_20,2019-12-31
2,002555,三七互娱,122,2020_02_20,2020_02_20,2019-12-31
2,300015,爱尔眼科,121,2020_02_20,2020_02_20,2019-12-31
1,601899,紫金矿业,120,2020_02_20,2020_02_20,2019-12-31
2,300347,泰格医药,119,2020_02_20,2020_02_20,2019-12-31
2,002714,牧原股份,117,2020_02_20,2020_02_20,2019-12-31
1,601088,中国神华,116,2020_02_20,2020_02_20,2019-12-31
2,000977,浪潮信息,115,2020_02_20,2020_02_20,2019-12-31
2,300413,芒果超媒,115,2020_02_20,2020_02_20,2019-12-31
2,002972,科安达,113,2020_02_20,2020_02_20,2019-12-31
1,600763,通策医疗,112,2020_02_20,2020_02_20,2019-12-31
1,600745,闻泰科技,107,2020_02_20,2020_02_20,2019-12-31
2,002311,海大集团,103,2020_02_20,2020_02_20,2019-12-31
2,300003,乐普医疗,103,2020_02_20,2020_02_20,2019-12-31
2,002384,东山精密,102,2020_02_20,2020_02_20,2019-12-31
1,600584,长电科技,101,2020_02_20,2020_02_20,2019-12-31
2,002027,分众传媒,101,2020_02_20,2020_02_20,2019-12-31
2,002460,赣锋锂业,100,2020_02_20,2020_02_20,2019-12-31
2,300207,欣旺达,100,2020_02_20,2020_02_20,2019-12-31
2,000961,中南建设,98,2020_02_20,2020_02_20,2019-12-31
2,300144,宋城演艺,97,2020_02_20,2020_02_20,2019-12-31
1,601138,工业富联,97,2020_02_20,2020_02_20,2019-12-31
1,603109,神驰机电,96,2020_02_20,2020_02_20,2019-12-31
1,601128,常熟银行,95,2020_02_20,2020_02_20,2019-12-31
1,603517,绝味食品,91,2020_02_20,2020_02_20,2019-12-31
2,000860,顺鑫农业,90,2020_02_20,2020_02_20,2019-12-31
1,600028,中国石化,88,2020_02_20,2020_02_20,2019-12-31
2,000596,古井贡酒,87,2020_02_20,2020_02_20,2019-12-31
1,600703,三安光电,86,2020_02_20,2020_02_20,2019-12-31
1,601336,新华保险,86,2020_02_20,2020_02_20,2019-12-31
1,600809,山西汾酒,85,2020_02_20,2020_02_20,2019-12-31
1,601628,中国人寿,84,2020_02_20,2020_02_20,2019-12-31
2,002008,大族激光,84,2020_02_20,2020_02_20,2019-12-31
1,600426,华鲁恒升,83,2020_02_20,2020_02_20,2019-12-31
2,002044,美年健康,83,2020_02_20,2020_02_20,2019-12-31
1,600438,通威股份,83,2020_02_20,2020_02_20,2019-12-31
1,601186,中国铁建,82,2020_02_20,2020_02_20,2019-12-31
1,603288,海天味业,82,2020_02_20,2020_02_20,2019-12-31
1,601988,中国银行,80,2020_02_20,2020_02_20,2019-12-31
2,002353,杰瑞股份,80,2020_02_20,2020_02_20,2019-12-31
2,002236,大华股份,79,2020_02_20,2020_02_20,2019-12-31
1,603899,晨光文具,79,2020_02_20,2020_02_20,2019-12-31
2,300601,康泰生物,79,2020_02_20,2020_02_20,2019-12-31
2,000100,TCL科技,78,2020_02_20,2020_02_20,2019-12-31
2,002371,北方华创,76,2020_02_20,2020_02_20,2019-12-31
1,603501,韦尔股份,76,2020_02_20,2020_02_20,2019-12-31
1,601211,国泰君安,76,2020_02_20,2020_02_20,2019-12-31
1,601799,星宇股份,74,2020_02_20,2020_02_20,2019-12-31
1,603659,璞泰来,74,2020_02_20,2020_02_20,2019-12-31
2,002050,三花智控,73,2020_02_20,2020_02_20,2019-12-31
1,603160,汇顶科技,73,2020_02_20,2020_02_20,2019-12-31
2,002439,启明星辰,72,2020_02_20,2020_02_20,2019-12-31
1,600176,中国巨石,72,2020_02_20,2020_02_20,2019-12-31
1,688111,金山办公,72,2020_02_20,2020_02_20,2019-12-31
1,603369,今世缘,70,2020_02_20,2020_02_20,2019-12-31
2,300124,汇川技术,69,2020_02_20,2020_02_20,2019-12-31
1,601006,大秦铁路,69,2020_02_20,2020_02_20,2019-12-31
2,000538,云南白药,69,2020_02_20,2020_02_20,2019-12-31
2,002821,凯莱英,69,2020_02_20,2020_02_20,2019-12-31
1,600529,山东药玻,67,2020_02_20,2020_02_20,2019-12-31
1,601009,南京银行,66,2020_02_20,2020_02_20,2019-12-31
2,000425,徐工机械,65,2020_02_20,2020_02_20,2019-12-31
1,600547,山东黄金,64,2020_02_20,2020_02_20,2019-12-31
2,000895,双汇发展,64,2020_02_20,2020_02_20,2019-12-31
1,600801,华新水泥,64,2020_02_20,2020_02_20,2019-12-31
1,600340,华夏幸福,64,2020_02_20,2020_02_20,2019-12-31
2,000786,北新建材,63,2020_02_20,2020_02_20,2019-12-31
2,300383,光环新网,63,2020_02_20,2020_02_20,2019-12-31
2,300618,寒锐钴业,63,2020_02_20,2020_02_20,2019-12-31
1,601111,中国国航,62,2020_02_20,2020_02_20,2019-12-31
2,002508,老板电器,62,2020_02_20,2020_02_20,2019-12-31
1,600406,国电南瑞,61,2020_02_20,2020_02_20,2019-12-31
2,002035,华帝股份,61,2020_02_20,2020_02_20,2019-12-31
2,002271,东方雨虹,60,2020_02_20,2020_02_20,2019-12-31
1,600872,中炬高新,60,2020_02_20,2020_02_20,2019-12-31
2,300142,沃森生物,60,2020_02_20,2020_02_20,2019-12-31
2,000625,长安汽车,59,2020_02_20,2020_02_20,2019-12-31
2,300628,亿联网络,59,2020_02_20,2020_02_20,2019-12-31
2,002174,游族网络,58,2020_02_20,2020_02_20,2019-12-31
1,603338,浙江鼎力,58,2020_02_20,2020_02_20,2019-12-31
2,300012,华测检测,57,2020_02_20,2020_02_20,2019-12-31
2,002812,恩捷股份,57,2020_02_20,2020_02_20,2019-12-31
1,600377,宁沪高速,56,2020_02_20,2020_02_20,2019-12-31
1,600885,宏发股份,56,2020_02_20,2020_02_20,2019-12-31
2,002304,洋河股份,54,2020_02_20,2020_02_20,2019-12-31
2,002179,中航光电,54,2020_02_20,2020_02_20,2019-12-31
1,601877,正泰电器,54,2020_02_20,2020_02_20,2019-12-31
1,600660,福耀玻璃,53,2020_02_20,2020_02_20,2019-12-31
2,002230,科大讯飞,53,2020_02_20,2020_02_20,2019-12-31
2,002410,广联达,53,2020_02_20,2020_02_20,2019-12-31
1,603444,吉比特,53,2020_02_20,2020_02_20,2019-12-31
2,002007,华兰生物,52,2020_02_20,2020_02_20,2019-12-31
1,601169,北京银行,52,2020_02_20,2020_02_20,2019-12-31
2,002600,领益智造,51,2020_02_20,2020_02_20,2019-12-31
2,002463,沪电股份,51,2020_02_20,2020_02_20,2019-12-31
2,300529,健帆生物,51,2020_02_20,2020_02_20,2019-12-31
1,600486,扬农化工,50,2020_02_20,2020_02_20,2019-12-31
1,600845,宝信软件,50,2020_02_20,2020_02_20,2019-12-31
1,600536,中国软件,49,2020_02_20,2020_02_20,2019-12-31
1,600760,中航沈飞,49,2020_02_20,2020_02_20,2019-12-31
1,600588,用友网络,47,2020_02_20,2020_02_20,2019-12-31
2,000066,中国长城,47,2020_02_20,2020_02_20,2019-12-31
2,300253,卫宁健康,47,2020_02_20,2020_02_20,2019-12-31
1,600050,中国联通,46,2020_02_20,2020_02_20,2019-12-31
2,002202,金风科技,46,2020_02_20,2020_02_20,2019-12-31
2,002127,南极电商,46,2020_02_20,2020_02_20,2019-12-31
1,600038,中直股份,46,2020_02_20,2020_02_20,2019-12-31
2,300251,光线传媒,46,2020_02_20,2020_02_20,2019-12-31
1,600436,片仔癀,45,2020_02_20,2020_02_20,2019-12-31
1,600183,生益科技,44,2020_02_20,2020_02_20,2019-12-31
2,002078,太阳纸业,44,2020_02_20,2020_02_20,2019-12-31
2,002001,新和成,44,2020_02_20,2020_02_20,2019-12-31
2,002273,水晶光电,43,2020_02_20,2020_02_20,2019-12-31
2,300315,掌趣科技,43,2020_02_20,2020_02_20,2019-12-31
1,600754,锦江酒店,42,2020_02_20,2020_02_20,2019-12-31
2,000069,华侨城A,42,2020_02_20,2020_02_20,2019-12-31
1,603589,口子窖,42,2020_02_20,2020_02_20,2019-12-31
2,002962,五方光电,42,2020_02_20,2020_02_20,2019-9-30
1,600600,青岛啤酒,41,2020_02_20,2020_02_20,2019-12-31
2,002146,荣盛发展,41,2020_02_20,2020_02_20,2019-12-31
2,002120,韵达股份,40,2020_02_20,2020_02_20,2019-12-31
1,601933,永辉超市,40,2020_02_20,2020_02_20,2019-12-31
1,603993,洛阳钼业,40,2020_02_20,2020_02_20,2019-12-31
1,601998,中信银行,39,2020_02_20,2020_02_20,2019-12-31
2,300122,智飞生物,39,2020_02_20,2020_02_20,2019-12-31
1,603939,益丰药房,39,2020_02_20,2020_02_20,2019-12-31
1,600999,招商证券,38,2020_02_20,2020_02_20,2019-12-31
1,600004,白云机场,38,2020_02_20,2020_02_20,2019-12-31
1,600886,国投电力,38,2020_02_20,2020_02_20,2019-12-31
2,002065,东华软件,38,2020_02_20,2020_02_20,2019-12-31
1,601233,桐昆股份,38,2020_02_20,2020_02_20,2019-12-31
1,600132,重庆啤酒,37,2020_02_20,2020_02_20,2019-12-31
2,000776,广发证券,37,2020_02_20,2020_02_20,2019-12-31
2,300033,同花顺,37,2020_02_20,2020_02_20,2019-12-31
1,601658,邮储银行,37,2020_02_20,2020_02_20,2019-12-31
1,600019,宝钢股份,36,2020_02_20,2020_02_20,2019-12-31
2,000671,阳光城,36,2020_02_20,2020_02_20,2019-12-31
1,601100,恒立液压,36,2020_02_20,2020_02_20,2019-12-31
2,000876,新希望,35,2020_02_20,2020_02_20,2019-12-31
2,002157,正邦科技,35,2020_02_20,2020_02_20,2019-12-31
1,601966,玲珑轮胎,35,2020_02_20,2020_02_20,2019-12-31
1,600201,生物股份,34,2020_02_20,2020_02_20,2019-12-31
1,603816,顾家家居,34,2020_02_20,2020_02_20,2019-12-31
1,603882,金域医学,34,2020_02_20,2020_02_20,2019-12-31
2,002938,鹏鼎控股,34,2020_02_20,2020_02_20,2019-12-31
2,300271,华宇软件,33,2020_02_20,2020_02_20,2019-12-31
2,300113,顺网科技,33,2020_02_20,2020_02_20,2019-12-31
1,603233,大参林,33,2020_02_20,2020_02_20,2019-12-31
1,603605,珀莱雅,33,2020_02_20,2020_02_20,2019-12-31
2,300454,深信服,33,2020_02_20,2020_02_20,2019-12-31
1,600029,南方航空,32,2020_02_20,2020_02_20,2019-12-31
2,000401,冀东水泥,32,2020_02_20,2020_02_20,2019-12-31
2,002456,欧菲光,32,2020_02_20,2020_02_20,2019-12-31
2,002477,雏鹰农牧,32,2020_02_20,2020_02_20,2018-12-31
2,300037,新宙邦,32,2020_02_20,2020_02_20,2019-12-31
2,300357,我武生物,32,2020_02_20,2020_02_20,2019-12-31
2,300408,三环集团,32,2020_02_20,2020_02_20,2019-12-31
2,300661,圣邦股份,32,2020_02_20,2020_02_20,2019-12-31
1,603707,健友股份,32,2020_02_20,2020_02_20,2019-12-31
1,600240,华业资本,31,2020_02_20,2020_02_20,2018-12-31
2,300073,当升科技,31,2020_02_20,2020_02_20,2019-12-31
1,601021,春秋航空,31,2020_02_20,2020_02_20,2019-12-31
2,300451,创业慧康,31,2020_02_20,2020_02_20,2019-12-31
2,000166,申万宏源,31,2020_02_20,2020_02_20,2019-12-31
1,600466,蓝光发展,30,2020_02_20,2020_02_20,2019-12-31
1,600346,恒力石化,30,2020_02_20,2020_02_20,2019-12-31
2,002396,星网锐捷,30,2020_02_20,2020_02_20,2019-12-31
1,601225,陕西煤业,30,2020_02_20,2020_02_20,2019-12-31
1,603806,福斯特,30,2020_02_20,2020_02_20,2019-12-31
2,300595,欧普康视,30,2020_02_20,2020_02_20,2019-12-31
2,300630,普利制药,30,2020_02_20,2020_02_20,2019-12-31
2,300782,卓胜微,30,2020_02_20,2020_02_20,2019-12-31
2,000951,中国重汽,29,2020_02_20,2020_02_20,2019-12-31
1,600258,首旅酒店,29,2020_02_20,2020_02_20,2019-12-31
2,002185,华天科技,29,2020_02_20,2020_02_20,2019-12-31
2,002180,纳思达,29,2020_02_20,2020_02_20,2019-12-31
2,002507,涪陵榨菜,29,2020_02_20,2020_02_20,2019-12-31
2,002557,洽洽食品,29,2020_02_20,2020_02_20,2019-12-31
2,002352,顺丰控股,29,2020_02_20,2020_02_20,2019-12-31
1,603658,安图生物,29,2020_02_20,2020_02_20,2019-12-31
2,300747,锐科激光,29,2020_02_20,2020_02_20,2019-12-31
2,002594,比亚迪,28,2020_02_20,2020_02_20,2019-12-31
1,600893,航发动力,28,2020_02_20,2020_02_20,2019-12-31
1,600674,川投能源,28,2020_02_20,2020_02_20,2019-12-31
2,000513,丽珠集团,28,2020_02_20,2020_02_20,2019-12-31
2,002123,梦网集团,28,2020_02_20,2020_02_20,2019-12-31
2,002531,天顺风能,28,2020_02_20,2020_02_20,2019-12-31
1,601997,贵阳银行,28,2020_02_20,2020_02_20,2019-12-31
2,002850,科达利,28,2020_02_20,2020_02_20,2019-12-31
2,001914,招商积余,28,2020_02_20,2020_02_20,2019-12-31
1,600498,烽火通信,27,2020_02_20,2020_02_20,2019-12-31
1,600196,复星医药,27,2020_02_20,2020_02_20,2019-12-31
2,000708,中信特钢,27,2020_02_20,2020_02_20,2019-12-31
2,002250,联化科技,27,2020_02_20,2020_02_20,2019-12-31
2,002465,海格通信,27,2020_02_20,2020_02_20,2019-12-31
1,601636,旗滨集团,27,2020_02_20,2020_02_20,2019-12-31
2,300078,思创医惠,27,2020_02_20,2020_02_20,2019-12-31
2,002791,坚朗五金,27,2020_02_20,2020_02_20,2019-12-31
2,300433,蓝思科技,27,2020_02_20,2020_02_20,2019-12-31
1,601066,中信建投,27,2020_02_20,2020_02_20,2019-12-31
1,601633,长城汽车,26,2020_02_20,2020_02_20,2019-12-31
1,601857,中国石油,26,2020_02_20,2020_02_20,2019-12-31
2,002607,中公教育,26,2020_02_20,2020_02_20,2019-12-31
1,603883,老百姓,26,2020_02_20,2020_02_20,2019-12-31
1,603345,安井食品,26,2020_02_20,2020_02_20,2019-12-31
2,001979,招商蛇口,26,2020_02_20,2020_02_20,2019-12-31
1,601901,方正证券,25,2020_02_20,2020_02_20,2019-12-31
2,002049,紫光国微,25,2020_02_20,2020_02_20,2019-12-31
2,002080,中材科技,25,2020_02_20,2020_02_20,2019-12-31
2,002572,索菲亚,25,2020_02_20,2020_02_20,2019-12-31
1,600984,建设机械,25,2020_02_20,2020_02_20,2019-12-31
2,002110,三钢闽光,25,2020_02_20,2020_02_20,2019-12-31
1,603708,家家悦,25,2020_02_20,2020_02_20,2019-12-31
1,600919,江苏银行,25,2020_02_20,2020_02_20,2019-12-31
1,600511,国药股份,24,2020_02_20,2020_02_20,2019-12-31
1,601607,上海医药,24,2020_02_20,2020_02_20,2019-12-31
2,300496,中科创达,24,2020_02_20,2020_02_20,2019-12-31
2,002961,瑞达期货,24,2020_02_20,2020_02_20,2019-9-30
1,600606,绿地控股,23,2020_02_20,2020_02_20,2019-12-31
1,600066,宇通客车,23,2020_02_20,2020_02_20,2019-12-31
2,000878,云南铜业,23,2020_02_20,2020_02_20,2019-12-31
2,002643,万润股份,23,2020_02_20,2020_02_20,2019-12-31
1,600720,祁连山,23,2020_02_20,2020_02_20,2019-12-31
2,000975,银泰黄金,23,2020_02_20,2020_02_20,2019-12-31
1,601766,中国中车,23,2020_02_20,2020_02_20,2019-12-31
2,002602,世纪华通,23,2020_02_20,2020_02_20,2019-12-31
2,300188,美亚柏科,23,2020_02_20,2020_02_20,2019-12-31
2,002739,万达电影,23,2020_02_20,2020_02_20,2019-12-31
1,603885,吉祥航空,23,2020_02_20,2020_02_20,2019-12-31
2,300558,贝达药业,23,2020_02_20,2020_02_20,2019-12-31
2,300699,光威复材,23,2020_02_20,2020_02_20,2019-12-31
2,300770,新媒股份,23,2020_02_20,2020_02_20,2019-12-31
2,000581,威孚高科,22,2020_02_20,2020_02_20,2019-12-31
1,601377,兴业证券,22,2020_02_20,2020_02_20,2019-12-31
2,000768,中航飞机,22,2020_02_20,2020_02_20,2019-12-31
1,600548,深高速,22,2020_02_20,2020_02_20,2019-12-31
1,601872,招商轮船,22,2020_02_20,2020_02_20,2019-12-31
2,002156,通富微电,22,2020_02_20,2020_02_20,2019-12-31
1,600673,东阳光,22,2020_02_20,2020_02_20,2019-12-31
2,002466,天齐锂业,22,2020_02_20,2020_02_20,2019-12-31
2,300115,长盈精密,22,2020_02_20,2020_02_20,2019-12-31
2,300088,长信科技,22,2020_02_20,2020_02_20,2019-12-31
2,300316,晶盛机电,22,2020_02_20,2020_02_20,2019-12-31
1,600958,东方证券,22,2020_02_20,2020_02_20,2019-12-31
2,002777,久远银海,22,2020_02_20,2020_02_20,2019-12-31
2,300685,艾德生物,22,2020_02_20,2020_02_20,2019-12-31
2,002916,深南电路,22,2020_02_20,2020_02_20,2019-12-31
1,600271,航天信息,21,2020_02_20,2020_02_20,2019-12-31
1,600380,健康元,21,2020_02_20,2020_02_20,2019-12-31
1,600068,葛洲坝,21,2020_02_20,2020_02_20,2019-12-31
1,600967,内蒙一机,21,2020_02_20,2020_02_20,2019-12-31
2,002032,苏泊尔,21,2020_02_20,2020_02_20,2019-12-31
2,002138,顺络电子,21,2020_02_20,2020_02_20,2019-12-31
2,002601,龙蟒佰利,21,2020_02_20,2020_02_20,2019-12-31
2,002129,中环股份,21,2020_02_20,2020_02_20,2019-12-31
1,601989,中国重工,21,2020_02_20,2020_02_20,2019-12-31
2,002648,卫星石化,21,2020_02_20,2020_02_20,2019-12-31
2,300166,东方国信,21,2020_02_20,2020_02_20,2019-12-31
1,601881,中国银河,21,2020_02_20,2020_02_20,2019-12-31
2,002841,视源股份,21,2020_02_20,2020_02_20,2019-12-31
2,002912,中新赛克,21,2020_02_20,2020_02_20,2019-12-31
1,601099,太平洋,20,2020_02_20,2020_02_20,2019-12-31
2,002798,帝欧家居,20,2020_02_20,2020_02_20,2019-12-31
1,601689,拓普集团,20,2020_02_20,2020_02_20,2019-12-31
2,300482,万孚生物,20,2020_02_20,2020_02_20,2019-12-31
1,601229,上海银行,20,2020_02_20,2020_02_20,2019-12-31
1,603833,欧派家居,20,2020_02_20,2020_02_20,2019-12-31
2,300724,捷佳伟创,20,2020_02_20,2020_02_20,2019-12-31
1,600362,江西铜业,19,2020_02_20,2020_02_20,2019-12-31
2,000938,紫光股份,19,2020_02_20,2020_02_20,2019-12-31
1,600115,东方航空,19,2020_02_20,2020_02_20,2019-12-31
1,600884,杉杉股份,19,2020_02_20,2020_02_20,2019-12-31
2,300296,利亚德,19,2020_02_20,2020_02_20,2019-12-31
2,300463,迈克生物,19,2020_02_20,2020_02_20,2019-12-31
1,600216,浙江医药,18,2020_02_20,2020_02_20,2019-12-31
1,600507,方大特钢,18,2020_02_20,2020_02_20,2019-12-31
1,600521,华海药业,18,2020_02_20,2020_02_20,2019-12-31
2,000043,中航善达,18,2020_02_20,2020_02_20,2018-12-31
2,002013,中航机电,18,2020_02_20,2020_02_20,2019-12-31
1,600779,水井坊,18,2020_02_20,2020_02_20,2019-12-31
1,601390,中国中铁,18,2020_02_20,2020_02_20,2019-12-31
2,300285,国瓷材料,18,2020_02_20,2020_02_20,2019-12-31
2,002563,森马服饰,18,2020_02_20,2020_02_20,2019-12-31
2,300146,汤臣倍健,18,2020_02_20,2020_02_20,2019-12-31
2,002705,新宝股份,18,2020_02_20,2020_02_20,2019-12-31
2,300568,星源材质,18,2020_02_20,2020_02_20,2019-12-31
1,601058,赛轮轮胎,17,2020_02_20,2020_02_20,2019-12-31
2,002675,东诚药业,17,2020_02_20,2020_02_20,2019-12-31
2,002597,金禾实业,17,2020_02_20,2020_02_20,2019-12-31
1,603368,柳药股份,17,2020_02_20,2020_02_20,2019-12-31
1,603228,景旺电子,17,2020_02_20,2020_02_20,2019-12-31
2,300792,壹网壹创,17,2020_02_20,2020_02_20,2019-12-31
2,000807,云铝股份,16,2020_02_20,2020_02_20,2019-12-31
1,600583,海油工程,16,2020_02_20,2020_02_20,2019-12-31
2,002153,石基信息,16,2020_02_20,2020_02_20,2019-12-31
2,002372,伟星新材,16,2020_02_20,2020_02_20,2019-12-31
2,002299,圣农发展,16,2020_02_20,2020_02_20,2019-12-31
2,002340,格林美,16,2020_02_20,2020_02_20,2019-12-31
2,300572,安车检测,16,2020_02_20,2020_02_20,2019-12-31
1,603737,三棵树,16,2020_02_20,2020_02_20,2019-12-31
2,002831,裕同科技,16,2020_02_20,2020_02_20,2019-12-31
2,002773,康弘药业,16,2020_02_20,2020_02_20,2019-12-31
1,601155,新城控股,16,2020_02_20,2020_02_20,2019-12-31
1,603260,合盛硅业,16,2020_02_20,2020_02_20,2019-12-31
2,300725,药石科技,16,2020_02_20,2020_02_20,2019-12-31
1,600729,重庆百货,15,2020_02_20,2020_02_20,2019-12-31
1,600563,法拉电子,15,2020_02_20,2020_02_20,2019-12-31
1,600298,安琪酵母,15,2020_02_20,2020_02_20,2019-12-31
1,600153,建发股份,15,2020_02_20,2020_02_20,2019-12-31
1,600483,福能股份,15,2020_02_20,2020_02_20,2019-12-31
2,002511,中顺洁柔,15,2020_02_20,2020_02_20,2019-12-31
1,601808,中海油服,15,2020_02_20,2020_02_20,2019-12-31
2,002405,四维图新,15,2020_02_20,2020_02_20,2019-12-31
1,601231,环旭电子,15,2020_02_20,2020_02_20,2019-12-31
2,002223,鱼跃医疗,15,2020_02_20,2020_02_20,2019-12-31
2,000429,粤高速A,15,2020_02_20,2020_02_20,2019-12-31
2,300226,上海钢联,15,2020_02_20,2020_02_20,2019-12-31
2,300559,佳发教育,15,2020_02_20,2020_02_20,2019-12-31
2,300395,菲利华,15,2020_02_20,2020_02_20,2019-12-31
1,603218,日月股份,15,2020_02_20,2020_02_20,2019-12-31
2,002867,周大生,15,2020_02_20,2020_02_20,2019-12-31
1,603129,春风动力,15,2020_02_20,2020_02_20,2019-12-31
1,688029,南微医学,15,2020_02_20,2020_02_20,2019-12-31
1,600161,天坛生物,14,2020_02_20,2020_02_20,2019-12-31
1,600373,中文传媒,14,2020_02_20,2020_02_20,2019-12-31
1,600273,嘉化能源,14,2020_02_20,2020_02_20,2019-12-31
2,002036,联创电子,14,2020_02_20,2020_02_20,2019-12-31
1,600060,海信视像,14,2020_02_20,2020_02_20,2019-12-31
2,000877,天山股份,14,2020_02_20,2020_02_20,2019-12-31
2,002025,航天电器,14,2020_02_20,2020_02_20,2019-12-31
2,000157,中联重科,14,2020_02_20,2020_02_20,2019-12-31
1,601098,中南传媒,14,2020_02_20,2020_02_20,2019-12-31
1,601238,广汽集团,14,2020_02_20,2020_02_20,2019-12-31
2,300284,苏交科,14,2020_02_20,2020_02_20,2019-9-30
2,002419,天虹股份,14,2020_02_20,2020_02_20,2019-12-31
2,300036,超图软件,14,2020_02_20,2020_02_20,2019-12-31
2,002268,卫士通,14,2020_02_20,2020_02_20,2019-12-31
2,300001,特锐德,14,2020_02_20,2020_02_20,2019-12-31
1,600567,山鹰纸业,14,2020_02_20,2020_02_20,2019-12-31
2,300118,东方日升,14,2020_02_20,2020_02_20,2019-12-31
1,603308,应流股份,14,2020_02_20,2020_02_20,2019-12-31
1,603568,伟明环保,14,2020_02_20,2020_02_20,2019-12-31
2,300567,精测电子,14,2020_02_20,2020_02_20,2019-12-31
1,603596,伯特利,14,2020_02_20,2020_02_20,2019-12-31
1,600612,老凤祥,13,2020_02_20,2020_02_20,2019-12-31
1,600376,首开股份,13,2020_02_20,2020_02_20,2019-12-31
1,600285,羚锐制药,13,2020_02_20,2020_02_20,2019-12-31
2,000739,普洛药业,13,2020_02_20,2020_02_20,2019-12-31
1,600325,华发股份,13,2020_02_20,2020_02_20,2019-12-31
2,000402,金融街,13,2020_02_20,2020_02_20,2019-12-31
1,600867,通化东宝,13,2020_02_20,2020_02_20,2019-12-31
1,600879,航天电子,13,2020_02_20,2020_02_20,2019-12-31
2,002233,塔牌集团,13,2020_02_20,2020_02_20,2019-12-31
2,002422,科伦药业,13,2020_02_20,2020_02_20,2019-12-31
2,300130,新国都,13,2020_02_20,2020_02_20,2019-12-31
2,002568,百润股份,13,2020_02_20,2020_02_20,2019-12-31
2,300308,中际旭创,13,2020_02_20,2020_02_20,2019-12-31
1,600926,杭州银行,13,2020_02_20,2020_02_20,2019-12-31
2,002869,金溢科技,13,2020_02_20,2020_02_20,2019-12-31
2,300502,新易盛,13,2020_02_20,2020_02_20,2019-12-31
2,002048,宁波华翔,12,2020_02_20,2020_02_20,2019-12-31
1,600079,人福医药,12,2020_02_20,2020_02_20,2019-12-31
1,600305,恒顺醋业,12,2020_02_20,2020_02_20,2019-12-31
2,002332,仙琚制药,12,2020_02_20,2020_02_20,2019-12-31
1,601677,明泰铝业,12,2020_02_20,2020_02_20,2019-12-31
2,002143,印纪传媒,12,2020_02_20,2020_02_20,2018-12-31
2,002242,九阳股份,12,2020_02_20,2020_02_20,2019-12-31
2,300010,立思辰,12,2020_02_20,2020_02_20,2019-12-31
2,300232,洲明科技,12,2020_02_20,2020_02_20,2019-12-31
2,002832,比音勒芬,12,2020_02_20,2020_02_20,2019-12-31
2,300470,中密控股,12,2020_02_20,2020_02_20,2019-12-31
1,600933,爱柯迪,12,2020_02_20,2020_02_20,2019-12-31
1,600352,浙江龙盛,11,2020_02_20,2020_02_20,2019-12-31
2,000733,振华科技,11,2020_02_20,2020_02_20,2019-12-31
2,002019,亿帆医药,11,2020_02_20,2020_02_20,2019-9-30
2,000603,盛达资源,11,2020_02_20,2020_02_20,2019-12-31
1,600873,梅花生物,11,2020_02_20,2020_02_20,2019-12-31
2,000501,鄂武商A,11,2020_02_20,2020_02_20,2019-12-31
2,002100,天康生物,11,2020_02_20,2020_02_20,2019-12-31
2,002216,三全食品,11,2020_02_20,2020_02_20,2019-12-31
2,002368,太极股份,11,2020_02_20,2020_02_20,2019-12-31
2,300054,鼎龙股份,11,2020_02_20,2020_02_20,2019-12-31
2,002541,鸿路钢构,11,2020_02_20,2020_02_20,2019-12-31
2,300326,凯利泰,11,2020_02_20,2020_02_20,2019-12-31
1,601117,中国化学,11,2020_02_20,2020_02_20,2019-12-31
2,300369,绿盟科技,11,2020_02_20,2020_02_20,2019-12-31
1,603005,晶方科技,11,2020_02_20,2020_02_20,2019-12-31
2,300596,利安隆,11,2020_02_20,2020_02_20,2019-12-31
2,300523,辰安科技,11,2020_02_20,2020_02_20,2019-12-31
1,601985,中国核电,11,2020_02_20,2020_02_20,2019-12-31
1,603313,梦百合,11,2020_02_20,2020_02_20,2019-12-31
2,300573,兴齐眼药,11,2020_02_20,2020_02_20,2019-12-31
1,603960,克来机电,11,2020_02_20,2020_02_20,2019-12-31
2,300577,开润股份,11,2020_02_20,2020_02_20,2019-12-31
2,002918,蒙娜丽莎,11,2020_02_20,2020_02_20,2019-12-31
1,603103,横店影视,11,2020_02_20,2020_02_20,2019-12-31
2,002925,盈趣科技,11,2020_02_20,2020_02_20,2019-12-31
2,300759,康龙化成,11,2020_02_20,2020_02_20,2019-12-31
2,002970,锐明技术,11,2020_02_20,2020_02_20,2019-12-31
2,300788,中信出版,11,2020_02_20,2020_02_20,2019-12-31
1,688023,安恒信息,11,2020_02_20,2020_02_20,2019-12-31
2,000028,国药一致,10,2020_02_20,2020_02_20,2019-12-31
1,600597,光明乳业,10,2020_02_20,2020_02_20,2019-12-31
1,600489,中金黄金,10,2020_02_20,2020_02_20,2019-12-31
1,600131,岷江水电,10,2020_02_20,2020_02_20,2019-12-31
1,600027,华电国际,10,2020_02_20,2020_02_20,2019-12-31
1,600640,号百控股,10,2020_02_20,2020_02_20,2019-12-31
1,600114,东睦股份,10,2020_02_20,2020_02_20,2019-12-31
1,600323,瀚蓝环境,10,2020_02_20,2020_02_20,2019-12-31
1,600332,白云山,10,2020_02_20,2020_02_20,2019-12-31
2,002292,奥飞娱乐,10,2020_02_20,2020_02_20,2019-12-31
2,002212,南洋股份,10,2020_02_20,2020_02_20,2019-12-31
2,300274,阳光电源,10,2020_02_20,2020_02_20,2019-12-31
2,002709,天赐材料,10,2020_02_20,2020_02_20,2019-12-31
2,002697,红旗连锁,10,2020_02_20,2020_02_20,2019-12-31
2,002402,和而泰,10,2020_02_20,2020_02_20,2019-12-31
1,603456,九洲药业,10,2020_02_20,2020_02_20,2019-12-31
1,603328,依顿电子,10,2020_02_20,2020_02_20,2019-12-31
2,300438,鹏辉能源,10,2020_02_20,2020_02_20,2019-12-31
2,300418,昆仑万维,10,2020_02_20,2020_02_20,2019-12-31
1,603678,火炬电子,10,2020_02_20,2020_02_20,2019-12-31
2,300457,赢合科技,10,2020_02_20,2020_02_20,2019-12-31
1,600996,贵广网络,10,2020_02_20,2020_02_20,2019-9-30
1,603179,新泉股份,10,2020_02_20,2020_02_20,2019-12-31
1,603096,新经典,10,2020_02_20,2020_02_20,2019-12-31
1,688008,澜起科技,10,2020_02_20,2020_02_20,2019-12-31
2,000963,华东医药,9,2020_02_20,2020_02_20,2019-12-31
1,600533,栖霞建设,9,2020_02_20,2020_02_20,2019-9-30
1,600894,广日股份,9,2020_02_20,2020_02_20,2019-9-30
2,000423,东阿阿胶,9,2020_02_20,2020_02_20,2019-12-31
1,600055,万东医疗,9,2020_02_20,2020_02_20,2019-9-30
1,600704,物产中大,9,2020_02_20,2020_02_20,2019-12-31
2,000723,美锦能源,9,2020_02_20,2020_02_20,2019-12-31
1,600643,爱建集团,9,2020_02_20,2020_02_20,2019-12-31
1,600482,中国动力,9,2020_02_20,2020_02_20,2019-12-31
2,000988,华工科技,9,2020_02_20,2020_02_20,2019-12-31
2,000636,风华高科,9,2020_02_20,2020_02_20,2019-12-31
2,000656,金科股份,9,2020_02_20,2020_02_20,2019-12-31
2,002195,二三四五,9,2020_02_20,2020_02_20,2019-9-30
2,300070,碧水源,9,2020_02_20,2020_02_20,2019-12-31
1,600998,九州通,9,2020_02_20,2020_02_20,2019-12-31
1,601003,柳钢股份,9,2020_02_20,2020_02_20,2019-12-31
2,002258,利尔化学,9,2020_02_20,2020_02_20,2019-12-31
1,601717,郑煤机,9,2020_02_20,2020_02_20,2019-12-31
2,002655,共达电声,9,2020_02_20,2020_02_20,2019-9-30
2,002367,康力电梯,9,2020_02_20,2020_02_20,2019-12-31
2,300322,硕贝德,9,2020_02_20,2020_02_20,2019-9-30
2,300133,华策影视,9,2020_02_20,2020_02_20,2019-12-31
2,002690,美亚光电,9,2020_02_20,2020_02_20,2019-12-31
2,300394,天孚通信,9,2020_02_20,2020_02_20,2019-12-31
2,300657,弘信电子,9,2020_02_20,2020_02_20,2019-12-31
1,603866,桃李面包,9,2020_02_20,2020_02_20,2019-12-31
2,300659,中孚信息,9,2020_02_20,2020_02_20,2019-12-31
1,603127,昭衍新药,9,2020_02_20,2020_02_20,2019-12-31
2,000547,航天发展,9,2020_02_20,2020_02_20,2019-12-31
1,603520,司太立,9,2020_02_20,2020_02_20,2019-12-31
1,688188,柏楚电子,9,2020_02_20,2020_02_20,2019-12-31
1,688388,嘉元科技,9,2020_02_20,2020_02_20,2019-12-31
1,688039,当虹科技,9,2020_02_20,2020_02_20,2019-12-31
2,000932,华菱钢铁,8,2020_02_20,2020_02_20,2019-12-31
1,600170,上海建工,8,2020_02_20,2020_02_20,2019-12-31
1,600177,雅戈尔,8,2020_02_20,2020_02_20,2019-12-31
1,600580,卧龙电驱,8,2020_02_20,2020_02_20,2019-12-31
1,600546,山煤国际,8,2020_02_20,2020_02_20,2019-12-31
1,600449,宁夏建材,8,2020_02_20,2020_02_20,2019-12-31
1,600195,中牧股份,8,2020_02_20,2020_02_20,2019-12-31
1,600026,中远海能,8,2020_02_20,2020_02_20,2019-12-31
1,600111,北方稀土,8,2020_02_20,2020_02_20,2019-12-31
1,600795,国电电力,8,2020_02_20,2020_02_20,2019-12-31
1,600739,辽宁成大,8,2020_02_20,2020_02_20,2019-12-31
2,000997,新大陆,8,2020_02_20,2020_02_20,2019-12-31
1,600143,金发科技,8,2020_02_20,2020_02_20,2019-12-31
2,000983,西山煤电,8,2020_02_20,2020_02_20,2019-12-31
1,601555,东吴证券,8,2020_02_20,2020_02_20,2019-12-31
1,601600,中国铝业,8,2020_02_20,2020_02_20,2019-12-31
2,002614,奥佳华,8,2020_02_20,2020_02_20,2019-12-31
2,300223,北京君正,8,2020_02_20,2020_02_20,2019-12-31
2,002343,慈文传媒,8,2020_02_20,2020_02_20,2019-12-31
2,002399,海普瑞,8,2020_02_20,2020_02_20,2019-12-31
2,300009,安科生物,8,2020_02_20,2020_02_20,2019-12-31
1,601928,凤凰传媒,8,2020_02_20,2020_02_20,2019-12-31
1,601965,中国汽研,8,2020_02_20,2020_02_20,2019-12-31
1,600862,中航高科,8,2020_02_20,2020_02_20,2019-12-31
2,000902,新洋丰,8,2020_02_20,2020_02_20,2019-9-30
2,002695,煌上煌,8,2020_02_20,2020_02_20,2019-12-31
2,002727,一心堂,8,2020_02_20,2020_02_20,2019-12-31
2,002706,良信电器,8,2020_02_20,2020_02_20,2019-12-31
2,002815,崇达技术,8,2020_02_20,2020_02_20,2019-12-31
1,603515,欧普照明,8,2020_02_20,2020_02_20,2019-12-31
1,603690,至纯科技,8,2020_02_20,2020_02_20,2019-12-31
1,603019,中科曙光,8,2020_02_20,2020_02_20,2019-12-31
1,601838,成都银行,8,2020_02_20,2020_02_20,2019-12-31
2,002833,弘亚数控,8,2020_02_20,2020_02_20,2019-12-31
1,603208,江山欧派,8,2020_02_20,2020_02_20,2019-12-31
2,300633,开立医疗,8,2020_02_20,2020_02_20,2019-12-31
2,300604,长川科技,8,2020_02_20,2020_02_20,2019-12-31
2,300571,平治信息,8,2020_02_20,2020_02_20,2019-12-31
2,300476,胜宏科技,8,2020_02_20,2020_02_20,2019-12-31
2,300616,尚品宅配,8,2020_02_20,2020_02_20,2019-12-31
2,002876,三利谱,8,2020_02_20,2020_02_20,2019-12-31
2,300487,蓝晓科技,8,2020_02_20,2020_02_20,2019-12-31
1,603136,天目湖,8,2020_02_20,2020_02_20,2019-12-31
1,603801,志邦家居,8,2020_02_20,2020_02_20,2019-12-31
2,000018,神州长城,8,2020_02_20,2020_02_20,2018-12-31
2,300709,精研科技,8,2020_02_20,2020_02_20,2019-12-31
1,603516,淳中科技,8,2020_02_20,2020_02_20,2019-12-31
1,601319,中国人保,8,2020_02_20,2020_02_20,2019-12-31
2,001965,招商公路,8,2020_02_20,2020_02_20,2019-12-31
1,601512,中新集团,8,2020_02_20,2020_02_20,2019-12-31
2,300773,拉卡拉,8,2020_02_20,2020_02_20,2019-12-31
2,002959,小熊电器,8,2020_02_20,2020_02_20,2019-9-30
1,688012,中微公司,8,2020_02_20,2020_02_20,2019-12-31
1,688363,华熙生物,8,2020_02_20,2020_02_20,2019-12-31
1,688358,祥生医疗,8,2020_02_20,2020_02_20,2019-12-31
2,000921,海信家电,7,2020_02_20,2020_02_20,2019-12-31
1,600167,联美控股,7,2020_02_20,2020_02_20,2019-12-31
1,600372,中航电子,7,2020_02_20,2020_02_20,2019-12-31
1,600820,隧道股份,7,2020_02_20,2020_02_20,2019-12-31
1,600260,凯乐科技,7,2020_02_20,2020_02_20,2019-9-30
2,000910,大亚圣象,7,2020_02_20,2020_02_20,2019-12-31
1,600089,特变电工,7,2020_02_20,2020_02_20,2019-9-30
1,600063,皖维高新,7,2020_02_20,2020_02_20,2019-12-31
2,000999,华润三九,7,2020_02_20,2020_02_20,2019-12-31
1,600633,浙数文化,7,2020_02_20,2020_02_20,2019-12-31
1,600993,马应龙,7,2020_02_20,2020_02_20,2019-12-31
2,000411,英特集团,7,2020_02_20,2020_02_20,2019-9-30
2,002081,金螳螂,7,2020_02_20,2020_02_20,2019-12-31
1,601958,金钼股份,7,2020_02_20,2020_02_20,2019-12-31
2,000034,神州数码,7,2020_02_20,2020_02_20,2019-12-31
2,002414,高德红外,7,2020_02_20,2020_02_20,2019-12-31
2,300035,中科电气,7,2020_02_20,2020_02_20,2019-12-31
2,002430,杭氧股份,7,2020_02_20,2020_02_20,2019-12-31
1,601222,林洋能源,7,2020_02_20,2020_02_20,2019-12-31
2,002318,久立特材,7,2020_02_20,2020_02_20,2019-12-31
2,300034,钢研高纳,7,2020_02_20,2020_02_20,2019-12-31
2,002376,新北洋,7,2020_02_20,2020_02_20,2019-12-31
2,300081,恒信东方,7,2020_02_20,2020_02_20,2019-12-31
2,300379,东方通,7,2020_02_20,2020_02_20,2019-12-31
1,600015,华夏银行,7,2020_02_20,2020_02_20,2019-12-31
2,300363,博腾股份,7,2020_02_20,2020_02_20,2019-12-31
1,603606,东方电缆,7,2020_02_20,2020_02_20,2019-9-30
1,603859,能科股份,7,2020_02_20,2020_02_20,2019-12-31
2,300416,苏试试验,7,2020_02_20,2020_02_20,2019-12-31
2,300406,九强生物,7,2020_02_20,2020_02_20,2019-12-31
1,603601,再升科技,7,2020_02_20,2020_02_20,2019-12-31
1,603337,杰克股份,7,2020_02_20,2020_02_20,2019-12-31
1,603496,恒为科技,7,2020_02_20,2020_02_20,2019-12-31
1,603063,禾望电气,7,2020_02_20,2020_02_20,2019-12-31
1,603711,香飘飘,7,2020_02_20,2020_02_20,2019-12-31
1,603583,捷昌驱动,7,2020_02_20,2020_02_20,2019-12-31
2,300751,迈为股份,7,2020_02_20,2020_02_20,2019-12-31
1,688366,昊海生科,7,2020_02_20,2020_02_20,2019-12-31
1,603983,丸美股份,7,2020_02_20,2020_02_20,2019-12-31
2,300769,德方纳米,7,2020_02_20,2020_02_20,2019-12-31
1,603489,八方股份,7,2020_02_20,2020_02_20,2019-12-31
1,688123,聚辰股份,7,2020_02_20,2020_02_20,2019-12-31
2,000031,大悦城,6,2020_02_20,2020_02_20,2019-12-31
2,000823,超声电子,6,2020_02_20,2020_02_20,2019-12-31
2,000537,广宇发展,6,2020_02_20,2020_02_20,2019-12-31
1,600895,张江高科,6,2020_02_20,2020_02_20,2019-12-31
1,601788,光大证券,6,2020_02_20,2020_02_20,2019-12-31
2,000915,山大华特,6,2020_02_20,2020_02_20,2019-12-31
1,600282,南钢股份,6,2020_02_20,2020_02_20,2019-12-31
1,600085,同仁堂,6,2020_02_20,2020_02_20,2019-12-31
1,600642,申能股份,6,2020_02_20,2020_02_20,2019-9-30
1,600990,四创电子,6,2020_02_20,2020_02_20,2019-12-31
2,002016,世荣兆业,6,2020_02_20,2020_02_20,2019-9-30
1,600398,海澜之家,6,2020_02_20,2020_02_20,2019-12-31
1,600350,山东高速,6,2020_02_20,2020_02_20,2019-12-31
1,600018,上港集团,6,2020_02_20,2020_02_20,2019-12-31
1,600863,内蒙华电,6,2020_02_20,2020_02_20,2019-12-31
2,002609,捷顺科技,6,2020_02_20,2020_02_20,2019-12-31
2,002191,劲嘉股份,6,2020_02_20,2020_02_20,2019-12-31
2,002595,豪迈科技,6,2020_02_20,2020_02_20,2019-12-31
1,601168,西部矿业,6,2020_02_20,2020_02_20,2019-12-31
1,601699,潞安环能,6,2020_02_20,2020_02_20,2019-12-31
2,002131,利欧股份,6,2020_02_20,2020_02_20,2019-12-31
2,002262,恩华药业,6,2020_02_20,2020_02_20,2019-12-31
2,002128,露天煤业,6,2020_02_20,2020_02_20,2019-12-31
2,002470,金正大,6,2020_02_20,2020_02_20,2019-9-30
2,002105,信隆健康,6,2020_02_20,2020_02_20,2019-12-31
2,002548,金新农,6,2020_02_20,2020_02_20,2019-9-30
2,300196,长海股份,6,2020_02_20,2020_02_20,2019-12-31
2,002028,思源电气,6,2020_02_20,2020_02_20,2019-12-31
1,603636,南威软件,6,2020_02_20,2020_02_20,2019-12-31
2,300420,五洋停车,6,2020_02_20,2020_02_20,2019-9-30
1,603598,引力传媒,6,2020_02_20,2020_02_20,2019-12-31
1,603043,广州酒家,6,2020_02_20,2020_02_20,2019-12-31
2,300543,朗科智能,6,2020_02_20,2020_02_20,2019-12-31
2,300570,太辰光,6,2020_02_20,2020_02_20,2019-12-31
1,603858,步长制药,6,2020_02_20,2020_02_20,2019-12-31
1,603378,亚士创能,6,2020_02_20,2020_02_20,2019-12-31
1,600637,东方明珠,6,2020_02_20,2020_02_20,2019-12-31
2,300613,富瀚微,6,2020_02_20,2020_02_20,2019-9-30
2,300653,正海生物,6,2020_02_20,2020_02_20,2019-9-30
2,300609,汇纳科技,6,2020_02_20,2020_02_20,2019-9-30
2,002920,德赛西威,6,2020_02_20,2020_02_20,2019-12-31
1,603214,爱婴室,6,2020_02_20,2020_02_20,2019-12-31
2,002928,华夏航空,6,2020_02_20,2020_02_20,2019-12-31
2,300741,华宝股份,6,2020_02_20,2020_02_20,2019-9-30
2,300766,每日互动,6,2020_02_20,2020_02_20,2019-9-30
1,603317,天味食品,6,2020_02_20,2020_02_20,2019-12-31
1,688020,方邦股份,6,2020_02_20,2020_02_20,2019-12-31
1,603613,国联股份,6,2020_02_20,2020_02_20,2019-12-31
1,688300,联瑞新材,6,2020_02_20,2020_02_20,2019-12-31
1,603786,科博达,6,2020_02_20,2020_02_20,2019-12-31
1,688036,传音控股,6,2020_02_20,2020_02_20,2019-12-31
2,000966,长源电力,5,2020_02_20,2020_02_20,2019-9-30
2,000036,华联控股,5,2020_02_20,2020_02_20,2019-12-31
2,000933,神火股份,5,2020_02_20,2020_02_20,2019-12-31
1,600307,酒钢宏兴,5,2020_02_20,2020_02_20,2019-12-31
1,600808,马钢股份,5,2020_02_20,2020_02_20,2019-12-31
2,000783,长江证券,5,2020_02_20,2020_02_20,2019-12-31
1,600188,兖州煤业,5,2020_02_20,2020_02_20,2019-12-31
1,600480,凌云股份,5,2020_02_20,2020_02_20,2019-12-31
1,600409,三友化工,5,2020_02_20,2020_02_20,2019-12-31
2,000009,中国宝安,5,2020_02_20,2020_02_20,2019-12-31
1,600728,佳都科技,5,2020_02_20,2020_02_20,2019-12-31
1,600557,康缘药业,5,2020_02_20,2020_02_20,2019-12-31
1,600743,华远地产,5,2020_02_20,2020_02_20,2019-9-30
2,000869,张裕A,5,2020_02_20,2020_02_20,2019-12-31
1,600236,桂冠电力,5,2020_02_20,2020_02_20,2019-12-31
1,600155,华创阳安,5,2020_02_20,2020_02_20,2019-12-31
1,600723,首商股份,5,2020_02_20,2020_02_20,2019-9-30
2,000681,视觉中国,5,2020_02_20,2020_02_20,2019-12-31
2,000413,东旭光电,5,2020_02_20,2020_02_20,2019-9-30
1,600782,新钢股份,5,2020_02_20,2020_02_20,2019-12-31
2,000623,吉林敖东,5,2020_02_20,2020_02_20,2019-12-31
2,000528,柳工,5,2020_02_20,2020_02_20,2019-12-31
2,002056,横店东磁,5,2020_02_20,2020_02_20,2019-12-31
1,601800,中国交建,5,2020_02_20,2020_02_20,2019-12-31
2,002111,威海广泰,5,2020_02_20,2020_02_20,2019-12-31
2,002155,湖南黄金,5,2020_02_20,2020_02_20,2019-12-31
2,300114,中航电测,5,2020_02_20,2020_02_20,2019-12-31
2,002124,天邦股份,5,2020_02_20,2020_02_20,2019-12-31
2,002317,众生药业,5,2020_02_20,2020_02_20,2019-12-31
2,002244,滨江集团,5,2020_02_20,2020_02_20,2019-12-31
2,002387,维信诺,5,2020_02_20,2020_02_20,2019-9-30
2,300224,正海磁材,5,2020_02_20,2020_02_20,2019-12-31
2,002461,珠江啤酒,5,2020_02_20,2020_02_20,2019-12-31
2,002449,国星光电,5,2020_02_20,2020_02_20,2019-12-31
2,300129,泰胜风能,5,2020_02_20,2020_02_20,2019-12-31
1,601567,三星医疗,5,2020_02_20,2020_02_20,2019-9-30
2,300323,华灿光电,5,2020_02_20,2020_02_20,2019-12-31
1,600804,鹏博士,5,2020_02_20,2020_02_20,2019-9-30
2,300017,网宿科技,5,2020_02_20,2020_02_20,2019-12-31
2,002616,长青集团,5,2020_02_20,2020_02_20,2019-12-31
1,601369,陕鼓动力,5,2020_02_20,2020_02_20,2019-9-30
2,300348,长亮科技,5,2020_02_20,2020_02_20,2019-12-31
2,002734,利民股份,5,2020_02_20,2020_02_20,2019-12-31
2,002851,麦格米特,5,2020_02_20,2020_02_20,2019-12-31
1,603566,普莱柯,5,2020_02_20,2020_02_20,2019-12-31
2,300365,恒华科技,5,2020_02_20,2020_02_20,2019-12-31
2,300579,数字认证,5,2020_02_20,2020_02_20,2019-9-30
2,002737,葵花药业,5,2020_02_20,2020_02_20,2019-12-31
1,603600,永艺股份,5,2020_02_20,2020_02_20,2019-9-30
2,002736,国信证券,5,2020_02_20,2020_02_20,2019-12-31
1,601878,浙商证券,5,2020_02_20,2020_02_20,2019-12-31
2,300569,天能重工,5,2020_02_20,2020_02_20,2019-12-31
1,603638,艾迪精密,5,2020_02_20,2020_02_20,2019-12-31
2,300682,朗新科技,5,2020_02_20,2020_02_20,2019-12-31
1,603587,地素时尚,5,2020_02_20,2020_02_20,2019-12-31
1,603839,安正时尚,5,2020_02_20,2020_02_20,2019-12-31
2,002878,元隆雅图,5,2020_02_20,2020_02_20,2019-12-31
2,300497,富祥股份,5,2020_02_20,2020_02_20,2019-12-31
1,603871,嘉友国际,5,2020_02_20,2020_02_20,2019-9-30
1,603486,科沃斯,5,2020_02_20,2020_02_20,2019-12-31
1,601200,上海环境,5,2020_02_20,2020_02_20,2019-12-31
2,002945,华林证券,5,2020_02_20,2020_02_20,2019-9-30
1,688368,晶丰明源,5,2020_02_20,2020_02_20,2019-12-31
1,601916,浙商银行,5,2020_02_20,2020_02_20,2019-12-31
1,603995,甬金股份,5,2020_02_20,2020_02_20,2019-12-31
1,688018,乐鑫科技,5,2020_02_20,2020_02_20,2019-12-31
1,688166,博瑞医药,5,2020_02_20,2020_02_20,2019-12-31
1,688037,芯源微,5,2020_02_20,2020_02_20,2019-12-31
2,000950,重药控股,4,2020_02_20,2020_02_20,2019-9-30
2,000027,深圳能源,4,2020_02_20,2020_02_20,2019-12-31
1,600510,黑牡丹,4,2020_02_20,2020_02_20,2019-12-31
1,600136,当代明诚,4,2020_02_20,2020_02_20,2019-12-31
1,600138,中青旅,4,2020_02_20,2020_02_20,2019-12-31
1,600523,贵航股份,4,2020_02_20,2020_02_20,2019-9-30
1,600828,茂业商业,4,2020_02_20,2020_02_20,2019-9-30
1,600435,北方导航,4,2020_02_20,2020_02_20,2019-9-30
1,600439,瑞贝卡,4,2020_02_20,2020_02_20,2019-12-31
1,600206,有研新材,4,2020_02_20,2020_02_20,2019-9-30
1,600208,新湖中宝,4,2020_02_20,2020_02_20,2019-12-31
1,600378,昊华科技,4,2020_02_20,2020_02_20,2019-12-31
1,600039,四川路桥,4,2020_02_20,2020_02_20,2019-9-30
1,600755,厦门国贸,4,2020_02_20,2020_02_20,2019-9-30
1,600757,长江传媒,4,2020_02_20,2020_02_20,2019-12-31
1,600516,方大炭素,4,2020_02_20,2020_02_20,2019-12-31
1,600803,新奥股份,4,2020_02_20,2020_02_20,2019-12-31
1,600006,东风汽车,4,2020_02_20,2020_02_20,2019-9-30
1,600056,中国医药,4,2020_02_20,2020_02_20,2019-9-30
1,600702,舍得酒业,4,2020_02_20,2020_02_20,2019-9-30
1,600732,ST爱旭,4,2020_02_20,2020_02_20,2019-12-31
1,600565,迪马股份,4,2020_02_20,2020_02_20,2019-12-31
1,600566,济川药业,4,2020_02_20,2020_02_20,2019-12-31
1,600961,株冶集团,4,2020_02_20,2020_02_20,2019-12-31
1,600233,圆通速递,4,2020_02_20,2020_02_20,2019-12-31
2,000718,苏宁环球,4,2020_02_20,2020_02_20,2019-9-30
1,600664,哈药股份,4,2020_02_20,2020_02_20,2019-12-31
1,600562,国睿科技,4,2020_02_20,2020_02_20,2019-12-31
1,600297,广汇汽车,4,2020_02_20,2020_02_20,2019-12-31
1,600988,赤峰黄金,4,2020_02_20,2020_02_20,2019-9-30
1,600497,驰宏锌锗,4,2020_02_20,2020_02_20,2019-9-30
1,600985,淮北矿业,4,2020_02_20,2020_02_20,2019-12-31
1,600694,大商股份,4,2020_02_20,2020_02_20,2019-9-30
1,600315,上海家化,4,2020_02_20,2020_02_20,2019-12-31
2,000543,皖能电力,4,2020_02_20,2020_02_20,2019-12-31
2,000686,东北证券,4,2020_02_20,2020_02_20,2019-12-31
2,000601,韶能股份,4,2020_02_20,2020_02_20,2019-9-30
1,601333,广深铁路,4,2020_02_20,2020_02_20,2019-12-31
2,300294,博雅生物,4,2020_02_20,2020_02_20,2019-12-31
1,601618,中国中冶,4,2020_02_20,2020_02_20,2019-12-31
2,002152,广电运通,4,2020_02_20,2020_02_20,2019-12-31
1,601992,金隅集团,4,2020_02_20,2020_02_20,2019-12-31
2,002251,步步高,4,2020_02_20,2020_02_20,2019-12-31
1,601898,中煤能源,4,2020_02_20,2020_02_20,2019-12-31
2,002159,三特索道,4,2020_02_20,2020_02_20,2019-9-30
2,000006,深振业A,4,2020_02_20,2020_02_20,2019-12-31
2,300119,瑞普生物,4,2020_02_20,2020_02_20,2019-12-31
2,300134,大富科技,4,2020_02_20,2020_02_20,2019-9-30
2,002677,浙江美大,4,2020_02_20,2020_02_20,2019-12-31
1,600578,京能电力,4,2020_02_20,2020_02_20,2019-12-31
2,300058,蓝色光标,4,2020_02_20,2020_02_20,2019-12-31
2,300257,开山股份,4,2020_02_20,2020_02_20,2019-9-30
2,002479,富春环保,4,2020_02_20,2020_02_20,2019-9-30
1,601919,中远海控,4,2020_02_20,2020_02_20,2019-12-31
2,002603,以岭药业,4,2020_02_20,2020_02_20,2019-12-31
2,002458,益生股份,4,2020_02_20,2020_02_20,2019-12-31
2,300083,劲胜智能,4,2020_02_20,2020_02_20,2019-12-31
2,300192,科斯伍德,4,2020_02_20,2020_02_20,2019-9-30
2,300327,中颖电子,4,2020_02_20,2020_02_20,2019-12-31
2,002605,姚记科技,4,2020_02_20,2020_02_20,2019-12-31
2,002713,东易日盛,4,2020_02_20,2020_02_20,2019-9-30
2,300170,汉得信息,4,2020_02_20,2020_02_20,2019-9-30
1,603008,喜临门,4,2020_02_20,2020_02_20,2019-12-31
2,300349,金卡智能,4,2020_02_20,2020_02_20,2019-12-31
2,300212,易华录,4,2020_02_20,2020_02_20,2019-12-31
1,603599,广信股份,4,2020_02_20,2020_02_20,2019-12-31
2,300378,鼎捷软件,4,2020_02_20,2020_02_20,2019-9-30
2,300258,精锻科技,4,2020_02_20,2020_02_20,2019-12-31
2,002719,麦趣尔,4,2020_02_20,2020_02_20,2019-12-31
1,603989,艾华集团,4,2020_02_20,2020_02_20,2019-12-31
2,002746,仙坛股份,4,2020_02_20,2020_02_20,2019-12-31
2,002698,博实股份,4,2020_02_20,2020_02_20,2019-12-31
2,002838,道恩股份,4,2020_02_20,2020_02_20,2019-12-31
1,600909,华安证券,4,2020_02_20,2020_02_20,2019-12-31
1,603010,万盛股份,4,2020_02_20,2020_02_20,2019-9-30
2,002803,吉宏股份,4,2020_02_20,2020_02_20,2019-12-31
2,300415,伊之密,4,2020_02_20,2020_02_20,2019-12-31
2,300417,南华仪器,4,2020_02_20,2020_02_20,2019-12-31
2,002747,埃斯顿,4,2020_02_20,2020_02_20,2019-12-31
1,601606,长城军工,4,2020_02_20,2020_02_20,2019-9-30
1,603018,中设集团,4,2020_02_20,2020_02_20,2019-12-31
1,603886,元祖股份,4,2020_02_20,2020_02_20,2019-12-31
1,601163,三角轮胎,4,2020_02_20,2020_02_20,2019-12-31
1,603203,快克股份,4,2020_02_20,2020_02_20,2019-12-31
2,300550,和仁科技,4,2020_02_20,2020_02_20,2019-9-30
2,300624,万兴科技,4,2020_02_20,2020_02_20,2019-12-31
1,603385,惠达卫浴,4,2020_02_20,2020_02_20,2019-9-30
1,601162,天风证券,4,2020_02_20,2020_02_20,2019-12-31
2,300598,诚迈科技,4,2020_02_20,2020_02_20,2019-12-31
1,603360,百傲化学,4,2020_02_20,2020_02_20,2019-12-31
1,603133,碳元科技,4,2020_02_20,2020_02_20,2019-12-31
1,603180,金牌厨柜,4,2020_02_20,2020_02_20,2019-12-31
1,603826,坤彩科技,4,2020_02_20,2020_02_20,2019-12-31
1,603200,上海洗霸,4,2020_02_20,2020_02_20,2019-9-30
2,002926,华西证券,4,2020_02_20,2020_02_20,2019-12-31
2,300584,海辰药业,4,2020_02_20,2020_02_20,2019-9-30
2,300662,科锐国际,4,2020_02_20,2020_02_20,2019-12-31
2,300676,华大基因,4,2020_02_20,2020_02_20,2019-12-31
1,603916,苏博特,4,2020_02_20,2020_02_20,2019-12-31
1,601900,南方传媒,4,2020_02_20,2020_02_20,2019-12-31
1,603377,东方时尚,4,2020_02_20,2020_02_20,2019-12-31
1,603985,恒润股份,4,2020_02_20,2020_02_20,2019-9-30
1,601108,财通证券,4,2020_02_20,2020_02_20,2019-12-31
1,603305,旭升股份,4,2020_02_20,2020_02_20,2019-12-31
1,600901,江苏租赁,4,2020_02_20,2020_02_20,2019-12-31
2,002897,意华股份,4,2020_02_20,2020_02_20,2019-9-30
2,002901,大博医疗,4,2020_02_20,2020_02_20,2019-12-31
1,603181,皇马科技,4,2020_02_20,2020_02_20,2019-9-30
2,300679,电连技术,4,2020_02_20,2020_02_20,2019-12-31
1,603429,集友股份,4,2020_02_20,2020_02_20,2019-12-31
2,300697,电工合金,4,2020_02_20,2020_02_20,2019-9-30
2,002933,新兴装备,4,2020_02_20,2020_02_20,2019-9-30
2,002946,新乳业,4,2020_02_20,2020_02_20,2019-9-30
2,300785,值得买,4,2020_02_20,2020_02_20,2019-12-31
1,603068,博通集成,4,2020_02_20,2020_02_20,2019-12-31
1,688181,八亿时空,4,2020_02_20,2020_02_20,2019-12-31
1,688258,卓易信息,4,2020_02_20,2020_02_20,2019-12-31
2,000926,福星股份,3,2020_02_20,2020_02_20,2019-9-30
1,600811,东方集团,3,2020_02_20,2020_02_20,2019-9-30
1,600356,恒丰纸业,3,2020_02_20,2020_02_20,2019-9-30
1,600581,八一钢铁,3,2020_02_20,2020_02_20,2019-9-30
2,002672,东江环保,3,2020_02_20,2020_02_20,2019-12-31
1,600308,华泰股份,3,2020_02_20,2020_02_20,2019-12-31
1,600259,广晟有色,3,2020_02_20,2020_02_20,2019-12-31
1,600266,城建发展,3,2020_02_20,2020_02_20,2019-12-31
1,600150,中国船舶,3,2020_02_20,2020_02_20,2019-12-31
2,002500,山西证券,3,2020_02_20,2020_02_20,2019-12-31
1,600826,兰生股份,3,2020_02_20,2020_02_20,2019-9-30
1,600415,小商品城,3,2020_02_20,2020_02_20,2019-12-31
1,600418,江淮汽车,3,2020_02_20,2020_02_20,2019-12-31
1,600458,时代新材,3,2020_02_20,2020_02_20,2019-9-30
2,000779,甘咨询,3,2020_02_20,2020_02_20,2019-9-30
1,600897,厦门空港,3,2020_02_20,2020_02_20,2019-12-31
1,600348,阳泉煤业,3,2020_02_20,2020_02_20,2019-12-31
2,000888,峨眉山A,3,2020_02_20,2020_02_20,2019-12-31
2,000892,欢瑞世纪,3,2020_02_20,2020_02_20,2019-12-31
1,600386,北巴传媒,3,2020_02_20,2020_02_20,2019-9-30
1,600033,福建高速,3,2020_02_20,2020_02_20,2019-12-31
1,600269,赣粤高速,3,2020_02_20,2020_02_20,2019-9-30
1,600110,诺德股份,3,2020_02_20,2020_02_20,2019-12-31
1,600118,中国卫星,3,2020_02_20,2020_02_20,2019-12-31
1,600125,铁龙物流,3,2020_02_20,2020_02_20,2019-9-30
2,000426,兴业矿业,3,2020_02_20,2020_02_20,2019-9-30
2,002045,国光电器,3,2020_02_20,2020_02_20,2019-9-30
2,000050,深天马A,3,2020_02_20,2020_02_20,2019-12-31
1,600088,中视传媒,3,2020_02_20,2020_02_20,2019-9-30
2,000008,神州高铁,3,2020_02_20,2020_02_20,2019-12-31
1,600010,包钢股份,3,2020_02_20,2020_02_20,2019-12-31
1,600011,华能国际,3,2020_02_20,2020_02_20,2019-12-31
1,600061,国投资本,3,2020_02_20,2020_02_20,2019-12-31
1,600699,均胜电子,3,2020_02_20,2020_02_20,2019-12-31
1,600556,ST慧球,3,2020_02_20,2020_02_20,2019-12-31
1,600750,江中药业,3,2020_02_20,2020_02_20,2019-12-31
1,600446,金证股份,3,2020_02_20,2020_02_20,2019-9-30
1,600667,太极实业,3,2020_02_20,2020_02_20,2019-12-31
2,000709,河钢股份,3,2020_02_20,2020_02_20,2019-12-31
2,000712,锦龙股份,3,2020_02_20,2020_02_20,2019-9-30
2,002139,拓邦股份,3,2020_02_20,2020_02_20,2019-12-31
1,600976,健民集团,3,2020_02_20,2020_02_20,2019-12-31
1,600693,东百集团,3,2020_02_20,2020_02_20,2019-12-31
1,600022,山东钢铁,3,2020_02_20,2020_02_20,2019-9-30
2,002014,永新股份,3,2020_02_20,2020_02_20,2019-12-31
1,600495,晋西车轴,3,2020_02_20,2020_02_20,2019-9-30
2,000970,中科三环,3,2020_02_20,2020_02_20,2019-12-31
2,002024,苏宁易购,3,2020_02_20,2020_02_20,2019-12-31
1,600987,航民股份,3,2020_02_20,2020_02_20,2019-12-31
2,000540,中天金融,3,2020_02_20,2020_02_20,2019-12-31
2,000089,深圳机场,3,2020_02_20,2020_02_20,2019-12-31
1,600338,西藏珠峰,3,2020_02_20,2020_02_20,2019-12-31
2,000158,常山北明,3,2020_02_20,2020_02_20,2019-12-31
2,000301,东方盛虹,3,2020_02_20,2020_02_20,2019-12-31
2,000403,双林生物,3,2020_02_20,2020_02_20,2019-12-31
1,600775,南京熊猫,3,2020_02_20,2020_02_20,2019-9-30
1,600848,上海临港,3,2020_02_20,2020_02_20,2019-12-31
1,600850,华东电脑,3,2020_02_20,2020_02_20,2019-9-30
1,600855,航天长峰,3,2020_02_20,2020_02_20,2019-12-31
2,000597,东北制药,3,2020_02_20,2020_02_20,2019-9-30
2,000631,顺发恒业,3,2020_02_20,2020_02_20,2019-12-31
2,000503,国新健康,3,2020_02_20,2020_02_20,2019-12-31
2,002626,金达威,3,2020_02_20,2020_02_20,2019-12-31
2,002092,中泰化学,3,2020_02_20,2020_02_20,2019-9-30
1,601669,中国电建,3,2020_02_20,2020_02_20,2019-12-31
2,300072,三聚环保,3,2020_02_20,2020_02_20,2019-12-31
2,002436,兴森科技,3,2020_02_20,2020_02_20,2019-12-31
2,300065,海兰信,3,2020_02_20,2020_02_20,2019-12-31
2,002074,国轩高科,3,2020_02_20,2020_02_20,2019-12-31
2,002234,民和股份,3,2020_02_20,2020_02_20,2019-12-31
2,002324,普利特,3,2020_02_20,2020_02_20,2019-12-31
2,300214,日科化学,3,2020_02_20,2020_02_20,2019-9-30
2,002099,海翔药业,3,2020_02_20,2020_02_20,2019-12-31
2,300016,北陆药业,3,2020_02_20,2020_02_20,2019-12-31
1,601139,深圳燃气,3,2020_02_20,2020_02_20,2019-12-31
2,002364,中恒电气,3,2020_02_20,2020_02_20,2019-9-30
2,002221,东华能源,3,2020_02_20,2020_02_20,2019-12-31
2,300233,金城医药,3,2020_02_20,2020_02_20,2019-12-31
2,002567,唐人神,3,2020_02_20,2020_02_20,2019-12-31
2,002310,东方园林,3,2020_02_20,2020_02_20,2019-12-31
2,002659,凯文教育,3,2020_02_20,2020_02_20,2019-12-31
2,002237,恒邦股份,3,2020_02_20,2020_02_20,2019-12-31
2,300075,数字政通,3,2020_02_20,2020_02_20,2019-9-30
2,002683,宏大爆破,3,2020_02_20,2020_02_20,2019-12-31
2,300259,新天科技,3,2020_02_20,2020_02_20,2019-12-31
2,300244,迪安诊断,3,2020_02_20,2020_02_20,2019-12-31
1,601011,宝泰隆,3,2020_02_20,2020_02_20,2019-12-31
2,002428,云南锗业,3,2020_02_20,2020_02_20,2019-9-30
2,300215,电科院,3,2020_02_20,2020_02_20,2019-9-30
2,300206,理邦仪器,3,2020_02_20,2020_02_20,2019-12-31
2,002373,千方科技,3,2020_02_20,2020_02_20,2019-12-31
2,002444,巨星科技,3,2020_02_20,2020_02_20,2019-12-31
2,002546,新联电子,3,2020_02_20,2020_02_20,2019-9-30
2,002640,跨境通,3,2020_02_20,2020_02_20,2019-9-30
2,002382,蓝帆医疗,3,2020_02_20,2020_02_20,2019-12-31
2,002331,皖通科技,3,2020_02_20,2020_02_20,2019-9-30
2,000887,中鼎股份,3,2020_02_20,2020_02_20,2019-12-31
2,300041,回天新材,3,2020_02_20,2020_02_20,2019-9-30
2,002327,富安娜,3,2020_02_20,2020_02_20,2019-12-31
2,002538,司尔特,3,2020_02_20,2020_02_20,2019-9-30
2,002385,大北农,3,2020_02_20,2020_02_20,2019-12-31
2,002649,博彦科技,3,2020_02_20,2020_02_20,2019-9-30
1,600058,五矿发展,3,2020_02_20,2020_02_20,2019-12-31
1,600166,福田汽车,3,2020_02_20,2020_02_20,2019-12-31
2,300309,吉艾科技,3,2020_02_20,2020_02_20,2019-9-30
2,002670,国盛金控,3,2020_02_20,2020_02_20,2019-12-31
2,300546,雄帝科技,3,2020_02_20,2020_02_20,2019-12-31
2,002549,凯美特气,3,2020_02_20,2020_02_20,2019-12-31
2,002701,奥瑞金,3,2020_02_20,2020_02_20,2019-12-31
2,002338,奥普光电,3,2020_02_20,2020_02_20,2019-9-30
2,002688,金河生物,3,2020_02_20,2020_02_20,2019-9-30
2,300339,润和软件,3,2020_02_20,2020_02_20,2019-9-30
2,002745,木林森,3,2020_02_20,2020_02_20,2019-12-31
2,300352,北信源,3,2020_02_20,2020_02_20,2019-12-31
1,603688,石英股份,3,2020_02_20,2020_02_20,2019-12-31
2,002621,美吉姆,3,2020_02_20,2020_02_20,2019-12-31
2,002083,孚日股份,3,2020_02_20,2020_02_20,2019-9-30
2,002738,中矿资源,3,2020_02_20,2020_02_20,2019-9-30
1,603699,纽威股份,3,2020_02_20,2020_02_20,2019-12-31
1,603609,禾丰牧业,3,2020_02_20,2020_02_20,2019-12-31
2,002724,海洋王,3,2020_02_20,2020_02_20,2019-12-31
1,603158,腾龙股份,3,2020_02_20,2020_02_20,2019-12-31
1,603959,百利科技,3,2020_02_20,2020_02_20,2019-9-30
1,600959,江苏有线,3,2020_02_20,2020_02_20,2019-9-30
1,601069,西部黄金,3,2020_02_20,2020_02_20,2019-12-31
2,002749,国光股份,3,2020_02_20,2020_02_20,2019-12-31
1,603025,大豪科技,3,2020_02_20,2020_02_20,2019-12-31
2,002818,富森美,3,2020_02_20,2020_02_20,2019-12-31
1,601811,新华文轩,3,2020_02_20,2020_02_20,2019-9-30
1,603588,高能环境,3,2020_02_20,2020_02_20,2019-12-31
1,603558,健盛集团,3,2020_02_20,2020_02_20,2019-12-31
2,300552,万集科技,3,2020_02_20,2020_02_20,2019-12-31
2,300533,冰川网络,3,2020_02_20,2020_02_20,2019-9-30
1,603060,国检集团,3,2020_02_20,2020_02_20,2019-12-31
1,603900,莱绅通灵,3,2020_02_20,2020_02_20,2019-9-30
1,600977,中国电影,3,2020_02_20,2020_02_20,2019-12-31
1,603505,金石资源,3,2020_02_20,2020_02_20,2019-12-31
2,300458,全志科技,3,2020_02_20,2020_02_20,2019-12-31
2,002807,江阴银行,3,2020_02_20,2020_02_20,2019-12-31
2,002839,张家港行,3,2020_02_20,2020_02_20,2019-12-31
2,002837,英维克,3,2020_02_20,2020_02_20,2019-9-30
1,603538,美诺华,3,2020_02_20,2020_02_20,2019-12-31
1,603721,中广天择,3,2020_02_20,2020_02_20,2019-12-31
2,300638,广和通,3,2020_02_20,2020_02_20,2019-12-31
2,300388,国祯环保,3,2020_02_20,2020_02_20,2019-12-31
2,300495,美尚生态,3,2020_02_20,2020_02_20,2019-9-30
1,603040,新坐标,3,2020_02_20,2020_02_20,2019-12-31
1,603920,世运电路,3,2020_02_20,2020_02_20,2019-12-31
2,300593,新雷能,3,2020_02_20,2020_02_20,2019-12-31
2,002882,金龙羽,3,2020_02_20,2020_02_20,2019-9-30
