stock_index,slope,row_len
1,-0.015,45
2,0.009,45
4,0.007,45
5,-0.017,45
6,0.001,45
7,0.012,45
8,0.0,45
9,-0.013,45
10,-0.006,45
11,-0.018,45
12,0.0,45
14,-0.018,45
16,-0.016,45
17,-0.014,45
18,-0.017,45
19,-0.016,45
20,-0.014,45
21,-0.015,45
23,-0.017,45
25,-0.012,45
26,0.011,45
27,-0.0,45
28,-0.005,45
29,-999.0,0
30,-0.006,45
31,-0.015,45
32,0.013,45
34,0.013,45
35,0.01,45
36,-0.018,45
37,-0.02,45
38,-0.0,45
39,-0.012,45
40,-0.025,45
42,0.013,45
43,0.011,45
45,-0.001,45
46,-0.015,45
48,-0.014,45
49,-0.012,45
50,0.016,45
55,-0.01,45
56,-0.015,45
58,-0.014,45
59,-0.002,45
60,-0.012,45
61,-0.004,45
62,-0.019,45
63,-0.011,45
65,-0.018,45
66,0.013,45
68,-0.011,45
69,-0.015,45
70,-0.019,45
78,-0.016,45
88,-0.02,45
89,-0.021,45
90,-0.018,45
96,0.005,45
99,-0.017,45
100,0.013,45
150,-0.002,45
151,-0.008,45
153,-0.006,45
155,-0.009,45
156,-0.024,45
157,0.003,45
158,-0.001,45
159,-0.015,45
166,-0.008,45
301,-0.015,45
333,0.01,45
338,0.018,45
400,0.003,45
401,-0.011,45
402,-0.008,45
403,-0.015,45
404,-0.016,45
407,-0.014,45
408,-0.008,45
409,-0.024,45
410,0.002,45
411,-0.021,45
413,-0.019,45
415,-0.014,45
416,-0.021,45
417,-0.004,45
419,-0.012,45
420,-0.012,45
421,-0.017,45
422,-0.012,45
423,0.013,45
425,-0.006,45
426,-0.022,45
428,-0.005,45
429,0.017,45
430,-0.022,45
488,-0.011,45
498,-0.021,45
501,0.007,45
502,0.001,45
503,-0.003,45
504,-0.011,45
505,-0.013,45
506,-0.002,45
507,0.01,45
509,-0.01,45
510,-0.013,45
513,0.015,45
514,-0.014,45
516,-0.02,45
517,-0.019,45
518,0.008,45
519,-0.014,45
520,0.015,45
521,-0.01,45
523,0.005,45
524,-0.021,45
525,-0.024,45
526,0.01,45
528,-0.001,45
529,0.001,45
530,-0.024,45
531,-0.015,45
532,0.004,45
533,-0.005,45
534,-0.018,45
536,-0.01,45
537,0.006,45
538,0.016,45
539,0.019,45
540,-0.022,45
541,-0.023,45
543,0.009,45
544,-0.023,45
545,-0.02,45
546,0.009,45
547,-0.018,45
548,-0.015,45
550,-0.017,45
551,-0.021,45
552,-0.004,45
553,0.019,45
554,-0.019,45
555,-0.003,45
557,-0.006,45
558,-0.016,45
559,-0.009,45
560,0.003,45
561,-0.007,45
563,-0.015,45
564,-0.012,45
565,-0.022,45
566,-0.018,45
567,-0.015,45
568,-0.01,45
570,-0.014,45
571,0.008,45
572,-0.013,45
573,-0.007,45
576,-0.022,45
581,0.021,45
582,-0.011,45
584,-0.02,45
585,-0.006,45
586,-0.025,45
587,-0.019,45
589,-0.018,45
590,-0.002,45
591,0.017,45
592,-0.014,45
593,-0.011,45
595,-0.0,45
596,0.002,45
597,-0.02,45
598,-0.022,45
599,-0.011,45
600,-0.017,45
601,-0.005,45
603,-0.016,45
605,-0.022,45
606,-0.007,45
607,-0.006,45
608,0.003,45
609,0.006,45
610,-0.017,45
611,0.001,45
612,-0.02,45
613,0.018,45
615,-0.022,45
616,-0.016,45
617,-0.017,45
619,-0.004,45
620,0.005,45
622,-0.005,45
623,-0.009,45
625,0.018,45
626,-0.013,45
627,-0.019,45
628,-0.018,45
629,-0.014,45
630,-0.014,45
631,-0.015,45
632,0.009,45
633,-0.01,45
635,-0.016,45
636,-0.005,45
637,-0.021,45
638,-0.005,45
639,-0.014,45
650,-0.023,45
651,0.005,45
652,-0.012,45
655,-0.006,45
656,-0.011,45
657,-0.019,45
659,-0.009,45
661,0.015,45
662,0.018,45
663,-0.021,45
665,-0.02,45
666,-0.022,45
667,-0.005,45
668,-0.005,45
669,-0.012,45
670,0.002,45
671,0.012,45
672,0.008,45
673,0.023,45
676,0.007,45
677,-0.001,45
678,-0.008,45
679,-0.005,45
680,-0.013,45
681,-0.001,45
682,-0.015,45
683,-0.022,45
685,-0.017,45
686,-0.017,45
687,-0.002,45
688,0.022,45
690,-0.015,45
691,-0.012,45
692,-0.013,45
695,-0.023,45
697,-0.019,45
698,-0.021,45
700,-0.01,45
701,-0.018,45
702,-0.017,45
703,-0.005,45
705,-0.013,45
707,0.004,45
708,0.022,45
709,-0.007,45
710,0.018,45
711,0.013,45
712,0.006,45
713,-0.012,45
715,-0.023,45
716,-0.02,45
717,0.015,45
718,-0.02,45
719,-0.009,45
720,0.02,45
721,-0.011,45
722,-0.016,45
723,-0.015,45
725,0.009,45
726,-0.019,45
727,-0.007,45
728,-0.006,45
729,0.011,45
731,-0.015,45
732,-0.017,45
733,-0.012,45
735,-0.0,45
736,-0.009,45
737,-0.018,45
738,-0.019,45
739,0.006,45
750,-0.018,45
751,-0.013,45
752,-0.014,45
753,-0.015,45
755,-0.019,45
756,0.003,45
757,-0.02,45
758,-0.017,45
759,-0.019,45
760,0.01,45
761,-0.01,45
762,0.0,45
766,-0.013,45
767,-0.02,45
768,0.011,45
776,-0.011,45
777,-0.023,45
778,0.004,45
779,-0.022,45
780,-0.001,45
782,-0.004,45
783,-0.024,45
785,-0.014,45
786,0.023,45
788,0.01,45
789,0.006,45
790,-0.015,45
791,-0.017,45
792,0.002,45
793,-0.003,45
795,-0.015,45
796,0.021,45
797,-0.02,45
798,-0.001,45
799,-0.001,45
800,0.018,45
801,-0.013,45
802,-0.011,45
803,-0.006,45
806,-0.014,45
807,-0.008,45
809,-0.002,45
810,0.006,45
811,-0.016,45
812,-0.015,45
813,-0.02,45
815,-0.021,45
816,-0.005,45
818,0.016,45
819,-0.021,45
820,-0.003,45
821,-0.021,45
822,-0.008,45
823,-0.009,45
825,0.008,45
826,-0.021,45
828,-0.018,45
829,-0.002,45
830,-0.016,45
831,-0.012,45
833,-0.022,45
835,0.008,45
836,-0.001,45
837,0.005,45
838,-0.007,45
839,-0.019,45
848,-0.003,45
850,-0.014,45
851,0.004,45
852,-0.015,45
856,-0.012,45
858,-0.001,45
859,0.013,45
860,0.0,45
861,-0.015,45
862,-0.016,45
863,-0.022,45
868,0.016,45
869,-0.017,45
875,-0.006,45
876,0.013,45
877,-0.008,45
878,0.017,45
880,-0.021,45
881,-0.021,45
882,-0.007,45
883,-0.001,45
885,-0.004,45
886,0.009,45
887,-0.016,45
888,0.012,45
889,-0.019,45
890,-0.017,45
892,0.016,45
893,-0.014,45
895,0.019,45
897,-0.018,45
898,-0.002,45
899,-0.014,45
900,-0.02,45
901,-0.018,45
902,-0.02,45
903,0.0,45
905,-0.017,45
906,-0.023,45
908,-0.015,45
909,-0.019,45
910,0.019,45
911,-0.02,45
912,-0.022,45
913,0.01,45
915,-0.012,45
917,-0.004,45
918,-0.01,45
919,-0.018,45
920,-0.014,45
921,-0.022,45
922,-0.021,45
923,-0.015,45
925,-0.009,45
926,-0.014,45
927,0.003,45
928,-0.024,45
929,-0.021,45
930,-0.023,45
931,-0.016,45
932,0.013,45
933,0.007,45
935,0.008,45
936,-0.021,45
937,-0.007,45
938,-0.017,45
939,-999.0,0
948,-0.003,45
949,-0.01,45
950,-0.025,45
951,0.02,45
952,-0.004,45
953,-0.004,45
955,-0.011,45
957,-0.017,45
958,-0.018,45
959,0.005,45
960,-0.016,45
961,-0.005,45
962,-0.021,45
963,-0.012,45
965,-0.016,45
966,-0.012,45
967,-0.019,45
968,-0.014,45
969,-0.021,45
970,-0.015,45
971,-0.003,45
972,0.021,45
973,0.019,45
975,-0.013,45
976,-0.01,45
977,0.019,45
978,-0.014,45
980,-0.021,45
981,-0.0,45
982,0.019,45
983,-0.01,45
985,-0.01,45
987,-0.009,45
988,-0.011,45
989,-0.01,45
990,-0.011,45
993,-0.019,45
995,-999.0,0
996,-0.01,45
997,-0.013,45
998,0.01,45
999,-0.013,45
1696,-0.018,45
1872,-0.021,45
1896,-0.007,45
1965,-0.001,45
1979,-0.019,45
2001,0.008,45
2002,-0.014,45
2003,-0.011,45
2004,-0.017,45
2005,0.012,45
2006,-0.019,45
2007,-0.011,45
2008,-0.008,45
2009,-0.019,45
2010,-0.017,45
2011,-0.02,45
2012,0.004,45
2013,0.003,45
2014,0.023,45
2015,-0.015,45
2016,-0.01,45
2017,0.0,45
2018,0.041,19
2019,0.004,45
2020,-0.013,45
2021,0.013,45
2022,0.016,45
2023,-0.018,45
2024,-0.015,45
2025,-0.008,45
2026,-0.011,45
2027,0.011,45
2028,0.022,45
2029,-0.016,45
2030,-0.011,45
2031,-0.009,45
2032,-0.004,45
2033,0.018,45
2034,-0.017,45
2035,0.016,45
2036,-0.006,45
2037,-0.017,45
2038,-0.01,45
2039,0.015,45
2040,-0.018,45
2041,-0.019,45
2042,-0.013,45
2043,0.021,45
2044,0.014,45
2045,0.019,45
2046,-0.022,45
2047,0.024,45
2048,-0.001,45
2049,-0.017,45
2050,0.018,45
2051,-0.022,45
2052,-0.024,45
2053,-0.014,45
2054,-0.012,45
2055,-0.01,45
2056,0.0,45
2057,-0.018,45
2058,0.025,45
2059,-0.02,45
2060,-0.018,45
2061,0.008,45
2062,-0.003,45
2063,0.008,45
2064,0.015,45
2065,0.023,45
2066,-0.02,45
2067,-0.007,45
2068,-0.019,45
2069,-0.017,45
2071,-0.015,45
2072,-0.015,45
2073,-0.027,45
2074,-0.007,45
2075,-0.021,45
2076,-0.013,45
2077,-0.014,45
2078,0.02,45
2079,0.007,45
2080,-0.016,45
2081,-0.014,45
2082,-0.013,45
2083,-0.005,45
2084,0.009,45
2085,-0.004,45
2086,-0.016,45
2087,-0.01,45
2088,-0.02,45
2089,-0.018,45
2090,-0.017,45
2091,0.011,45
2092,-0.018,45
2093,-0.018,45
2094,-0.018,45
2095,-0.016,45
2096,-0.002,45
2097,-0.015,45
2098,-0.004,45
2099,-0.001,45
2100,0.012,45
2101,-0.008,45
2102,-0.021,45
2103,-0.006,45
2104,-0.007,45
2105,-0.01,45
2106,0.017,45
2107,-0.012,45
2108,0.002,45
2109,-0.02,45
2110,0.009,45
2111,-0.014,45
2112,-0.02,45
2113,-0.01,45
2114,-0.017,45
2115,0.009,45
2116,-0.021,45
2117,-0.001,45
2118,-0.023,45
2119,-0.019,45
2120,-0.02,45
2121,-0.02,45
2122,-0.015,45
2123,0.014,45
2124,-0.003,45
2125,-0.021,45
2126,-0.01,45
2127,-0.007,45
2128,0.012,45
2129,-0.019,45
2130,0.004,45
2131,0.019,45
2132,-0.012,45
2133,-0.019,45
2134,0.002,45
2135,-0.017,45
2136,-0.02,45
2137,-0.014,45
2138,0.018,45
2139,-0.02,45
2140,-0.021,45
2141,0.0,45
2142,0.004,45
2143,-0.07,14
2144,-0.011,45
2145,0.013,45
2146,-0.007,45
2147,0.007,45
2148,-0.014,45
2149,-0.023,45
2150,0.012,45
2151,-0.015,45
2152,-0.011,45
2153,-0.01,45
2154,0.009,45
2155,-0.022,45
2156,0.018,45
2157,-0.009,45
2158,0.017,45
2159,-0.013,45
2160,-0.017,45
2161,0.012,45
2162,-0.002,45
2163,-0.018,45
2164,-0.022,45
2165,-0.021,45
2166,-0.014,45
2167,-0.011,45
2168,-0.012,45
2169,-0.007,45
2170,-0.012,45
2171,-0.008,45
2172,0.002,45
2173,-0.022,45
2174,0.001,45
2175,-0.008,45
2176,-0.024,45
2177,-0.012,45
2178,-0.007,45
2179,-0.006,45
2180,-0.001,45
2181,-0.0,45
2182,-0.013,45
2183,-0.006,45
2184,-0.017,45
2185,0.013,45
2186,-0.019,45
2187,-0.011,45
2188,-0.013,45
2189,-0.013,45
2190,-0.003,45
2191,0.015,45
2192,0.015,45
2193,-0.025,45
2194,-0.019,45
2195,-0.016,45
2196,-0.018,45
2197,-0.018,45
2198,-0.024,45
2199,-0.02,45
2200,0.014,45
2201,0.003,45
2202,-0.016,45
2203,-0.001,45
2204,-0.02,45
2205,0.013,45
2206,0.002,45
2207,-0.024,45
2208,-0.009,45
2209,-0.001,45
2210,-0.01,45
2211,-0.017,45
2212,0.005,45
2213,0.003,45
2214,-0.019,45
2215,-0.015,45
2216,0.017,45
2217,-0.021,45
2218,-0.015,45
2219,-0.021,45
2220,0.003,45
2221,-0.013,45
2222,0.003,45
2223,-0.017,45
2224,-0.009,45
2225,-0.022,45
2226,-0.012,45
2227,-0.019,45
2228,-0.003,45
2229,0.002,45
2230,-0.003,45
2231,-0.016,45
2232,-0.014,45
2233,0.02,45
2234,-0.007,45
2235,0.005,45
2236,0.012,45
2237,-0.007,45
2238,-0.02,45
2239,0.007,45
2240,-0.011,45
2241,0.015,45
2242,0.011,45
2243,-0.013,45
2244,0.014,45
2245,-0.004,45
2246,-0.02,45
2247,-0.0,45
2248,-0.015,45
2249,-0.021,45
2250,0.015,45
2251,0.022,45
2252,-0.018,45
2253,-0.015,45
2254,-0.005,45
2255,-0.026,45
2256,-0.002,45
2258,-0.004,45
2259,-0.007,45
2260,-999.0,0
2261,-0.016,45
2262,0.004,45
2263,0.006,45
2264,-0.002,45
2265,-0.017,45
2266,-0.017,45
2267,-0.009,45
2268,-0.018,45
2269,-0.013,45
2270,-0.022,45
2271,0.016,45
2272,-0.02,45
2273,-0.01,45
2274,-0.023,45
2275,-0.023,45
2276,0.016,45
2277,-0.012,45
2278,0.005,45
2279,-0.011,45
2280,0.017,45
2281,-0.001,45
2282,-0.023,45
2283,-0.018,45
2284,-0.014,45
2285,-0.025,45
2286,0.001,45
2287,0.009,45
2288,-0.01,45
2289,0.012,45
2290,-0.008,45
2291,0.01,45
2292,0.018,45
2293,-0.021,45
2294,-0.015,45
2295,-0.015,45
2296,0.016,45
2297,-0.021,45
2298,-0.011,45
2299,-0.013,45
2300,-0.021,45
2301,0.017,45
2302,-0.01,45
2303,-0.001,45
2304,-0.014,45
2305,-0.01,45
2306,-0.013,45
2307,-0.013,45
2308,-0.006,45
2309,-0.012,45
2310,-0.023,45
2311,-0.002,45
2312,0.018,45
2313,-0.006,45
2314,-0.015,45
2315,-0.002,45
2316,-0.022,45
2317,-0.012,45
2318,0.011,45
2319,-0.018,45
2320,0.019,45
2321,-0.013,45
2322,-0.02,45
2323,0.006,45
2324,0.016,45
2325,-0.005,45
2326,0.019,45
2327,-0.004,45
2328,-0.005,45
2329,-0.019,45
2330,0.015,45
2331,-0.02,45
2332,0.021,45
2333,-0.002,45
2334,-0.019,45
2335,-0.022,45
2336,-0.019,45
2337,-0.021,45
2338,-0.02,45
2339,-0.006,45
2340,-0.018,45
2341,-0.012,45
2342,-0.018,45
2343,0.007,45
2344,-0.017,45
2345,-0.021,45
2346,-0.02,45
2347,-0.012,45
2348,-0.015,45
2349,-0.022,45
2350,-0.018,45
2351,0.018,45
2352,-0.014,45
2353,0.007,45
2354,-0.012,45
2355,-0.015,45
2356,-0.004,45
2357,-0.015,45
2358,-0.025,45
2359,-0.015,45
2360,-0.014,45
2361,-0.01,45
2362,-0.019,45
2363,0.01,45
2364,-0.013,45
2365,-0.01,45
2366,-0.019,45
2367,-0.016,45
2368,0.02,45
2369,0.015,45
2370,-0.022,45
2371,0.016,45
2372,-0.027,45
2373,-0.017,45
2374,-0.005,45
2375,-0.001,45
2376,-0.015,45
2377,-0.013,45
2378,-0.022,45
2379,-0.018,45
2380,-0.021,45
2381,0.0,45
2382,-0.009,45
2383,-0.017,45
2384,-0.004,45
2385,-0.013,45
2386,-0.017,45
2387,0.005,45
2388,-0.018,45
2389,-0.009,45
2390,-0.007,45
2391,-0.02,45
2392,-0.01,45
2393,0.004,45
2394,-0.018,45
2395,0.003,45
2396,0.01,45
2397,0.013,45
2398,-0.011,45
2399,0.001,45
2400,-0.008,45
2401,-0.015,45
2402,-0.016,45
2403,-0.0,45
2404,-0.012,45
2405,0.007,45
2406,-0.019,45
2407,-0.013,45
2408,0.002,45
2409,-0.006,45
2410,-0.007,45
2411,-0.001,45
2412,-0.022,45
2413,-0.02,45
2414,-0.019,45
2415,0.003,45
2416,0.009,45
2417,-0.011,45
2418,0.004,45
2419,-0.02,45
2420,0.013,45
2421,-0.011,45
2422,-0.016,45
2423,-0.011,45
2424,-0.021,45
2425,-0.012,45
2426,-0.02,45
2427,-0.019,45
2428,-0.014,45
2429,0.004,45
2430,-0.013,45
2431,-0.011,45
2432,-0.022,45
2433,-0.009,45
2434,0.02,45
2435,-0.015,45
2436,-0.014,45
2437,-0.014,45
2438,0.009,45
2439,-0.007,45
2440,-0.019,45
2441,-0.01,45
2442,-0.004,45
2443,-0.01,45
2444,-0.021,45
2445,-0.012,45
2446,0.013,45
2447,-0.003,45
2448,-0.005,45
2449,0.002,45
2450,-999.0,0
2451,-0.02,45
2452,0.002,45
2453,-0.007,45
2454,-0.018,45
2455,-0.023,45
2456,0.014,45
2457,-0.014,45
2458,0.006,45
2459,-0.006,45
2460,0.019,45
2461,0.008,45
2462,-0.001,45
2463,-0.013,45
2464,-0.018,45
2465,0.013,45
2466,0.019,45
2467,-0.016,45
2468,-0.028,45
2469,-0.015,45
2470,-0.025,45
2471,-0.021,45
2472,-0.007,45
2473,-0.017,45
2474,-0.002,45
2475,0.017,45
2476,0.014,45
2477,-0.125,8
2478,-0.015,45
2479,0.013,45
2480,-0.019,45
2481,-0.019,45
2482,-0.026,45
2483,-0.005,45
2484,0.01,45
2485,-0.018,45
2486,-0.022,45
2487,-0.01,45
2488,-0.004,45
2489,0.015,45
2490,-0.021,45
2491,-0.016,45
2492,0.007,45
2493,0.019,45
2494,-0.011,45
2495,-0.016,45
2496,-0.002,45
2497,-0.011,45
2498,-0.009,45
2499,0.001,45
2500,-0.018,45
2501,0.006,45
2502,0.009,45
2503,-0.022,45
2504,-0.013,45
2505,-0.013,45
2506,-0.008,45
2507,0.019,45
2508,0.011,45
2509,-0.005,45
2510,-0.008,45
2511,0.007,45
2512,-0.013,45
2513,0.014,45
2514,-0.016,45
2515,-0.008,45
2516,-0.023,45
2517,0.004,45
2518,0.013,45
2519,-0.019,45
2520,-0.022,45
2521,-0.002,45
2522,-0.004,45
2523,-0.01,45
2524,0.003,45
2526,-0.007,45
2527,-0.015,45
2528,0.019,45
2529,-0.013,45
2530,0.004,45
2531,-0.019,45
2532,-0.013,45
2533,-0.005,45
2534,0.012,45
2535,-0.022,45
2536,-0.016,45
2537,-0.015,45
2538,-0.023,45
2539,-0.018,45
2540,0.001,45
2541,0.017,45
2542,-0.018,45
2543,-0.015,45
2544,-0.008,45
2545,0.007,45
2546,-0.011,45
2547,-0.011,45
2548,-0.021,45
2549,-0.014,45
2550,-0.022,45
2551,-0.018,45
2552,0.007,45
2553,-0.021,45
2554,-0.019,45
2555,0.019,45
2556,0.012,45
2557,0.014,45
2558,-0.012,45
2559,-0.02,45
2560,-0.025,45
2561,-0.018,45
2562,-0.01,45
2563,-0.025,45
2564,-0.02,45
2565,-0.019,45
2566,-0.016,45
2567,-0.012,45
2568,0.013,45
2569,-0.01,45
2570,-0.003,45
2571,-0.013,45
2572,-0.007,45
2573,-0.022,45
2574,-0.02,45
2575,-0.007,45
2576,-0.021,45
2577,0.013,45
2578,0.004,45
2579,0.002,45
2580,-0.02,45
2581,-0.019,45
2582,-0.017,45
2583,-0.019,45
2584,-0.02,45
2585,-0.02,45
2586,-0.023,45
2587,0.013,45
2588,-0.013,45
2589,-0.017,45
2590,-0.018,45
2591,-0.003,45
2592,0.009,45
2593,-0.005,45
2594,-0.021,45
2595,-0.015,45
2596,-0.014,45
2597,-0.002,45
2598,-0.021,45
2599,-0.021,45
2600,0.013,45
2601,0.016,45
2602,0.015,45
2603,0.006,45
2604,-999.0,0
2605,0.021,45
2606,-0.005,45
2607,0.009,45
2608,-0.019,45
2609,-0.018,45
2610,-0.008,45
2611,-0.008,45
2612,-0.013,45
2613,-0.014,45
2614,-0.017,45
2615,-0.023,45
2616,0.0,45
2617,-0.017,45
2618,-0.007,45
2619,0.002,45
2620,-0.011,45
2621,-0.018,45
2622,-0.015,45
2623,-0.008,45
2624,0.021,45
2625,-0.006,45
2626,0.001,45
2627,0.023,45
2628,-0.017,45
2629,0.012,45
2630,-0.018,45
2631,-0.021,45
2632,0.014,45
2633,-0.022,45
2634,0.012,45
2635,0.011,45
2636,-0.017,45
2637,0.014,45
2638,-0.009,45
2639,-0.019,45
2640,-0.015,45
2641,-0.005,45
2642,-0.013,45
2643,0.006,45
2644,0.007,45
2645,-0.019,45
2646,-0.023,45
2647,0.01,45
2648,0.016,45
2649,-0.009,45
2650,-0.016,45
2651,-0.018,45
2652,-0.002,45
2653,0.007,45
2654,-0.018,45
2655,0.014,45
2656,0.001,45
2657,-0.007,45
2658,-0.025,45
2659,-0.014,45
2660,-0.018,45
2661,-0.023,45
2662,-0.016,45
2663,-0.012,45
2664,-0.016,45
2665,0.003,45
2666,-0.01,45
2667,-0.023,45
2668,-0.019,45
2669,-0.022,45
2670,-0.003,45
2671,0.002,45
2672,-0.018,45
2673,-0.013,45
2674,-0.007,45
2675,0.014,45
2676,0.001,45
2677,0.002,45
2678,0.009,45
2679,0.008,45
2680,-0.067,19
2681,0.012,45
2682,-0.018,45
2683,0.003,45
2684,0.016,45
2685,0.013,45
2686,-0.019,45
2687,-0.019,45
2688,-0.012,45
2689,-0.022,45
2690,0.02,45
2691,-0.019,45
2692,-0.014,45
2693,-0.016,45
2694,-0.015,45
2695,0.004,45
2696,-0.015,45
2697,0.003,45
2698,-0.012,45
2699,-0.011,45
2700,-0.014,45
2701,-0.019,45
2702,-0.023,45
2703,-0.015,45
2705,0.013,45
2706,-0.009,45
2707,0.005,45
2708,-0.018,45
2709,0.012,45
2711,0.012,45
2712,-0.006,45
2713,-0.019,45
2714,0.007,45
2715,-0.005,45
2716,-0.019,45
2717,-0.012,45
2718,-0.005,45
2719,-0.008,45
2721,-0.011,45
2722,-0.001,45
2723,0.002,45
2724,0.004,45
2725,-0.021,45
2726,-0.001,45
2727,-0.01,45
2728,-0.017,45
2729,0.012,45
2730,-0.02,45
2731,-0.014,45
2732,0.002,45
2733,0.016,45
2734,-0.023,45
2735,-0.013,45
2736,-0.021,45
2737,-0.013,45
2738,-0.024,45
2739,-0.01,45
2740,-0.001,45
2741,-0.017,45
2742,-0.021,45
2743,-0.023,45
2745,0.019,45
2746,-0.007,45
2747,0.006,45
2748,-0.019,45
2749,-0.018,45
2750,-0.017,45
2751,-0.019,45
2752,-0.006,45
2753,-0.021,45
2755,0.01,45
2756,0.009,45
2757,-0.013,45
2758,-0.01,45
2759,-0.021,45
2760,-0.018,45
2761,0.022,45
2762,-0.012,45
2763,-0.021,45
2765,-0.015,45
2766,-0.011,45
2767,-0.015,45
2768,-0.01,45
2769,-0.001,45
2770,-0.017,45
2771,-0.021,45
2772,-0.014,45
2773,0.009,45
2774,-0.013,45
2775,-0.019,45
2776,-0.02,45
2777,-0.015,45
2778,0.012,45
2779,-0.013,45
2780,-0.019,45
2781,-0.011,45
2782,-0.012,45
2783,-0.014,45
2785,0.011,45
2786,-0.013,45
2787,-0.018,45
2788,-0.018,45
2789,0.003,45
2790,0.013,45
2791,0.015,45
2792,-0.012,45
2793,0.001,45
2795,-0.007,45
2796,-0.015,45
2797,0.016,45
2798,0.015,45
2799,0.005,45
2800,-0.008,45
2801,-0.018,45
2802,-0.015,45
2803,-0.007,45
2805,-0.016,45
2806,-0.016,45
2807,-0.012,45
2808,0.02,45
2809,0.004,45
2810,0.016,45
2811,0.009,45
2812,0.019,45
2813,-0.02,45
2815,-0.015,45
2816,0.013,45
2817,0.012,45
2818,-0.01,45
2819,-0.012,45
2820,-0.014,45
2821,0.008,45
2822,0.005,45
2823,-0.015,45
2824,-0.013,45
2825,-0.023,45
2826,-0.022,45
2827,-0.02,45
2828,-0.02,45
2829,0.011,45
2830,-0.022,45
2831,0.014,45
2832,-0.017,45
2833,-0.014,45
2835,-0.016,45
2836,-0.021,45
2837,-0.024,45
2838,-0.023,45
2839,-0.004,45
2840,0.003,45
2841,-0.012,45
2842,-0.02,45
2843,-0.011,45
2845,-0.007,45
2846,0.015,45
2847,0.003,45
2848,-0.017,45
2849,-0.021,45
2850,0.018,45
2851,-0.007,45
2852,-0.002,45
2853,-0.021,45
2855,-0.005,45
2856,-0.015,45
2857,-0.02,45
2858,-0.018,45
2859,-0.007,45
2860,0.012,45
2861,0.019,45
2862,0.02,45
2863,-0.015,45
2864,-0.016,45
2865,-0.001,45
2866,-0.013,45
2867,-0.02,45
2868,-0.012,45
2869,-0.01,45
2870,0.009,45
2871,-0.024,45
2872,-0.013,45
2873,-0.012,45
2875,-0.008,45
2876,-0.008,45
2877,-0.011,45
2878,-0.018,45
2879,0.015,45
2880,-0.019,45
2881,-0.02,45
2882,-0.02,45
2883,0.01,45
2884,-0.016,45
2885,-0.019,45
2886,-0.012,45
2887,-0.015,45
2888,0.018,45
2889,-0.012,45
2890,0.016,45
2891,0.015,45
2892,-0.025,45
2893,-0.022,45
2895,-0.013,45
2896,-0.024,45
2897,-0.005,45
2898,-0.019,45
2899,-0.02,45
2900,-0.011,45
2901,0.016,45
2902,-0.024,45
2903,-0.018,45
2905,-0.01,45
2906,0.002,45
2907,0.0,45
2908,-0.007,45
2909,-0.015,45
2910,-0.018,45
2911,-0.018,45
2912,0.004,45
2913,-0.009,45
2915,-0.016,45
2916,-0.003,45
2917,-0.01,45
2918,0.018,45
2919,-0.013,45
2920,0.014,45
2921,-0.021,45
2922,-0.012,45
2923,-0.022,45
2925,-0.002,45
2926,-0.015,45
2927,0.0,45
2928,0.001,45
2929,-0.011,45
2930,-0.009,45
2931,-0.014,45
2932,-0.017,45
2933,-0.023,45
2935,-0.021,45
2936,-0.02,45
2937,-0.02,45
2938,0.02,45
2939,-0.019,45
2940,-0.013,45
2941,-0.019,45
2942,-0.018,45
2943,-0.02,45
2945,-0.021,45
2948,-0.014,45
600000,-0.014,45
600004,-0.023,45
600006,-0.009,45
600007,-0.01,45
600008,-0.018,45
600009,-0.011,45
600010,-0.022,45
600011,0.002,45
600012,0.013,45
600015,-0.013,45
600016,-0.0,45
600017,-0.02,45
600018,-0.013,45
600019,-0.02,45
600020,-0.006,45
600021,-0.02,45
600022,-0.018,45
600023,-0.011,45
600025,-0.01,45
600026,-0.014,45
600027,0.007,45
600028,-0.01,45
600029,-0.004,45
600030,-0.011,45
600031,0.005,45
600033,-0.017,45
600035,-0.016,45
600036,0.006,45
600037,-0.021,45
600038,0.008,45
600039,-0.012,45
600048,-0.014,45
600050,-0.018,45
600051,-0.007,45
600052,-0.019,45
600053,-0.015,45
600054,-0.005,45
600055,0.011,45
600056,-0.01,45
600057,-0.02,45
600058,-0.016,45
600059,0.005,45
600060,0.009,45
600061,-0.013,45
600062,-0.0,45
600063,-0.0,45
600064,-0.012,45
600066,0.011,45
600067,-0.02,45
600068,0.01,45
600069,0.004,45
600070,0.009,45
600071,0.004,45
600072,-0.018,45
600073,-0.017,45
600074,-999.0,0
600075,-0.005,45
600076,-0.003,45
600077,0.01,45
600078,-0.013,45
600079,0.01,45
600080,-0.009,45
600081,-0.011,45
600082,-0.019,45
600083,0.015,45
600084,-0.009,45
600085,-0.01,45
600086,-0.008,45
600088,-0.017,45
600089,-0.011,45
600090,-0.02,45
600091,-0.023,45
600093,0.015,45
600094,-0.019,45
600095,-0.019,45
600096,-0.012,45
600097,-0.01,45
600098,0.007,45
600099,-0.021,45
600100,-0.012,45
600101,0.017,45
600103,-0.015,45
600104,-0.012,45
600105,0.006,45
600106,-0.017,45
600107,-0.014,45
600108,-0.021,45
600109,-0.019,45
600110,-0.004,45
600111,-0.013,45
600112,-0.017,45
600113,-0.017,45
600114,-0.01,45
600115,-0.011,45
600116,0.014,45
600117,-0.001,45
600118,-0.019,45
600119,-0.004,45
600120,-0.01,45
600121,-0.005,45
600122,-0.013,45
600123,-0.018,45
600125,-0.018,45
600126,0.023,45
600127,-0.023,45
600128,-0.008,45
600129,-0.014,45
600130,-0.01,45
600131,-0.019,45
600132,0.024,45
600133,-0.017,45
600135,-0.016,45
600136,-0.021,45
600137,-0.019,45
600138,-0.006,45
600139,-0.016,45
600141,-0.018,45
600143,-0.012,45
600145,-999.0,0
600146,-0.024,45
600148,-0.024,45
600149,-0.015,45
600150,-0.018,45
600151,-0.018,45
600152,-0.009,45
600153,-0.017,45
600155,-0.018,45
600156,-0.011,45
600157,-0.015,45
600158,-0.02,45
600159,-0.007,45
600160,-0.018,45
600161,-0.016,45
600162,-0.016,45
600163,-0.024,45
600165,0.007,45
600166,-0.006,45
600167,0.014,45
600168,-0.023,45
600169,-0.017,45
600170,0.011,45
600171,-0.016,45
600172,-0.02,45
600173,-0.018,45
600175,-0.021,45
600176,0.019,45
600177,0.016,45
600178,-0.017,45
600179,0.007,45
600180,-0.024,45
600182,-0.022,45
600183,-0.014,45
600184,-0.016,45
600185,-0.019,45
600186,0.015,45
600187,-0.022,45
600188,-0.021,45
600189,-0.012,45
600190,-0.015,45
600191,-0.023,45
600192,-0.015,45
600193,0.004,45
600195,-0.017,45
600196,0.006,45
600197,-0.011,45
600198,-0.018,45
600199,-0.019,45
600200,-0.015,45
600201,0.003,45
600202,-0.014,45
600203,-0.018,45
600206,-0.017,45
600207,-0.021,45
600208,0.012,45
600209,0.005,45
600210,-0.008,45
600211,-0.022,45
600212,-0.011,45
600213,-0.02,45
600215,-0.008,45
600216,0.016,45
600217,-0.015,45
600218,-0.014,45
600219,0.005,45
600220,-0.008,45
600221,-0.022,45
600222,-0.022,45
600223,0.007,45
600225,-0.02,45
600226,-0.002,45
600227,-0.017,45
600228,-0.023,45
600229,-0.016,45
600230,-0.024,45
600231,-0.008,45
600232,-0.004,45
600233,0.002,45
600234,-0.01,45
600235,-0.011,45
600236,0.019,45
600237,-0.019,45
600238,-0.024,45
600239,-0.014,45
600240,-0.016,45
600241,-0.019,45
600242,-0.019,45
600243,0.006,45
600246,0.018,45
600247,-0.021,45
600248,-0.018,45
600249,-0.001,45
600250,-0.02,45
600251,-0.004,45
600252,0.006,45
600255,-0.014,45
600256,-0.011,45
600257,-0.008,45
600258,0.011,45
600259,-0.011,45
600260,-0.018,45
600261,-0.009,45
600262,-0.018,45
600265,-0.017,45
600266,0.02,45
600267,0.016,45
600268,-0.001,45
600269,-0.016,45
600271,-0.001,45
600272,-0.021,45
600273,-0.014,45
600275,-0.009,45
600276,0.009,45
600277,-0.019,45
600278,-0.018,45
600279,-0.016,45
600280,-0.023,45
600281,-0.01,45
600282,0.004,45
600283,0.01,45
600284,-0.001,45
600285,0.022,45
600287,-0.019,45
600288,-0.003,45
600289,0.013,45
600290,-0.021,45
600291,-0.016,45
600292,-0.009,45
600293,-0.022,45
600295,0.019,45
600297,-0.021,45
600298,0.018,45
600299,0.003,45
600300,-0.022,45
600301,0.008,45
600302,0.002,45
600303,-0.021,45
600305,0.006,45
600306,-0.006,45
600307,0.012,45
600308,-0.011,45
600309,0.019,45
600310,-0.021,45
600311,-0.018,45
600312,-0.018,45
600313,-0.015,45
600315,-0.023,45
600316,-0.021,45
600317,-0.018,45
600318,-0.02,45
600319,-0.019,45
600320,0.002,45
600321,0.01,45
600322,-0.019,45
600323,-0.016,45
600325,-0.012,45
600326,-0.015,45
600327,-0.002,45
600328,-0.011,45
600329,-0.015,45
600330,-0.019,45
600331,-0.004,45
600332,-0.019,45
600333,-0.018,45
600335,-0.025,45
600336,-0.007,45
600337,-0.004,45
600338,-0.017,45
600339,-0.022,45
600340,-0.006,45
600343,-0.019,45
600345,-0.02,45
600346,-0.018,45
600348,-0.004,45
600350,0.001,45
600351,-0.017,45
600352,-0.019,45
600353,-0.019,45
600354,-0.024,45
600355,-0.01,45
600356,-0.019,45
600358,0.008,45
600359,-0.014,45
600360,-0.014,45
600361,-0.015,45
600362,-0.009,45
600363,0.02,45
600365,-0.023,45
600366,-0.008,45
600367,-0.018,45
600368,-0.023,45
600369,-0.016,45
600370,-0.023,45
600371,-0.017,45
600372,-0.012,45
600373,-0.012,45
600375,-0.012,45
600376,-0.023,45
600377,0.013,45
600378,-0.015,45
600379,-0.019,45
600380,0.003,45
600381,-0.002,45
600382,-0.01,45
600383,-0.011,45
600385,0.009,45
600386,-0.021,45
600387,-0.015,45
600388,-0.017,45
600389,-0.018,45
600390,-0.005,45
600391,-0.02,45
600392,-0.017,45
600393,0.009,45
600395,0.018,45
600396,-0.001,45
600397,0.006,45
600398,-0.015,45
600399,-0.005,45
600400,-0.015,45
600403,0.016,45
600405,-0.012,45
600406,0.011,45
600408,-0.012,45
600409,0.019,45
600410,-0.017,45
600415,0.0,45
600416,-0.019,45
600418,-0.023,45
600419,-0.007,45
600420,0.009,45
600421,0.004,45
600422,-0.012,45
600423,-0.005,45
600425,-0.012,45
600426,0.005,45
600428,-0.011,45
600429,-0.022,45
600433,-0.017,45
600435,-0.019,45
600436,-0.015,45
600438,0.004,45
600439,0.003,45
600444,-0.02,45
600446,-0.016,45
600448,-0.022,45
600449,0.013,45
600452,-0.017,45
600455,0.015,45
600456,-0.008,45
600458,-0.014,45
600459,-0.023,45
600460,0.003,45
600461,-0.018,45
600462,0.015,45
600463,-0.021,45
600466,0.002,45
600467,-0.003,45
600468,-0.008,45
600469,-0.02,45
600470,-0.024,45
600475,-0.023,45
600476,-0.023,45
600477,-0.014,45
600478,-0.018,45
600479,-0.019,45
600480,-0.022,45
600481,-0.01,45
600482,-0.011,45
600483,0.015,45
600485,-0.0,45
600486,0.019,45
600487,0.003,45
600488,-0.014,45
600489,-0.022,45
600490,-0.021,45
600491,-0.009,45
600493,-0.022,45
600495,-0.019,45
600496,-0.0,45
600497,-0.02,45
600498,-0.02,45
600499,-0.014,45
600500,0.002,45
600501,-0.024,45
600502,-0.023,45
600503,-0.018,45
600505,0.024,45
600506,-0.022,45
600507,0.014,45
600508,-0.004,45
600509,-0.016,45
600510,-0.011,45
600511,-0.019,45
600512,-0.001,45
600513,-0.005,45
600515,-0.021,45
600516,-0.012,45
600517,-0.011,45
600518,-0.016,45
600519,0.001,45
600520,-0.019,45
600521,0.015,45
600522,-0.018,45
600523,-0.015,45
600525,-0.018,45
600526,-0.002,45
600527,-0.009,45
600528,-0.009,45
600529,-0.01,45
600530,-0.011,45
600531,-0.019,45
600532,0.003,45
600533,-0.02,45
600535,-0.011,45
600536,-0.006,45
600537,-0.019,45
600538,-0.024,45
600539,-0.01,45
600540,-0.019,45
600543,-0.025,45
600545,-0.021,45
600546,0.004,45
600547,-0.015,45
600548,0.013,45
600549,-0.02,45
600550,-0.023,45
600551,-0.016,45
600552,-0.009,45
600555,-0.021,45
600556,0.023,45
600557,-0.021,45
600558,-0.004,45
600559,-0.021,45
600560,-0.02,45
600561,-0.009,45
600562,-0.019,45
600563,-0.008,45
600565,-0.015,45
600566,-0.025,45
600567,0.014,45
600568,-0.009,45
600569,0.001,45
600570,-0.002,45
600571,-0.013,45
600572,-0.009,45
600573,-0.02,45
600575,-0.014,45
600576,0.002,45
600577,-0.003,45
600578,0.009,45
600579,-0.027,45
600580,0.021,45
600581,-0.002,45
600582,-0.02,45
600583,0.02,45
600584,0.019,45
600585,0.018,45
600586,-0.018,45
600587,-0.024,45
600588,-0.015,45
600589,-0.019,45
600590,-0.012,45
600592,-0.004,45
600593,0.014,45
600594,-0.013,45
600595,0.024,45
600596,-0.019,45
600597,0.015,45
600598,-0.014,45
600599,-0.008,45
600600,0.014,45
600601,-0.009,45
600602,-0.0,45
600603,-0.022,45
600604,-0.018,45
600605,0.006,45
600606,-0.023,45
600608,-0.021,45
600609,-0.012,45
600610,-999.0,0
600611,-0.019,45
600612,-0.009,45
600613,-0.021,45
600614,-0.018,45
600615,0.015,45
600616,-0.023,45
600617,-0.013,45
600618,-0.023,45
600619,-0.021,45
600620,-0.023,45
600621,0.004,45
600622,-0.02,45
600623,-0.024,45
600624,-0.012,45
600626,-0.024,45
600628,0.018,45
600629,-0.021,45
600630,-0.017,45
600633,-0.01,45
600634,0.006,45
600635,-0.019,45
600636,-0.021,45
600637,-0.014,45
600638,-0.01,45
600639,-0.024,45
600640,0.013,45
600641,0.01,45
600642,0.005,45
600643,-0.008,45
600644,-0.017,45
600645,-0.013,45
600647,-0.025,45
600648,-0.019,45
600649,-0.004,45
600650,-0.023,45
600651,0.004,45
600652,-0.017,45
600653,-0.013,45
600654,0.008,45
600655,-0.017,45
600657,-0.02,45
600658,-0.003,45
600660,0.009,45
600661,-0.02,45
600662,-0.014,45
600663,-0.017,45
600664,-0.015,45
600665,-0.015,45
600666,-0.01,45
600667,-0.013,45
600668,-0.017,45
600671,-0.022,45
600673,0.024,45
600674,-0.014,45
600675,-0.013,45
600676,-0.015,45
600677,-0.018,45
600678,0.01,45
600679,-0.017,45
600681,-0.016,45
600682,-0.02,45
600683,0.012,45
600684,-0.014,45
600685,-0.023,45
600686,-0.02,45
600687,-0.015,45
600688,-0.02,45
600689,-0.015,45
600690,0.017,45
600691,-0.023,45
600692,-0.024,45
600693,0.002,45
600694,-0.007,45
600695,-0.021,45
600696,-0.007,45
600697,-0.022,45
600698,-0.008,45
600699,-0.008,45
600701,-0.007,45
600702,-0.001,45
600703,0.02,45
600704,-0.02,45
600705,-0.016,45
600706,-0.02,45
600707,-0.021,45
600708,-0.021,45
600710,-0.014,45
600711,-0.019,45
600712,0.003,45
600713,0.014,45
600714,-0.006,45
600715,-0.016,45
600716,-0.016,45
600717,-0.012,45
600718,-0.006,45
600719,-0.024,45
600720,0.011,45
600721,0.004,45
600722,-0.02,45
600723,-0.01,45
600724,-0.006,45
600725,-0.021,45
600726,-0.01,45
600727,0.001,45
600728,-0.012,45
600729,-0.016,45
600730,-0.018,45
600731,-0.011,45
600732,-0.002,45
600733,-0.018,45
600734,-0.018,45
600735,0.001,45
600736,-0.023,45
600737,-0.022,45
600738,-0.018,45
600739,0.018,45
600740,-0.017,45
600741,0.017,45
600742,-0.006,45
600743,-0.009,45
600744,-0.013,45
600745,0.021,45
600746,-0.009,45
600747,-999.0,0
600748,-0.014,45
600749,-0.02,45
600750,-0.01,45
600751,-0.01,45
600753,-0.003,45
600754,0.01,45
600755,-0.02,45
600756,-0.01,45
600757,-0.014,45
600758,-0.019,45
600759,-0.022,45
600760,-0.012,45
600761,-0.005,45
600763,0.003,45
600764,-0.014,45
600765,-0.018,45
600766,-0.023,45
600767,-0.017,45
600768,-0.02,45
600769,-0.02,45
600770,-0.016,45
600771,-0.017,45
600773,-0.019,45
600774,-0.024,45
600775,-0.02,45
600776,-0.015,45
600777,0.001,45
600778,-0.006,45
600779,0.024,45
600780,-0.012,45
600781,-0.004,45
600782,0.014,45
600783,-0.009,45
600784,-0.022,45
600785,-0.014,45
600787,-0.015,45
600789,0.003,45
600790,-0.02,45
600791,-0.01,45
600792,-0.001,45
600793,-0.014,45
600794,-0.015,45
600795,-0.017,45
600796,0.003,45
600797,0.011,45
600798,-0.018,45
600800,0.0,45
600801,0.014,45
600802,-0.007,45
600803,-0.017,45
600804,-0.02,45
600805,-0.019,45
600807,-0.021,45
600808,0.001,45
600809,0.015,45
600810,-0.014,45
600811,-0.017,45
600812,0.005,45
600814,-0.004,45
600815,-0.013,45
600816,-0.017,45
600817,-0.017,45
600818,0.019,45
600819,0.0,45
600820,-0.006,45
600821,-0.019,45
600822,-0.017,45
600823,-0.021,45
600824,-0.017,45
600825,0.017,45
600826,-0.016,45
600827,-0.009,45
600828,-0.021,45
600829,-0.022,45
600830,-0.022,45
600831,-0.018,45
600833,-0.024,45
600834,-0.019,45
600835,-0.02,45
600836,0.01,45
600837,-0.015,45
600838,-0.022,45
600839,0.0,45
600841,-0.019,45
600843,-0.019,45
600844,0.001,45
600845,-0.006,45
600846,0.019,45
600847,-0.02,45
600848,-0.015,45
600850,-0.009,45
600851,0.01,45
600853,-0.011,45
600854,-0.017,45
600855,-0.013,45
600856,-0.014,45
600857,-0.017,45
600858,0.009,45
600859,-0.023,45
600860,-0.009,45
600861,-0.023,45
600862,0.006,45
600863,-0.024,45
600864,-0.02,45
600865,-0.002,45
600866,-0.017,45
600867,-0.018,45
600868,-0.008,45
600869,-0.002,45
600870,-0.017,45
600871,-0.013,45
600872,0.005,45
600873,-0.02,45
600874,-0.015,45
600875,-0.014,45
600876,0.008,45
600877,-0.025,45
600879,-0.014,45
600880,-0.0,45
600881,-0.011,45
600882,-0.018,45
600883,-0.018,45
600884,0.012,45
600885,0.023,45
600886,-0.008,45
600887,0.014,45
600888,-0.018,45
600889,-0.019,45
600890,0.02,45
600891,-0.005,45
600892,0.017,45
600893,-0.018,45
600894,-0.022,45
600895,-0.017,45
600896,-0.019,45
600897,-0.01,45
600898,-0.013,45
600900,-0.001,45
600901,0.005,45
600903,0.002,45
600908,-0.013,45
600909,-0.018,45
600917,-0.006,45
600919,-0.0,45
600926,0.003,45
600929,-0.022,45
600933,0.018,45
600936,-0.024,45
600939,-0.023,45
600958,-0.016,45
600959,-0.024,45
600960,-0.019,45
600961,-0.019,45
600962,-0.024,45
600963,-0.02,45
600965,-0.021,45
600966,0.018,45
600967,-0.015,45
600969,-0.019,45
600970,0.008,45
600971,-0.004,45
600973,-0.011,45
600975,-0.018,45
600976,-0.002,45
600977,-0.001,45
600978,-0.024,45
600979,0.007,45
600980,-0.02,45
600981,-0.015,45
600982,-0.016,45
600983,-0.021,45
600984,-0.003,45
600985,-0.022,45
600986,-0.001,45
600987,-0.009,45
600988,-0.006,45
600990,-0.02,45
600992,-0.022,45
600993,0.009,45
600995,0.006,45
600996,-0.023,45
600997,-0.018,45
600998,-0.019,45
600999,-0.006,45
601000,-0.004,45
601001,-0.006,45
601002,-0.023,45
601003,-0.004,45
601005,-0.007,45
601006,0.018,45
601007,-0.023,45
601008,-0.021,45
601009,-0.02,45
601010,-0.016,45
601011,-0.025,45
601012,-0.008,45
601015,-0.022,45
601016,-0.022,45
601018,-0.014,45
601019,-0.023,45
601020,-0.013,45
601021,-0.013,45
601028,0.006,45
601038,-0.017,45
601058,0.012,45
601066,-0.008,45
601068,-0.023,45
601069,-0.013,45
601086,-0.022,45
601088,-0.021,45
601098,-0.017,45
601099,-0.011,45
601100,0.019,45
601101,-0.014,45
601106,-0.017,45
601107,0.003,45
601108,-0.015,45
601111,0.01,45
601113,-0.008,45
601116,-0.014,45
601117,0.013,45
601118,0.007,45
601126,-0.017,45
601127,-0.004,45
601128,-0.001,45
601137,-0.019,45
601138,0.017,45
601139,0.002,45
601155,0.015,45
601158,-0.017,45
601162,-0.022,45
601163,0.006,45
601166,0.006,45
601168,-0.014,45
601169,0.003,45
601177,-0.02,45
601179,-0.002,45
601186,-0.004,45
601188,-0.017,45
601198,-0.007,45
601199,-0.018,45
601200,-0.014,45
601208,-0.02,45
601211,-0.015,45
601212,-0.02,45
601216,-0.006,45
601218,-0.01,45
601222,-0.015,45
601225,-0.011,45
601226,-0.015,45
601228,-0.011,45
601229,-0.013,45
601231,0.015,45
601233,0.0,45
601238,-0.013,45
601258,-0.0,45
601288,0.008,45
601298,-0.025,45
601311,-0.015,45
601318,-0.015,45
601319,-0.025,45
601326,-0.017,45
601328,-0.012,45
601330,-0.019,45
601333,-0.017,45
601336,-0.022,45
601339,-0.01,45
601360,-0.019,45
601366,-0.019,45
601368,-0.019,45
601369,-0.02,45
601375,-0.016,45
601377,-0.004,45
601388,-0.014,45
601390,-0.02,45
601398,0.006,45
601500,-0.016,45
601515,-0.02,45
601518,-0.02,45
601519,-0.009,45
601555,-0.02,45
601558,-0.018,45
601566,-0.012,45
601567,-0.013,45
601577,-0.012,45
601579,-0.008,45
601588,-0.021,45
601595,-0.01,45
601599,0.01,45
601600,-0.02,45
601601,-0.013,45
601606,-0.021,45
601607,-0.012,45
601608,-0.016,45
601611,-0.002,45
601615,-0.017,45
601616,-0.018,45
601618,-0.019,45
601619,-0.021,45
601628,0.017,45
601633,0.021,45
601636,0.018,45
601666,-0.005,45
601668,-0.02,45
601669,-0.025,45
601677,-0.007,45
601678,-0.024,45
601688,-0.016,45
601689,0.016,45
601699,-0.017,45
601700,-0.019,45
601717,-0.006,45
601718,-0.022,45
601727,-0.022,45
601766,-0.02,45
601777,-0.017,45
601788,-0.007,45
601789,-0.002,45
601798,-0.015,45
601799,0.019,45
601800,-0.021,45
601801,-0.017,45
601808,0.022,45
601811,-0.013,45
601818,-0.007,45
601828,-0.016,45
601838,0.006,45
601857,-0.024,45
601858,-0.013,45
601860,-0.013,45
601866,-0.013,45
601869,-0.016,45
601872,0.003,45
601877,0.018,45
601878,-0.011,45
601880,-0.013,45
601881,-0.008,45
601882,-0.017,45
601886,-0.007,45
601888,-0.021,45
601890,-0.017,45
601898,-0.008,45
601899,0.021,45
601900,0.007,45
601901,-0.012,45
601908,-0.017,45
601918,0.019,45
601919,-0.002,45
601928,-0.021,45
601929,-0.017,45
601933,-0.024,45
601939,-0.006,45
601949,-0.021,45
601952,0.003,45
601958,-0.005,45
601965,-0.0,45
601966,-0.003,45
601968,0.019,45
601969,0.005,45
601975,-0.016,45
601985,-0.023,45
601988,-0.006,45
601989,-0.014,45
601990,-0.017,45
601991,-0.022,45
601992,-0.015,45
601996,-0.018,45
601997,0.009,45
601998,-0.0,45
601999,-0.015,45
603000,-0.014,45
603001,-0.023,45
603002,-0.008,45
603003,-0.016,45
603005,0.019,45
603006,-0.022,45
603007,-0.018,45
603008,0.022,45
603009,0.017,45
603010,-0.013,45
603011,-0.022,45
603012,-0.002,45
603013,0.01,45
603015,-0.016,45
603016,-0.014,45
603017,-0.024,45
603018,-0.023,45
603019,-0.006,45
603020,-0.008,45
603021,0.019,45
603022,0.018,45
603023,-0.004,45
603025,-0.007,45
603026,0.011,45
603027,-0.006,45
603028,-0.008,45
603029,-0.023,45
603030,0.005,45
603031,0.012,45
603032,-0.018,45
603033,-0.01,45
603035,0.019,45
603036,-0.023,45
603037,-0.017,45
603038,-0.02,45
603039,-0.019,45
603040,0.015,45
603041,-0.01,45
603042,-0.02,45
603043,-0.011,45
603045,-0.024,45
603050,-0.022,45
603055,-0.014,45
603056,-0.024,45
603058,-0.007,45
603059,-0.014,45
603060,-0.021,45
603063,-0.024,45
603066,-0.01,45
603067,-0.021,45
603069,0.014,45
603076,-0.019,45
603077,-0.019,45
603078,-0.018,45
603079,0.001,45
603080,-0.023,45
603081,0.015,45
603083,0.004,45
603085,-0.008,45
603086,-0.024,45
603088,-0.023,45
603089,-0.01,45
603090,-0.015,45
603096,-0.005,45
603098,-0.02,45
603099,-0.017,45
603100,-0.01,45
603101,0.023,45
603103,0.016,45
603105,-0.012,45
603106,-0.018,45
603108,0.003,45
603110,-0.017,45
603111,-0.015,45
603113,-0.017,45
603116,-0.014,45
603117,-0.016,45
603118,-0.016,45
603121,0.012,45
603123,0.012,45
603126,-0.023,45
603127,-0.019,45
603128,-0.021,45
603129,0.01,45
603131,-0.023,45
603133,0.017,45
603136,0.015,45
603138,-0.019,45
603139,-0.013,45
603156,0.011,45
603157,-0.006,45
603158,0.015,45
603159,-0.019,45
603160,0.004,45
603161,-0.018,45
603165,-0.015,45
603166,-0.019,45
603167,0.014,45
603168,-0.023,45
603169,-0.02,45
603177,-0.019,45
603178,-0.005,45
603179,0.02,45
603180,-0.002,45
603181,-0.007,45
603183,-0.015,45
603185,-0.02,45
603186,-0.006,45
603187,-0.022,45
603188,-0.019,45
603189,-0.02,45
603192,-0.012,45
603196,-0.002,45
603197,0.018,45
603198,-0.008,45
603199,-0.023,45
603200,-0.027,45
603203,-0.006,45
603208,0.02,45
603214,0.004,45
603218,-0.016,45
603220,-0.024,45
603222,0.01,45
603223,-0.024,45
603225,0.005,45
603226,-0.011,45
603227,0.017,45
603228,-0.016,45
603229,0.015,45
603232,-0.01,45
603233,-0.021,45
603238,-0.014,45
603239,-0.008,45
603258,-0.003,45
603259,0.011,45
603260,-0.013,45
603266,-0.017,45
603268,-0.01,45
603269,-0.024,45
603277,-0.0,45
603278,-0.026,45
603283,-0.007,45
603286,-0.019,45
603288,0.003,45
603289,-0.022,45
603297,-0.022,45
603298,0.014,45
603299,-0.022,45
603300,-0.016,45
603301,-0.018,45
603303,0.011,45
603305,0.007,45
603306,-0.019,45
603308,-0.011,45
603309,-0.018,45
603311,0.019,45
603313,0.013,45
603315,-0.016,45
603316,0.013,45
603318,-0.029,45
603319,-0.016,45
603320,-0.023,45
603321,-0.006,45
603322,0.004,45
603323,-0.019,45
603326,0.026,45
603328,-0.018,45
603329,-0.023,45
603330,-0.013,45
603331,-0.018,45
603332,0.015,45
603333,0.006,45
603335,-0.018,45
603336,-0.014,45
603337,-0.012,45
603338,0.02,45
603339,-0.024,45
603345,0.017,45
603348,0.0,45
603355,-0.006,45
603356,-0.018,45
603357,-0.019,45
603358,-0.008,45
603359,-0.024,45
603360,-0.017,45
603363,-0.013,45
603365,-0.02,45
603366,0.003,45
603367,0.013,45
603368,-0.018,45
603369,-0.016,45
603377,-0.016,45
603378,0.021,45
603380,-0.016,45
603383,-0.013,45
603385,0.015,45
603386,-0.015,45
603387,-0.014,45
603388,-0.012,45
603389,-0.022,45
603393,0.008,45
603396,-0.023,45
603398,0.003,45
603399,-0.02,45
603416,-0.016,45
603421,-0.01,45
603429,0.004,45
603444,0.011,45
603456,0.005,45
603458,-0.014,45
603466,-0.025,45
603477,0.002,45
603486,-0.019,45
603488,-0.018,45
603496,-0.003,45
603499,-0.024,45
603500,-0.02,45
603501,0.02,45
603505,-0.016,45
603506,0.022,45
603507,0.019,45
603508,-0.021,45
603515,0.001,45
603516,0.007,45
603517,0.004,45
603518,-0.02,45
603519,-0.01,45
603520,0.008,45
603527,-0.02,45
603528,-0.02,45
603533,0.013,45
603535,-0.016,45
603536,0.012,45
603538,0.017,45
603555,0.002,45
603556,-0.021,45
603557,0.001,45
603558,0.014,45
603559,-0.019,45
603566,-0.005,45
603567,-0.018,45
603568,0.009,45
603569,-0.007,45
603577,-0.017,45
603578,-0.006,45
603579,0.011,45
603580,-0.018,45
603583,0.02,45
603585,-0.024,45
603586,-0.014,45
603587,0.016,45
603588,-0.017,45
603589,-0.002,45
603590,-0.022,45
603595,-0.012,45
603596,0.022,45
603598,-0.004,45
603599,-0.014,45
603600,0.004,45
603601,-0.015,45
603602,0.009,45
603603,-0.016,45
603605,0.009,45
603606,-0.018,45
603607,-0.005,45
603608,-0.008,45
603609,-0.008,45
603611,0.016,45
603612,-0.009,45
603615,-0.01,45
603616,-0.021,45
603617,-0.023,45
603618,-0.024,45
603619,-0.019,45
603626,-0.003,45
603628,-0.019,45
603629,-0.019,45
603630,-0.018,45
603633,-0.001,45
603636,-0.011,45
603637,-0.016,45
603638,0.02,45
603639,-0.011,45
603648,-0.02,45
603650,-0.022,45
603655,0.003,45
603656,-0.021,45
603657,-0.018,45
603658,0.011,45
603659,0.023,45
603660,-0.02,45
603661,0.012,45
603663,-0.022,45
603665,-0.01,45
603666,-0.012,45
603667,0.002,45
603668,-0.0,45
603669,-0.021,45
603676,-0.022,45
603677,0.009,45
603678,-0.013,45
603679,-0.012,45
603680,-0.021,45
603683,-0.012,45
603685,-0.012,45
603686,-0.022,45
603688,0.012,45
603689,-0.006,45
603690,0.002,45
603693,-0.02,45
603696,-0.02,45
603698,-0.012,45
603699,0.015,45
603700,-0.02,45
603701,0.002,44
603703,-0.005,45
603706,-0.013,45
603707,0.005,45
603708,-0.018,45
603709,-0.024,45
603711,-0.017,45
603712,-0.017,45
603713,0.013,45
603716,-0.017,45
603717,-0.002,45
603718,-0.008,45
603721,-0.009,45
603722,-0.006,45
603725,-0.021,45
603726,-0.016,45
603727,0.005,45
603728,-0.022,45
603729,-0.004,45
603730,0.007,45
603733,-0.011,45
603737,0.022,45
603738,-0.024,45
603739,-0.019,45
603757,-0.008,45
603758,-0.015,45
603766,-0.003,45
603767,-0.017,45
603768,-0.019,45
603773,-0.018,45
603776,-0.02,45
603777,-0.018,45
603778,-0.002,45
603779,-0.019,45
603787,-0.024,45
603788,0.017,45
603789,-0.018,45
603790,0.01,45
603797,-0.02,45
603798,-0.017,45
603799,0.017,45
603800,-0.015,45
603801,-0.005,45
603803,-0.017,45
603806,-0.007,45
603808,-0.022,45
603809,-0.02,45
603810,-0.021,45
603811,-0.012,45
603813,-0.015,45
603816,0.018,45
603817,-0.023,45
603818,0.017,45
603819,0.009,45
603822,-0.02,45
603823,-0.004,45
603825,0.011,45
603826,0.019,45
603828,-0.019,45
603829,-0.001,45
603833,-0.02,45
603838,-0.021,45
603839,-0.023,45
603843,-0.02,45
603848,-0.023,45
603855,0.014,45
603856,-0.019,45
603858,0.011,45
603859,-0.016,45
603860,-0.02,45
603861,-0.017,45
603866,-0.01,45
603868,0.007,45
603869,0.002,45
603871,-0.022,45
603876,-0.019,45
603877,0.007,45
603878,0.01,45
603879,0.017,45
603880,-0.015,45
603881,0.01,45
603882,-0.015,45
603883,-0.016,45
603885,0.003,45
603886,0.005,45
603887,0.013,45
603888,0.01,45
603889,-0.012,45
603890,-0.015,45
603895,-0.007,45
603896,-0.011,45
603897,-0.022,45
603898,0.001,45
603899,0.007,45
603900,-0.024,45
603901,0.022,45
603903,-0.018,45
603906,-0.015,45
603908,-0.021,45
603909,0.0,45
603912,-0.013,45
603916,0.009,45
603917,-0.02,45
603918,-0.008,45
603919,0.002,45
603920,-0.006,45
603922,-0.022,45
603926,-0.013,45
603928,-0.021,45
603929,-0.019,45
603933,-0.013,45
603936,-0.017,45
603937,-0.02,45
603938,-0.022,45
603939,-0.014,45
603955,-0.007,45
603958,-0.025,45
603959,-0.023,45
603960,0.008,45
603963,-0.022,45
603966,-0.014,45
603968,-0.02,45
603969,-0.004,45
603970,-0.017,45
603976,0.012,45
603977,-0.02,45
603978,-0.018,45
603979,0.009,45
603980,-0.025,45
603985,-0.022,45
603986,0.017,45
603987,-0.017,45
603988,-0.009,45
603989,0.001,45
603990,0.01,45
603991,-0.024,45
603993,-0.002,45
603996,-0.016,45
603997,-0.015,45
603998,-0.005,45
603999,0.011,45
